image_id,condition,pred_company,pred_date,pred_address,pred_total,gt_company,gt_date,gt_address,gt_total
X51006414718,raw_ocr,Aoltl&,20/04/2018,"AEON C0 , (M)",unknown,AEON CO. (M) BHD,20/04/2018,"3RD FLR, AEON TAMAN MALURI SC JLN JEJAKA, TAMAN MALURI CHERAS, 55100 KUALA LUMPUR",46.55
X51006414718,raw_ocr_llm,Aeon Taman Maluri,20/04/2018,"AEON TAMAN MALURI SC, JLJ JEJAKA, TAMAN MALURI CHERAS, 55100 KUALA LUMPUR",100.00,AEON CO. (M) BHD,20/04/2018,"3RD FLR, AEON TAMAN MALURI SC JLN JEJAKA, TAMAN MALURI CHERAS, 55100 KUALA LUMPUR",46.55
X51006414718,multimodal_ocr,1. Store Name: Albertsons,unknown,unknown,unknown,AEON CO. (M) BHD,20/04/2018,"3RD FLR, AEON TAMAN MALURI SC JLN JEJAKA, TAMAN MALURI CHERAS, 55100 KUALA LUMPUR",46.55
X51006414718,multimodal_ocr_llm,Albertsons,unknown,unknown,unknown,AEON CO. (M) BHD,20/04/2018,"3RD FLR, AEON TAMAN MALURI SC JLN JEJAKA, TAMAN MALURI CHERAS, 55100 KUALA LUMPUR",46.55
X51005746207,raw_ocr,SUPER SEVEN CASH,21-03-2018,(590 150-A),"18,30",SUPER SEVEN CASH & CARRY SDN BHD,21-03-2018,"NO. 1 JALAN EURO 1 OFF JALAN BATU TIGA SUNGAI BULOH SEKSYEN U3 SHAH ALAM, 40150",RM18.30
X51005746207,raw_ocr_llm,SUPER SEVEN CASH & CARRY SDN 'BHD,21/03/2018,"Off Jalan Batu Tiga, Sungai Buloh Seksyen U3 Shah Alam,40150",18.30,SUPER SEVEN CASH & CARRY SDN BHD,21-03-2018,"NO. 1 JALAN EURO 1 OFF JALAN BATU TIGA SUNGAI BULOH SEKSYEN U3 SHAH ALAM, 40150",RM18.30
X51005746207,multimodal_ocr,1. Store Name: Sama'ang kabupang saat atau salah satu ang kita saat atau salah salah salah salah salah salah salah salah salah salah salah salah salah salah salah salah salah salah salah salah salah salah salah salah salah salah salah salah salah salah salah salah salah salah salah salah salah salah salah salah salah salah salah salah salah salah salah salah salah salah salah salah salah salah salah salah salah salah salah salah salah salah salah salah salah salah salah salah salah salah salah salah salah salah salah salah salah salah salah salah salah salah salah salah salah salah salah salah salah salah salah salah salah salah salah salah salah salah salah salah salah salah salah salah salah salah salah salah salah salah salah salah salah salah salah salah salah salah salah salah salah salah salah salah salah salah salah salah salah salah salah salah salah salah salah salah salah salah salah salah salah salah salah salah salah salah salah salah salah salah salah salah salah salah salah salah salah salah salah salah salah salah salah salah salah salah salah salah salah salah salah salah salah salah salah salah salah salah salah salah salah salah salah salah salah salah salah salah salah salah salah salah salah salah salah salah salah salah salah salah salah salah salah salah salah salah salah salah salah salah salah salah salah salah salah salah salah salah salah salah salah salah salah salah salah salah salah salah salah salah salah salah salah salah salah salah salah salah salah salah salah salah salah salah salah salah salah salah salah salah salah salah salah salah salah salah salah salah salah salah salah salah salah salah salah salah salah salah salah salah salah salah salah salah salah salah salah salah salah salah salah salah salah salah salah salah salah salah salah salah salah salah salah salah salah salah salah salah salah salah salah salah salah salah salah salah salah salah salah salah salah salah salah salah salah salah salah salah salah salah salah salah salah salah salah salah salah salah salah salah salah salah salah salah salah salah salah salah salah salah salah salah salah salah salah salah salah salah salah salah salah salah salah salah salah salah salah salah salah salah salah salah salah salah salah salah salah salah salah salah salah salah salah salah salah salah salah salah salah salah salah salah salah salah salah salah salah salah salah salah salah salah salah salah salah salah salah salah salah salah salah salah salah salah salah salah salah salah salah salah salah salah salah salah salah salah salah salah salah salah salah salah salah salah salah salah salah salah salah salah salah salah salah salah salah salah salah salah salah salah salah salah salah salah salah salah salah salah salah salah salah salah salah salah salah salah salah salah salah salah salah salah salah salah salah salah salah salah salah salah salah salah salah salah salah salah salah salah salah salah salah salah salah salah salah salah salah salah salah salah salah salah salah salah salah salah salah salah salah salah salah salah salah salah salah salah salah salah salah salah salah salah salah salah salah salah salah salah salah salah salah salah salah salah salah salah salah salah salah salah salah salah salah salah salah salah salah salah salah salah salah salah salah salah salah salah salah salah salah salah salah salah salah salah salah salah salah salah salah salah salah salah salah salah salah salah salah salah salah salah salah salah salah salah salah salah salah salah salah salah salah salah salah salah salah salah salah salah salah salah salah salah salah salah salah salah salah salah salah salah salah salah salah salah salah salah salah salah salah salah salah,unknown,unknown,unknown,SUPER SEVEN CASH & CARRY SDN BHD,21-03-2018,"NO. 1 JALAN EURO 1 OFF JALAN BATU TIGA SUNGAI BULOH SEKSYEN U3 SHAH ALAM, 40150",RM18.30
X51005746207,multimodal_ocr_llm,Sama'ang Kabupaten,unknown,unknown,unknown,SUPER SEVEN CASH & CARRY SDN BHD,21-03-2018,"NO. 1 JALAN EURO 1 OFF JALAN BATU TIGA SUNGAI BULOH SEKSYEN U3 SHAH ALAM, 40150",RM18.30
X51005442334,raw_ocr,A03128,unknown,"26 Mar 2018 18,;14",58.20,UNIHAKKA INTERNATIONAL SDN BHD,26 MAR 2018,"12, JALAN TAMPOI 7/4,KAWASAN PARINDUSTRIAN TAMPOI,81200 JOHOR BAHRU,JOHOR",$8.20
X51005442334,raw_ocr_llm,Unihakka International Sdn Bhd,26/03/2018,"12, Jalan Tampoi 7/4,Kawasan Perindustrian Tampoi, 81200 Johor Bahru,Johor",58.20,UNIHAKKA INTERNATIONAL SDN BHD,26 MAR 2018,"12, JALAN TAMPOI 7/4,KAWASAN PARINDUSTRIAN TAMPOI,81200 JOHOR BAHRU,JOHOR",$8.20
X51005442334,multimodal_ocr,Universal Accounting Treatment for Tax Purposes (UATP) Act of 1997,unknown,unknown,unknown,UNIHAKKA INTERNATIONAL SDN BHD,26 MAR 2018,"12, JALAN TAMPOI 7/4,KAWASAN PARINDUSTRIAN TAMPOI,81200 JOHOR BAHRU,JOHOR",$8.20
X51005442334,multimodal_ocr_llm,unknown,unknown,unknown,unknown,UNIHAKKA INTERNATIONAL SDN BHD,26 MAR 2018,"12, JALAN TAMPOI 7/4,KAWASAN PARINDUSTRIAN TAMPOI,81200 JOHOR BAHRU,JOHOR",$8.20
X51006713996,raw_ocr,"SKCA HARDHARE & TIMBER SDN. BHD , =",unknown,946207-0,unknown,SKCA HARDWARE & TIMBER SDN. BHD.,01-NOV-2017,"LOT 204 & 205, JALAN BATU 12 1/4, KG. DUSUN NANDING, 43100 HULU LANGAT, SELANGOR DARUL EHSAN.",142.00
X51006713996,raw_ocr_llm,SKCA Hardware & Timber Sdn. Bhd.,01/11/2017,"KG Dusun Nanling, 43100 Hulu Langat, Selangor Darul Ehsan.",142.00,SKCA HARDWARE & TIMBER SDN. BHD.,01-NOV-2017,"LOT 204 & 205, JALAN BATU 12 1/4, KG. DUSUN NANDING, 43100 HULU LANGAT, SELANGOR DARUL EHSAN.",142.00
X51006713996,multimodal_ocr,SKCA HARDWARE TIMBER SON BHD 130112-BHD 2D-2D-2D-2D-2D-2D-2D-2D-2D-2D-2D-2D-2D-2D-2D-2D-2D-2D-2D-2D-2D-2D-2D-2D-2D-2D-2D-2D-2D-2D-2D-2D-2D-2D-2D-2D-2D-2D-2D-2D-2D-2D-2D-2D-2D-2D-2D-2D-2D-2D-2D-2D-2D-2D-2D-2D-2D-2D-2D-2D-2D-2D-2D-2D-2D-2D-2D-2D-2D-2D-2D-2D-2D-2D-2D-2D-2D-2D-2D-2D-2D-2D-2D-2D-2D-2D-2D-2D-2D-2D-2D-2D-2D-2D-2D-2D-2D-2D-2D-2D-2D-2D-2D-2D-2D-2D-2D-2D-2D-2D-2D-2D-2D-2D-2D-2D-2D-2D-2D-2D-2D-2D-2D-2D-2D-2D-2D-2D-2D-2D-2D-2D-2D-2D-2D-2D-2D-2D-2D-2D-2D-2D-2D-2D-2D-2D-2D-2D-2D-2D-2D-2D-2D-2D-2D-2D-2D-2D-2D-2D-2D-2D-2D-2D-2D-2D-2D-2D-2D-2D-2D-2D-2D-2D-2D-2D-2D-2D-2D-2D-2D-2D-2D-2D-2D-2D-2D-2D-2D-2D-2D-2D-2D-2D-2D-2D-2D-2D-2D-2D-2D-2D-2D-2D-2D-2D-2D-2D-2D-2D-2D-2D-2D-2D-2D-2D-2D-2D-2D-2D-2D-2D-2D-2D-2D-2D-2D-2D-2D-2D-2D-2D-2D-2D-2D-2D-2D-2D-2D-2D-2D-2D-2D-2D-2D-2D-2D-2D-2D-2D-2D-2D-2D-2D-2D-2D-2D-2D-2D-2D-2D-2D-2D-2D-2D-2D-2D-2D-2D-2D-2D-2D-2D-2D-2D-2D-2D-2D-2D-2D-2D-2D-2D-2D-2D-2D-2D-2D-2D-2D-2D-2D-2D-2D-2D-2D-2D-2D-2D-2D-2D-2D-2D-2D-2D-2D-2D-2D-2D-2D-2D-2D-2D-2D-2D-2D-2D-2D-2D-2D-2D-2D-2D-2D-2D-2D-2D-2D-2D-2D-2D-2D-2D-2D-2D-2D-2D-2D-2D-2D-2D-2D-2D-2D-2D-2D-2D-2D-2D-2D-2D-2D-2D-2D-2D-2D-2D-2D-2D-2D-2D-2D-2D-2D-2D-2D-2D-2D-2D-2D-2D-2D-2D-2D-2D-2D-2D-2D-2D-2D-2D-2D-2D-2D-2D-2D-2D-2D-2D-2D-2D-2D-2D-2D-2D-2D-2D-2D-2D-2D-2D-2D-2D-2D-2D-2D-2D-2D-2D-2D-2D,unknown,unknown,unknown,SKCA HARDWARE & TIMBER SDN. BHD.,01-NOV-2017,"LOT 204 & 205, JALAN BATU 12 1/4, KG. DUSUN NANDING, 43100 HULU LANGAT, SELANGOR DARUL EHSAN.",142.00
X51006713996,multimodal_ocr_llm,SKCA Hardware Timber Son Bhd,13/01/12,unknown,0.00,SKCA HARDWARE & TIMBER SDN. BHD.,01-NOV-2017,"LOT 204 & 205, JALAN BATU 12 1/4, KG. DUSUN NANDING, 43100 HULU LANGAT, SELANGOR DARUL EHSAN.",142.00
X51007231276,raw_ocr,Aspd {,unknown,02 May 2018 18.16,8.20,UNIHAKKA INTERNATIONAL SDN BHD,02 MAY 2018,"12, JALAN TAMPOI 7/4,KAWASAN PERINDUSTRIAN TAMPOI,81200 JOHOR BAHRU,JOHOR",$8.20
X51007231276,raw_ocr_llm,Unihakka International Sdn Bhd,02/05/2018,"12, Jalan Tampoi 7/4, Kawasan Perindustrian Tampoi, 81200 Johor Bahru, Johor",8.20,UNIHAKKA INTERNATIONAL SDN BHD,02 MAY 2018,"12, JALAN TAMPOI 7/4,KAWASAN PERINDUSTRIAN TAMPOI,81200 JOHOR BAHRU,JOHOR",$8.20
X51007231276,multimodal_ocr,unknown,unknown,unknown,unknown,UNIHAKKA INTERNATIONAL SDN BHD,02 MAY 2018,"12, JALAN TAMPOI 7/4,KAWASAN PERINDUSTRIAN TAMPOI,81200 JOHOR BAHRU,JOHOR",$8.20
X51007231276,multimodal_ocr_llm,unknown,unknown,unknown,unknown,UNIHAKKA INTERNATIONAL SDN BHD,02 MAY 2018,"12, JALAN TAMPOI 7/4,KAWASAN PERINDUSTRIAN TAMPOI,81200 JOHOR BAHRU,JOHOR",$8.20
X51006619869,raw_ocr,HOME,12/06/2016,1 UTAMA shoppinG CENTRE,unknown,MONSIEUR ( M ) SDN. BHD.,12/06/2016,"LOT S319A, 2ND FLOOR, 1 UTAMA SHOPPING CENTRE - PHASE 2 PERSIARAN BANDAR UTAMA, 47800 PETALING JAYA. MALAYSIA",23.20
X51006619869,raw_ocr_llm,Home HarmonY,12/06/2016,"Lot S3194, Znd Floor, 1 Utama Shopping Centre Phase 2 Fersiaram Bandar Utama, 47800 Petaling Malaysia",23.20,MONSIEUR ( M ) SDN. BHD.,12/06/2016,"LOT S319A, 2ND FLOOR, 1 UTAMA SHOPPING CENTRE - PHASE 2 PERSIARAN BANDAR UTAMA, 47800 PETALING JAYA. MALAYSIA",23.20
X51006619869,multimodal_ocr,1. Hope's Harmony - 1st Floor - Utama Shopping Centre - 12/10/1998 - 12/18/1998 - 1:30 PM - 2:00 PM - 1:30 PM - 1:30 PM,12/10/1998,unknown,unknown,MONSIEUR ( M ) SDN. BHD.,12/06/2016,"LOT S319A, 2ND FLOOR, 1 UTAMA SHOPPING CENTRE - PHASE 2 PERSIARAN BANDAR UTAMA, 47800 PETALING JAYA. MALAYSIA",23.20
X51006619869,multimodal_ocr_llm,Hope's Harmony,12/10/1998,"Utama Shopping Centre, 1st Floor",unknown,MONSIEUR ( M ) SDN. BHD.,12/06/2016,"LOT S319A, 2ND FLOOR, 1 UTAMA SHOPPING CENTRE - PHASE 2 PERSIARAN BANDAR UTAMA, 47800 PETALING JAYA. MALAYSIA",23.20
X51006619338,raw_ocr,99 SPEED Nart S/8 (519537-X),31-01-16,"Lot P.T: 33198,  BaTU",unknown,99 SPEED MART S/B,31-01-16,"LOT P.T. 33198, BATU 4 JALAN KAPAR, MUKIM KAPAR 42100 KLANG, SELANGOR 1320-TMN BATU",262.20
X51006619338,raw_ocr_llm,Nart S/8,31-01-16,"JalAN Kapar, HUKIM Kapar, 42100 KLANG, SELANGOR",262.20,99 SPEED MART S/B,31-01-16,"LOT P.T. 33198, BATU 4 JALAN KAPAR, MUKIM KAPAR 42100 KLANG, SELANGOR 1320-TMN BATU",262.20
X51006619338,multimodal_ocr,Speed Mart Sdn Bhd. (No. 5) Sdn Bhd. (No. 3) Sdn Bhd. (No. 1) Sdn Bhd. (No. 2) Sdn Bhd. (No. 4) Sdn Bhd. (No. 6) Sdn Bhd. (No. 7) Sdn Bhd. (No. 8) Sdn Bhd. (No. 9) Sdn Bhd. (No. 10) Sdn Bhd. (No. 11) Sdn Bhd. (No. 12) Sdn Bhd. (No. 13) Sdn Bhd. (No. 14) Sdn Bhd. (No. 15) Sdn Bhd. (No. 16) Sdn Bhd. (No. 17) Sdn Bhd. (No. 18) Sdn Bhd. (No. 19) Sdn Bhd. (No. 20) Sdn Bhd. (No. 21) Sdn Bhd. (No. 22) Sdn Bhd. (No. 23) Sdn Bhd. (No. 24) Sdn Bhd. (No. 25) Sdn Bhd. (No. 26) Sdn Bhd. (No. 27) Sdn Bhd. (No. 28) Sdn Bhd. (No. 29) Sdn Bhd. (No. 30) Sdn Bhd. (No. 31) Sdn Bhd. (No. 32) Sdn Bhd. (No. 33) Sdn Bhd. (No. 34) Sdn Bhd. (No. 35) Sdn Bhd. (No. 36) Sdn Bhd. (No. 37) Sdn Bhd. (No. 38) Sdn Bhd. (No. 39) Sdn Bhd. (No. 40) Sdn Bhd. (No. 41) Sdn Bhd. (No. 42) Sdn Bhd. (No. 43) Sdn Bhd. (No. 44) Sdn Bhd. (No. 45) Sdn Bhd. (No. 46) Sdn Bhd. (No. 47) Sdn Bhd. (No. 48) Sdn Bhd. (No. 49) Sdn Bhd. (No. 50) Sdn Bhd. (No. 51) Sdn Bhd. (No. 52) Sdn Bhd. (No. 53) Sdn Bhd. (No. 54) Sdn Bhd. (No. 55) Sdn Bhd. (No. 56) Sdn Bhd. (No. 57) Sdn Bhd. (No. 58) Sdn Bhd. (No. 59) Sdn Bhd. (No. 60) Sdn Bhd. (No. 61) Sdn Bhd. (No. 62) Sdn Bhd. (No. 63) Sdn Bhd. (No. 64) Sdn Bhd. (No. 65) Sdn Bhd. (No. 66) Sdn Bhd. (No. 67) Sdn Bhd. (No. 68) Sdn Bhd. (No. 69) Sdn Bhd. (No. 70) Sdn Bhd. (No. 71) Sdn Bhd. (No. 72) Sdn Bhd. (No. 73) Sdn Bhd. (No. 74) Sdn Bhd. (No. 75) Sdn Bhd. (No. 76) Sdn Bhd. (No. 77) Sdn Bhd. (No. 78) Sdn Bhd. (No. 79) Sdn Bhd. (No. 80) Sdn Bhd. (No. 81) Sdn Bhd. (No. 82) Sdn Bhd. (No. 83) Sdn Bhd. (No. 84) Sdn Bhd. (No. 85) Sdn Bhd. (No. 86) Sdn Bhd. (No. 87) Sdn Bhd. (No. 88) Sdn Bhd. (No. 89) Sdn Bhd. (No. 90) Sdn Bhd. (No. 91) Sdn Bhd. (No. 92) Sdn Bhd. (No. 93) Sdn Bhd. (No. 94) Sdn Bhd. (No. 95) Sdn Bhd. (No. 96) Sdn Bhd. (No. 97) Sdn Bhd. (No. 98) Sdn Bhd. (No. 99) Sdn Bhd. (No. 100),unknown,unknown,unknown,99 SPEED MART S/B,31-01-16,"LOT P.T. 33198, BATU 4 JALAN KAPAR, MUKIM KAPAR 42100 KLANG, SELANGOR 1320-TMN BATU",262.20
X51006619338,multimodal_ocr_llm,Speed Mart Sdn Bhd,unknown,unknown,unknown,99 SPEED MART S/B,31-01-16,"LOT P.T. 33198, BATU 4 JALAN KAPAR, MUKIM KAPAR 42100 KLANG, SELANGOR 1320-TMN BATU",262.20
X51006008206,raw_ocr,Burger King,18/03/27,Lot SATMZ 23_,unknown,DEWINA HOST SDN BHD,2018/03/27,"LOT SATMZ 23, MEZZANINE LEVEL SATELLITE BUILDING KUALA LUMPUR INTERNATIONAL AIRPORT",RM63.90
X51006008206,raw_ocr_llm,Burger King,27/03/2018,"Kuala Lumpur International Airport, Mezzanine Level, Satellite Building",63.90,DEWINA HOST SDN BHD,2018/03/27,"LOT SATMZ 23, MEZZANINE LEVEL SATELLITE BUILDING KUALA LUMPUR INTERNATIONAL AIRPORT",RM63.90
X51006008206,multimodal_ocr,"Burger King Lot Sama Zincmine Level Kukia Lunch Building Airport Kuala Lumpur Kuala Lumpur Kuala Lumpur Kuala Lumpur Kuala Lumpur Kuala Lumpur Kuala Lumpur Kuala Lumpur Kuala Lumpur Kuala Lumpur Kuala Lumpur Kuala Lumpur Kuala Lumpur Kuala Lumpur Kuala Lumpur Kuala Lumpur Kuala Lumpur Kuala Lumpur Kuala Lumpur Kuala Lumpur Kuala Lumpur Kuala Lumpur Kuala Lumpur Kuala Lumpur Kuala Lumpur Kuala Lumpur Kuala Lumpur Kuala Lumpur Kuala Lumpur Kuala Lumpur Kuala Lumpur Kuala Lumpur Kuala Lumpur Kuala Lumpur Kuala Lumpur Kuala Lumpur Kuala Lumpur Kuala Lumpur Kuala Lumpur Kuala Lumpur Kuala Lumpur Kuala Lumpur Kuala Lumpur Kuala Lumpur Kuala Lumpur Kuala Lumpur Kuala Lumpur Kuala Lumpur Kuala Lumpur Kuala Lumpur Kuala Lumpur Kuala Lumpur Kuala Lumpur Kuala Lumpur Kuala Lumpur Kuala Lumpur Kuala Lumpur Kuala Lumpur Kuala Lumpur Kuala Lumpur Kuala Lumpur Kuala Lumpur Kuala Lumpur Kuala Lumpur Kuala Lumpur Kuala Lumpur Kuala Lumpur Kuala Lumpur Kuala Lumpur Kuala Lumpur Kuala Lumpur Kuala Lumpur Kuala Lumpur Kuala Lumpur Kuala Lumpur Kuala Lumpur Kuala Lumpur Kuala Lumpur Kuala Lumpur Kuala Lumpur Kuala Lumpur Kuala Lumpur Kuala Lumpur Kuala Lumpur Kuala Lumpur Kuala Lumpur Kuala Lumpur Kuala Lumpur Kuala Lumpur Kuala Lumpur Kuala Lumpur Kuala Lumpur Kuala Lumpur Kuala Lumpur Kuala Lumpur Kuala Lumpur Kuala Lumpur Kuala Lumpur Kuala Lumpur Kuala Lumpur Kuala Lumpur Kuala Lumpur Kuala Lumpur Kuala Lumpur Kuala Lumpur Kuala Lumpur Kuala Lumpur Kuala Lumpur Kuala Lumpur Kuala Lumpur Kuala Lumpur Kuala Lumpur Kuala Lumpur Kuala Lumpur Kuala Lumpur Kuala Lumpur Kuala Lumpur Kuala Lumpur Kuala Lumpur Kuala Lumpur Kuala Lumpur Kuala Lumpur Kuala Lumpur Kuala Lumpur Kuala Lumpur Kuala Lumpur Kuala Lumpur Kuala Lumpur Kuala Lumpur Kuala Lumpur Kuala Lumpur Kuala Lumpur Kuala Lumpur Kuala Lumpur Kuala Lumpur Kuala Lumpur Kuala Lumpur Kuala Lumpur Kuala Lumpur Kuala Lumpur Kuala Lumpur Kuala Lumpur Kuala Lumpur Kuala Lumpur Kuala Lumpur Kuala Lumpur Kuala Lumpur Kuala Lumpur Kuala Lumpur Kuala Lumpur Kuala Lumpur Kuala Lumpur Kuala Lumpur Kuala Lumpur Kuala Lumpur Kuala Lumpur Kuala Lumpur Kuala Lumpur Kuala Lumpur Kuala Lumpur Kuala Lumpur Kuala Lumpur Kuala Lumpur Kuala Lumpur Kuala Lumpur Kuala Lumpur Kuala Lumpur Kuala Lumpur Kuala Lumpur Kuala Lumpur Kuala Lumpur Kuala Lumpur Kuala Lumpur Kuala Lumpur Kuala Lumpur Kuala Lumpur Kuala Lumpur Kuala Lumpur Kuala Lumpur Kuala Lumpur Kuala Lumpur Kuala Lumpur Kuala Lumpur Kuala Lumpur Kuala Lumpur Kuala Lumpur Kuala Lumpur Kuala Lumpur Kuala Lumpur Kuala Lumpur Kuala Lumpur Kuala Lumpur Kuala Lumpur Kuala Lumpur Kuala Lumpur Kuala Lumpur Kuala Lumpur Kuala Lumpur Kuala Lumpur Kuala Lumpur Kuala Lumpur Kuala Lumpur Kuala Lumpur Kuala Lumpur Kuala Lumpur Kuala Lumpur Kuala Lumpur Kuala Lumpur Kuala Lumpur Kuala Lumpur Kuala Lumpur Kuala Lumpur Kuala Lumpur Kuala Lumpur Kuala Lumpur Kuala Lumpur Kuala Lumpur Kuala Lumpur Kuala Lumpur Kuala Lumpur Kuala Lumpur Kuala Lumpur Kuala Lumpur Kuala Lumpur Kuala Lumpur Kuala Lumpur Kuala Lumpur Kuala Lumpur Kuala Lumpur Kuala Lumpur Kuala Lumpur Kuala Lumpur Kuala Lumpur Kuala Lumpur Kuala Lumpur Kuala Lumpur Kuala Lumpur Kuala Lumpur Kuala Lumpur Kuala Lumpur Kuala Lumpur Kuala Lumpur Kuala Lumpur Kuala Lumpur Kuala Lumpur Kuala Lumpur Kuala Lumpur Kuala Lumpur Kuala Lumpur Kuala Lumpur Kuala Lumpur Kuala Lumpur Kuala Lumpur Kuala Lumpur Kuala Lumpur Kuala Lumpur Kuala Lumpur Kuala Lumpur Kuala Lumpur Kuala Lumpur Kuala Lumpur Kuala Lumpur Kuala Lumpur Kuala Lumpur Kuala Lumpur Kuala Lumpur Kuala Lumpur Kuala Lumpur Kuala Lumpur Kuala Lumpur Kuala Lumpur Kuala Lumpur Kuala Lumpur Kuala Lumpur Kuala Lumpur Kuala Lumpur Kuala Lumpur Kuala Lumpur Kuala Lumpur Kuala Lumpur Kuala Lumpur Kuala Lumpur Kuala Lumpur Kuala Lumpur Kuala Lumpur Kuala Lumpur Kuala Lumpur Kuala Lumpur Kuala Lumpur Kuala Lumpur Kuala Lumpur Kuala Lumpur Kuala Lumpur Kuala Lumpur Kuala Lumpur Kuala Lumpur Kuala Lumpur Kuala Lumpur Kuala Lumpur Kuala Lumpur Kuala Lumpur Kuala Lumpur Kuala Lumpur Kuala Lumpur Kuala Lumpur Kuala Lumpur Kuala Lumpur Kuala Lumpur Kuala Lumpur Kuala Lumpur Kuala Lumpur Kuala Lumpur Kuala Lumpur Kuala Lumpur Kuala Lumpur Kuala Lumpur Kuala Lumpur Kuala Lumpur Kuala Lumpur Kuala Lumpur Kuala Lumpur Kuala Lumpur Kuala Lumpur Kuala Lumpur Kuala Lumpur Kuala Lumpur Kuala Lumpur Kuala Lumpur Kuala Lumpur Kuala Lumpur Kuala Lumpur Kuala Lumpur Kuala Lumpur Kuala Lumpur Kuala Lumpur Kuala Lumpur Kuala Lumpur Kuala Lumpur Kuala Lumpur Kuala Lumpur Kuala Lumpur Kuala Lumpur Kuala Lumpur Kuala Lumpur Kuala Lumpur Kuala Lumpur Kuala Lumpur Kuala Lumpur Kuala Lumpur Kuala Lumpur Kuala Lumpur Kuala Lumpur Kuala Lumpur Kuala Lumpur Kuala Lumpur Kuala Lumpur Kuala Lumpur Kuala Lumpur Kuala Lumpur Kuala Lumpur Kuala Lumpur Kuala Lumpur Kuala Lumpur Kuala Lumpur Kuala Lumpur Kuala Lumpur Kuala Lumpur Kuala Lumpur Kuala Lumpur Kuala Lumpur Kuala Lumpur Kuala Lumpur Kuala Lumpur Kuala Lumpur Kuala Lumpur Kuala Lumpur Kuala Lumpur Kuala Lumpur Kuala Lumpur Kuala Lumpur Kuala Lumpur Kuala Lumpur Kuala Lumpur Kuala Lumpur Kuala Lumpur Kuala Lumpur Kuala Lumpur Kuala Lumpur Kuala Lumpur Kuala Lumpur Kuala Lumpur Kuala Lumpur Kuala Lumpur Kuala Lumpur Kuala Lumpur Kuala Lumpur Kuala Lumpur Kuala Lumpur Kuala Lumpur Kuala Lumpur Kuala Lumpur Kuala Lumpur Kuala Lumpur Kuala Lumpur Kuala Lumpur Kuala Lumpur Kuala Lumpur Kuala Lumpur Kuala Lumpur Kuala Lumpur Kuala Lumpur Kuala Lumpur Kuala Lumpur Kuala Lumpur Kuala Lumpur Kuala Lumpur Kuala Lumpur Kuala Lumpur Kuala Lumpur Kuala Lumpur Kuala Lumpur Kuala Lumpur Kuala Lumpur Kuala Lumpur Kuala Lumpur Kuala Lumpur Kuala Lumpur Kuala Lumpur Kuala Lumpur Kuala Lumpur Kuala Lumpur Kuala Lumpur Kuala Lumpur Kuala Lumpur Kuala Lumpur Kuala Lumpur Kuala Lumpur Kuala Lumpur Kuala Lumpur Kuala Lumpur Kuala Lumpur Kuala Lumpur Kuala Lumpur Kuala Lumpur Kuala Lumpur Kuala Lumpur Kuala Lumpur Kuala Lumpur Kuala Lumpur Kuala Lumpur Kuala Lumpur Kuala Lumpur Kuala Lumpur Kuala Lumpur Kuala Lumpur Kuala Lumpur Kuala Lumpur Kuala Lumpur Kuala Lumpur Kuala Lumpur Kuala Lumpur Kuala Lumpur Kuala Lumpur Kuala Lumpur Kuala Lumpur Kuala Lumpur Kuala Lumpur Kuala Lumpur Kuala Lumpur Kuala Lumpur Kuala Lumpur Kuala Lumpur Kuala Lumpur Kuala Lumpur Kuala Lumpur Kuala Lumpur Kuala Lumpur Kuala Lumpur Kuala Lumpur Kuala Lumpur Kuala Lumpur Kuala Lumpur Kuala Lumpur Kuala Lumpur Kuala Lumpur Kuala Lumpur Kuala Lumpur Kuala Lumpur Kuala Lumpur Kuala Lumpur Kuala Lumpur Kuala Lumpur Kuala Lumpur Kuala Lumpur Kuala Lumpur Kuala Lumpur Kuala Lumpur Kuala Lumpur Kuala Lumpur Kuala Lumpur Kuala Lumpur Kuala Lumpur Kuala Lumpur Kuala Lumpur Kuala Lumpur Kuala Lumpur Kuala Lumpur Kuala Lumpur Kuala Lumpur Kuala Lumpur Kuala Lumpur Kuala Lumpur Kuala Lumpur Kuala Lumpur Kuala Lumpur Kuala Lumpur Kuala Lumpur Kuala Lumpur Kuala Lumpur Kuala Lumpur Kuala Lumpur Kuala Lumpur Kuala Lumpur Kuala Lumpur Kuala Lumpur Kuala Lumpur Kuala Lumpur Kuala Lumpur Kuala Lumpur Kuala Lumpur Kuala Lumpur Kuala Lumpur Kuala Lumpur Kuala Lumpur Kuala Lumpur Kuala Lumpur Kuala Lumpur Kuala Lumpur Kuala Lumpur Kuala Lumpur Kuala Lumpur Kuala Lumpur Kuala Lumpur Kuala Lumpur Kuala Lumpur Kuala Lumpur Kuala Lumpur Kuala Lumpur Kuala Lumpur Kuala Lumpur Kuala Lumpur Kuala Lumpur Kuala Lumpur Kuala Lumpur Kuala Lumpur Kuala Lumpur Kuala Lumpur Kuala Lumpur Kuala Lumpur Kuala Lumpur Kuala Lumpur Kuala Lumpur Kuala Lumpur Kuala Lumpur Kuala Lumpur Kuala Lumpur Kuala Lumpur Kuala Lumpur Kuala Lumpur Kuala Lumpur Kuala Lumpur Kuala Lumpur Kuala Lumpur Kuala Lumpur Kuala Lumpur Kuala Lumpur Kuala Lumpur Kuala Lumpur Kuala Lumpur Kuala Lumpur Kuala Lumpur Kuala Lumpur Kuala Lumpur Kuala Lumpur Kuala Lumpur Kuala Lumpur Kuala Lumpur Kuala Lumpur Kuala Lumpur Kuala Lumpur Kuala Lumpur Kuala Lumpur Kuala Lumpur, Malaysia.",unknown,4. How do you think the city's architecture and urban planning have evolved over time?,unknown,DEWINA HOST SDN BHD,2018/03/27,"LOT SATMZ 23, MEZZANINE LEVEL SATELLITE BUILDING KUALA LUMPUR INTERNATIONAL AIRPORT",RM63.90
X51006008206,multimodal_ocr_llm,Burger King,unknown,"Kuala Lumpur, Malaysia",unknown,DEWINA HOST SDN BHD,2018/03/27,"LOT SATMZ 23, MEZZANINE LEVEL SATELLITE BUILDING KUALA LUMPUR INTERNATIONAL AIRPORT",RM63.90
X51006620191,raw_ocr,Best Denki Malaysia (Z08282-4),01/05/16,"Lot LG 26, Subang Parade",unknown,BEST DENKI MALAYSIA,01/05/16,"LOT LG 26, SUBANG PARADE NO.5, JALAN SS16/1 47500 SUBANG JAYA, SELANGOR",89.00
X51006620191,raw_ocr_llm,Best Denki,01/05/16,"Lot LG 26, Subang Parade, No.5, Jalan 5S16/1, 47500 Subang, Selangor",100.00,BEST DENKI MALAYSIA,01/05/16,"LOT LG 26, SUBANG PARADE NO.5, JALAN SS16/1 47500 SUBANG JAYA, SELANGOR",89.00
X51006620191,multimodal_ocr,1. Best Denki Malaysia (3082) Lot Lg Lj Lj Sg Sg Sg Sg Sg Sg Sg Sg Sg Sg Sg Sg Sg Sg Sg Sg Sg Sg Sg Sg Sg Sg Sg Sg Sg Sg Sg Sg Sg Sg Sg Sg Sg Sg Sg Sg Sg Sg Sg Sg Sg Sg Sg Sg Sg Sg Sg Sg Sg Sg Sg Sg Sg Sg Sg Sg Sg Sg Sg Sg Sg Sg Sg Sg Sg Sg Sg Sg Sg Sg Sg Sg Sg Sg Sg Sg Sg Sg Sg Sg Sg Sg Sg Sg Sg Sg Sg Sg Sg Sg Sg Sg Sg Sg Sg Sg Sg Sg Sg Sg Sg Sg Sg Sg Sg Sg Sg Sg Sg Sg Sg Sg Sg Sg Sg Sg Sg Sg Sg Sg Sg Sg Sg Sg Sg Sg Sg Sg Sg Sg Sg Sg Sg Sg Sg Sg Sg Sg Sg Sg Sg Sg Sg Sg Sg Sg Sg Sg Sg Sg Sg Sg Sg Sg Sg Sg Sg Sg Sg Sg Sg Sg Sg Sg Sg Sg Sg Sg Sg Sg Sg Sg Sg Sg Sg Sg Sg Sg Sg Sg Sg Sg Sg Sg Sg Sg Sg Sg Sg Sg Sg Sg Sg Sg Sg Sg Sg Sg Sg Sg Sg Sg Sg Sg Sg Sg Sg Sg Sg Sg Sg Sg Sg Sg Sg Sg Sg Sg Sg Sg Sg Sg Sg Sg Sg Sg Sg Sg Sg Sg Sg Sg Sg Sg Sg Sg Sg Sg Sg Sg Sg Sg Sg Sg Sg Sg Sg Sg Sg Sg Sg Sg Sg Sg Sg Sg Sg Sg Sg Sg Sg Sg Sg Sg Sg Sg Sg Sg Sg Sg Sg Sg Sg Sg Sg Sg Sg Sg Sg Sg Sg Sg Sg Sg Sg Sg Sg Sg Sg Sg Sg Sg Sg Sg Sg Sg Sg Sg Sg Sg Sg Sg Sg Sg Sg Sg Sg Sg Sg Sg Sg Sg Sg Sg Sg Sg Sg Sg Sg Sg Sg Sg Sg Sg Sg Sg Sg Sg Sg Sg Sg Sg Sg Sg Sg Sg Sg Sg Sg Sg Sg Sg Sg Sg Sg Sg Sg Sg Sg Sg Sg Sg Sg Sg Sg Sg Sg Sg Sg Sg Sg Sg Sg Sg Sg Sg Sg Sg Sg Sg Sg Sg Sg Sg Sg Sg Sg Sg Sg Sg Sg Sg Sg Sg Sg Sg Sg Sg Sg Sg Sg Sg Sg Sg Sg Sg Sg Sg Sg Sg Sg Sg Sg Sg Sg Sg Sg Sg Sg Sg Sg Sg Sg Sg Sg Sg Sg Sg Sg Sg Sg Sg Sg Sg Sg Sg Sg Sg Sg Sg Sg Sg Sg Sg Sg Sg Sg Sg Sg Sg Sg Sg Sg Sg Sg Sg Sg Sg Sg Sg Sg Sg Sg Sg Sg Sg Sg Sg Sg Sg Sg Sg Sg Sg Sg Sg Sg Sg Sg Sg Sg Sg Sg Sg Sg Sg Sg Sg Sg Sg Sg Sg Sg Sg Sg Sg Sg Sg Sg Sg Sg Sg Sg Sg Sg Sg Sg Sg Sg Sg Sg Sg Sg Sg Sg Sg Sg Sg Sg Sg Sg Sg Sg Sg Sg Sg Sg Sg Sg Sg Sg Sg Sg Sg Sg Sg Sg Sg Sg Sg Sg Sg Sg Sg Sg Sg Sg Sg Sg Sg Sg Sg Sg Sg Sg Sg Sg Sg Sg Sg Sg Sg Sg Sg Sg Sg Sg Sg Sg Sg Sg Sg Sg Sg Sg Sg Sg Sg Sg Sg Sg Sg Sg Sg Sg Sg Sg Sg Sg Sg Sg Sg Sg Sg Sg Sg Sg Sg Sg Sg Sg Sg Sg Sg Sg Sg Sg Sg Sg Sg Sg Sg Sg Sg Sg Sg Sg Sg Sg Sg Sg Sg Sg Sg Sg Sg S,unknown,unknown,unknown,BEST DENKI MALAYSIA,01/05/16,"LOT LG 26, SUBANG PARADE NO.5, JALAN SS16/1 47500 SUBANG JAYA, SELANGOR",89.00
X51006620191,multimodal_ocr_llm,Best Denki Malaysia,unknown,"Lot Lg Lj, SG",3082.00,BEST DENKI MALAYSIA,01/05/16,"LOT LG 26, SUBANG PARADE NO.5, JALAN SS16/1 47500 SUBANG JAYA, SELANGOR",89.00
X51005724626,raw_ocr,R,unknown,IbB 243502,15.30,KEDAI PAPAN YEW CHUAN,02/04/2018,"LOT 276 JALAN BANTING 43800 DENGKIL, SELANGOR.",270.30
X51005724626,raw_ocr_llm,Kedai Papan Yew Chuan,04/02/2018,"Lot 276 Jalan Banting, 43800 Dengkil, Selangor.",270.30,KEDAI PAPAN YEW CHUAN,02/04/2018,"LOT 276 JALAN BANTING 43800 DENGKIL, SELANGOR.",270.30
X51005724626,multimodal_ocr,1. Dedal selanan banyak tanjung kewai (see) (date: 4/5/2021) (line 3),4/5/2021,unknown,unknown,KEDAI PAPAN YEW CHUAN,02/04/2018,"LOT 276 JALAN BANTING 43800 DENGKIL, SELANGOR.",270.30
X51005724626,multimodal_ocr_llm,Dedal Selanan Banyak Tanjung Kewai,04/05/2021,unknown,unknown,KEDAI PAPAN YEW CHUAN,02/04/2018,"LOT 276 JALAN BANTING 43800 DENGKIL, SELANGOR.",270.30
X51006556818,raw_ocr,GKDA MKEFK,03/09/20,KLSM Biini!'{86 X),29.59,GARDENIA BAKERIES (KL) SDN BHD,03/09/2017,"LOT 3, JALAN PELABUR 23/1, 40300 SHAH ALAM, SELANGOR.",29.59
X51006556818,raw_ocr_llm,MAKASSAR Fresh Market SON BhD,03/09/2020,"GROUND FLOOR, NO JALAN SS, 15/48, SUBANG JAYA, SELANGOR",29.59,GARDENIA BAKERIES (KL) SDN BHD,03/09/2017,"LOT 3, JALAN PELABUR 23/1, 40300 SHAH ALAM, SELANGOR.",29.59
X51006556818,multimodal_ocr,"1. Gardenia Bakeries & Co Ltd. (Lokan) - Looong Kwaan Tanah Lot 1, Johor Bahru, Johor Bahru, Malaysia.",unknown,unknown,unknown,GARDENIA BAKERIES (KL) SDN BHD,03/09/2017,"LOT 3, JALAN PELABUR 23/1, 40300 SHAH ALAM, SELANGOR.",29.59
X51006556818,multimodal_ocr_llm,Gardenia Bakeries & Co Ltd,unknown,"Lot 1, Johor Bahru, Johor Bahru, Malaysia",unknown,GARDENIA BAKERIES (KL) SDN BHD,03/09/2017,"LOT 3, JALAN PELABUR 23/1, 40300 SHAH ALAM, SELANGOR.",29.59
X51006679222,raw_ocr,EIGHT OUNCE,24-05-2018,"F,KO6 , First Floor",unknown,EIGHT OUNCE COFFEE CO.,24-05-2018,"F.K06, FIRST FLOOR, THE GARDENS MALL, MID VALLEY CITY, LINGKARAN SYED PUTRA, 59200 KUALA LUMPUR.",39.90
X51006679222,raw_ocr_llm,The Gardens Mall,24/05/2018,"Mid Valley City, Kuala Lumpur",39.90,EIGHT OUNCE COFFEE CO.,24-05-2018,"F.K06, FIRST FLOOR, THE GARDENS MALL, MID VALLEY CITY, LINGKARAN SYED PUTRA, 59200 KUALA LUMPUR.",39.90
X51006679222,multimodal_ocr,8 O'clock coffee shop in the gardens mall on the first floor of the gongs mall in the seocoordina kuwait city.,unknown,unknown,unknown,EIGHT OUNCE COFFEE CO.,24-05-2018,"F.K06, FIRST FLOOR, THE GARDENS MALL, MID VALLEY CITY, LINGKARAN SYED PUTRA, 59200 KUALA LUMPUR.",39.90
X51006679222,multimodal_ocr_llm,8 O’Clock Coffee Shop,unknown,"The Gardens Mall, Kuwait City (First Floor of The Gongs Mall)",unknown,EIGHT OUNCE COFFEE CO.,24-05-2018,"F.K06, FIRST FLOOR, THE GARDENS MALL, MID VALLEY CITY, LINGKARAN SYED PUTRA, 59200 KUALA LUMPUR.",39.90
X51008099083,raw_ocr,RESTORAN WAN SHENG,unknown,002043319-W,unknown,RESTORAN WAN SHENG,04-06-2018,"NO.2, JALAN TEMENGGUNG 19/9, SEKSYEN 9, BANDAR MAHKOTA CHERAS, 43200 CHERAS, SELANGOR",6.70
X51008099083,raw_ocr_llm,Wan Sheng,04/06/YYYY,"No 2, Jalan Temerggurg 19/9, Seksyen 9, Bandal Mahkota Cheras, Selangor, 43200 Cheras",6.70,RESTORAN WAN SHENG,04-06-2018,"NO.2, JALAN TEMENGGUNG 19/9, SEKSYEN 9, BANDAR MAHKOTA CHERAS, 43200 CHERAS, SELANGOR",6.70
X51008099083,multimodal_ocr,Restaurant Van Sheng - No 2 Jalan Tanjungan - Sept 2009 - Banda Chua - Batuang Chua - Sesay - Batuang - Batuang - Batuang - Batuang - Batuang - Batuang - Batuang - Batuang - Batuang - Batuang - Batuang - Batuang - Batuang - Batuang - Batuang - Batuang - Batuang - Batuang - Batuang - Batuang - Batuang - Batuang - Batuang - Batuang - Batuang - Batuang - Batuang - Batuang - Batuang - Batuang - Batuang - Batuang - Batuang - Batuang - Batuang - Batuang - Batuang - Batuang - Batuang - Batuang - Batuang - Batuang - Batuang - Batuang - Batuang - Batuang - Batuang - Batuang - Batuang - Batuang - Batuang - Batuang - Batuang - Batuang - Batuang - Batuang - Batuang - Batuang - Batuang - Batuang - Batuang - Batuang - Batuang - Batuang - Batuang - Batuang - Batuang - Batuang - Batuang - Batuang - Batuang - Batuang - Batuang - Batuang - Batuang - Batuang - Batuang - Batuang - Batuang - Batuang - Batuang - Batuang - Batuang - Batuang - Batuang - Batuang - Batuang - Batuang - Batuang - Batuang - Batuang - Batuang - Batuang - Batuang - Batuang - Batuang - Batuang - Batuang - Batuang - Batuang - Batuang - Batuang - Batuang - Batuang - Batuang - Batuang - Batuang - Batuang - Batuang - Batuang - Batuang - Batuang - Batuang - Batuang - Batuang - Batuang - Batuang - Batuang - Batuang - Batuang - Batuang - Batuang - Batuang - Batuang - Batuang - Batuang - Batuang - Batuang - Batuang - Batuang - Batuang - Batuang - Batuang - Batuang - Batuang - Batuang - Batuang - Batuang - Batuang - Batuang - Batuang - Batuang - Batuang - Batuang - Batuang - Batuang - Batuang - Batuang - Batuang - Batuang - Batuang - Batuang - Batuang - Batuang - Batuang - Batuang - Batuang - Batuang - Batuang - Batuang - Batuang - Batuang - Batuang - Batuang - Batuang - Batuang - Batuang - Batuang - Batuang - Batuang - Batuang - Batuang - Batuang - Batuang - Batuang - Batuang - Batuang - Batuang - Batuang - Batuang - Batuang - Batuang - Batuang - Batuang - Batuang - Batuang - Batuang - Batuang - Batuang - Batuang - Batuang - Batuang - Batuang - Batuang - Batuang - Batuang - Batuang - Batuang - Batuang - Batuang - Batuang - Batuang - Batuang - Batuang - Batuang - Batuang - Batuang - Batuang - Batuang - Batuang - Batuang - Batuang - Batuang - Batuang - Batuang - Batuang - Batuang - Batuang - Batuang - Batuang - Batuang - Batuang - Batuang - Batuang - Batuang - Batuang - Batuang - Batuang - Batuang - Batuang - Batuang - Batuang - Batuang - Batuang - Batuang - Batuang - Batuang - Batuang - Batuang - Batuang - Batuang - Batuang - Batuang - Batuang - Batuang - Batuang - Batuang - Batuang - Batuang - Batuang - Batuang - Batuang - Batuang - Batuang - Batuang - Batuang - Batuang - Batuang - Batuang - Batuang - Batuang - Batuang - Batuang - Batuang - Batuang - Batuang - Batuang - Batuang - Batuang - Batuang - Batuang - Batuang - Batuang - Batuang - Batuang - Batuang - Batuang - Batuang - Batuang - Batuang - Batuang - Batuang - Batuang - Batuang - Batuang - Batuang - Batuang - Batuang - Batuang - Batuang - Batuang - Batuang - Batuang - Batuang - Batuang - Batuang - Batuang - Batuang - Batuang - Batuang - Batuang - Batuang - Batuang - Batuang - Batu,unknown,unknown,unknown,RESTORAN WAN SHENG,04-06-2018,"NO.2, JALAN TEMENGGUNG 19/9, SEKSYEN 9, BANDAR MAHKOTA CHERAS, 43200 CHERAS, SELANGOR",6.70
X51008099083,multimodal_ocr_llm,Restaurant Van Sheng,01/09/2009,"No 2 Jalan Tanjungan, Banda Chua",0.00,RESTORAN WAN SHENG,04-06-2018,"NO.2, JALAN TEMENGGUNG 19/9, SEKSYEN 9, BANDAR MAHKOTA CHERAS, 43200 CHERAS, SELANGOR",6.70
X51005806679,raw_ocr,LEE WAR FLoRIST SDN BHD,32/02/2018,(521273-W),"21,18",LEE WAH FLORIST SDN BHD,02/02/2018,"129, JALAN TUN H.S LEE, 50000 KUALA LUMPUR.",374.20
X51005806679,raw_ocr_llm,LEE WAR FLoRIST SDN BHD,32/02/2018,"129,JALAN TUNH S LEE ,s00C0 KUALA _UMPUR",374.20,LEE WAH FLORIST SDN BHD,02/02/2018,"129, JALAN TUN H.S LEE, 50000 KUALA LUMPUR.",374.20
X51005806679,multimodal_ocr,Lee Wh Flower Shop & Garden Sdn Bhd. Tanah Lot Tanah Lot Tanah Lot Tanah Lot Tanah Lot Tanah Lot Tanah Lot Tanah Lot Tanah Lot Tanah Lot Tanah Lot Tanah Lot Tanah Lot Tanah Lot Tanah Lot Tanah Lot Tanah Lot Tanah Lot Tanah Lot Tanah Lot Tanah Lot Tanah Lot Tanah Lot Tanah Lot Tanah Lot Tanah Lot Tanah Lot Tanah Lot Tanah Lot Tanah Lot Tanah Lot Tanah Lot Tanah Lot Tanah Lot Tanah Lot Tanah Lot Tanah Lot Tanah Lot Tanah Lot Tanah Lot Tanah Lot Tanah Lot Tanah Lot Tanah Lot Tanah Lot Tanah Lot Tanah Lot Tanah Lot Tanah Lot Tanah Lot Tanah Lot Tanah Lot Tanah Lot Tanah Lot Tanah Lot Tanah Lot Tanah Lot Tanah Lot Tanah Lot Tanah Lot Tanah Lot Tanah Lot Tanah Lot Tanah Lot Tanah Lot Tanah Lot Tanah Lot Tanah Lot Tanah Lot Tanah Lot Tanah Lot Tanah Lot Tanah Lot Tanah Lot Tanah Lot Tanah Lot Tanah Lot Tanah Lot Tanah Lot Tanah Lot Tanah Lot Tanah Lot Tanah Lot Tanah Lot Tanah Lot Tanah Lot Tanah Lot Tanah Lot Tanah Lot Tanah Lot Tanah Lot Tanah Lot Tanah Lot Tanah Lot Tanah Lot Tanah Lot Tanah Lot Tanah Lot Tanah Lot Tanah Lot Tanah Lot Tanah Lot Tanah Lot Tanah Lot Tanah Lot Tanah Lot Tanah Lot Tanah Lot Tanah Lot Tanah Lot Tanah Lot Tanah Lot Tanah Lot Tanah Lot Tanah Lot Tanah Lot Tanah Lot Tanah Lot Tanah Lot Tanah Lot Tanah Lot Tanah Lot Tanah Lot Tanah Lot Tanah Lot Tanah Lot Tanah Lot Tanah Lot Tanah Lot Tanah Lot Tanah Lot Tanah Lot Tanah Lot Tanah Lot Tanah Lot Tanah Lot Tanah Lot Tanah Lot Tanah Lot Tanah Lot Tanah Lot Tanah Lot Tanah Lot Tanah Lot Tanah Lot Tanah Lot Tanah Lot Tanah Lot Tanah Lot Tanah Lot Tanah Lot Tanah Lot Tanah Lot Tanah Lot Tanah Lot Tanah Lot Tanah Lot Tanah Lot Tanah Lot Tanah Lot Tanah Lot Tanah Lot Tanah Lot Tanah Lot Tanah Lot Tanah Lot Tanah Lot Tanah Lot Tanah Lot Tanah Lot Tanah Lot Tanah Lot Tanah Lot Tanah Lot Tanah Lot Tanah Lot Tanah Lot Tanah Lot Tanah Lot Tanah Lot Tanah Lot Tanah Lot Tanah Lot Tanah Lot Tanah Lot Tanah Lot Tanah Lot Tanah Lot Tanah Lot Tanah Lot Tanah Lot Tanah Lot Tanah Lot Tanah Lot Tanah Lot Tanah Lot Tanah Lot Tanah Lot Tanah Lot Tanah Lot Tanah Lot Tanah Lot Tanah Lot Tanah Lot Tanah Lot Tanah Lot Tanah Lot Tanah Lot Tanah Lot Tanah Lot Tanah Lot Tanah Lot Tanah Lot Tanah Lot Tanah Lot Tanah Lot Tanah Lot Tanah Lot Tanah Lot Tanah Lot Tanah Lot Tanah Lot Tanah Lot Tanah Lot Tanah Lot Tanah Lot Tanah Lot Tanah Lot Tanah Lot Tanah Lot Tanah Lot Tanah Lot Tanah Lot Tanah Lot Tanah Lot Tanah Lot Tanah Lot Tanah Lot Tanah Lot Tanah Lot Tanah Lot Tanah Lot Tanah Lot Tanah Lot Tanah Lot Tanah Lot Tanah Lot Tanah Lot Tanah Lot Tanah Lot Tanah Lot Tanah Lot Tanah Lot Tanah Lot Tanah Lot Tanah Lot Tanah Lot Tanah Lot Tanah Lot Tanah Lot Tanah Lot Tanah Lot Tanah Lot Tanah Lot Tanah Lot Tanah Lot Tanah Lot Tanah Lot Tanah Lot Tanah Lot Tanah Lot Tanah Lot Tanah Lot Tanah Lot Tanah Lot Tanah Lot Tanah Lot Tanah Lot Tanah Lot Tanah Lot Tanah Lot Tanah Lot Tanah Lot Tanah Lot Tanah Lot Tanah Lot Tanah Lot Tanah Lot Tanah Lot Tanah Lot Tanah Lot Tanah Lot Tanah Lot Tanah Lot Tanah Lot Tanah Lot Tanah Lot Tanah Lot Tanah Lot Tanah Lot Tanah Lot Tanah Lot Tanah Lot Tanah Lot Tanah Lot Tanah Lot Tanah Lot Tanah Lot Tanah Lot Tanah Lot Tanah Lot Tanah Lot Tanah Lot Tanah Lot Tanah Lot Tanah Lot Tanah Lot Tanah Lot Tanah Lot Tanah Lot Tanah Lot Tanah Lot Tanah Lot Tanah Lot Tanah Lot Tanah Lot Tanah Lot Tanah Lot Tanah Lot Tanah Lot Tanah Lot Tanah Lot Tanah Lot Tanah Lot Tanah Lot Tanah Lot Tanah Lot Tanah Lot Tanah Lot Tanah Lot Tanah Lot Tanah Lot Tanah Lot Tanah Lot Tanah Lot Tanah Lot Tanah Lot Tanah Lot Tanah Lot Tanah Lot Tanah Lot Tanah Lot Tanah Lot Tanah Lot Tanah Lot Tanah Lot Tanah Lot Tanah Lot Tanah Lot Tanah Lot Tanah Lot Tanah Lot Tanah Lot Tanah Lot Tanah Lot Tanah Lot Tanah Lot Tanah Lot Tanah Lot Tanah Lot Tanah Lot Tanah Lot Tanah Lot Tanah Lot Tanah Lot Tanah Lot Tanah Lot Tanah Lot Tanah Lot Tanah Lot Tanah Lot Tanah Lot Tanah Lot Tanah Lot Tanah Lot Tanah Lot Tanah Lot Tanah Lot Tanah Lot Tanah Lot Tanah Lot Tanah Lot Tanah Lot Tanah Lot Tanah Lot Tanah Lot Tanah Lot Tanah Lot Tanah Lot Tanah Lot Tanah Lot Tanah Lot Tanah Lot Tanah Lot Tanah Lot Tanah Lot Tanah Lot Tanah Lot Tanah Lot Tanah Lot Tanah Lot Tanah Lot Tanah Lot,unknown,unknown,unknown,LEE WAH FLORIST SDN BHD,02/02/2018,"129, JALAN TUN H.S LEE, 50000 KUALA LUMPUR.",374.20
X51005806679,multimodal_ocr_llm,Lee Wh Flower Shop & Garden Sdn Bhd,unknown,Tanah Lot,unknown,LEE WAH FLORIST SDN BHD,02/02/2018,"129, JALAN TUN H.S LEE, 50000 KUALA LUMPUR.",374.20
X51005719855,raw_ocr,ROCKU,19/02/2018,(1096317-P),unknown,CPI ROCKU SDN. BHD.,19/02/2018,"LOT F355/356/357, FIRST FLOOR, RAINFOREST, 1 UTAMA SHOPPING CENTRE, LEBUH BANDAR UTAMA, 47800 PETALING JAYA",181.55
X51005719855,raw_ocr_llm,"CPI Rocku SCN, BHD.",19/02/2018,"1 Laman Shoppping Centre, Lebuh Bandar Utama, 47800 Petaling Jaya",201.55,CPI ROCKU SDN. BHD.,19/02/2018,"LOT F355/356/357, FIRST FLOOR, RAINFOREST, 1 UTAMA SHOPPING CENTRE, LEBUH BANDAR UTAMA, 47800 PETALING JAYA",181.55
X51005719855,multimodal_ocr,Rocku Yakiniu,unknown,unknown,unknown,CPI ROCKU SDN. BHD.,19/02/2018,"LOT F355/356/357, FIRST FLOOR, RAINFOREST, 1 UTAMA SHOPPING CENTRE, LEBUH BANDAR UTAMA, 47800 PETALING JAYA",181.55
X51005719855,multimodal_ocr_llm,Rockwell Yakiniu,unknown,unknown,unknown,CPI ROCKU SDN. BHD.,19/02/2018,"LOT F355/356/357, FIRST FLOOR, RAINFOREST, 1 UTAMA SHOPPING CENTRE, LEBUH BANDAR UTAMA, 47800 PETALING JAYA",181.55
X51006387951,raw_ocr,"""4",5/04/217,AM) MA AYSIA SN 80 (682288-V ),unknown,AMANO MALAYSIA SDN BHD,30/04/2017,12 JALAN PENGACARA U1/48 TEMASYA INDUSTRIAL PARK 40150 SHAH ALAM SELANGOR,RM3.00
X51006387951,raw_ocr_llm,MAYSIA SN,05/04/2017,"WWH AAM SLANCOR, Pak ing Tilne",43.00,AMANO MALAYSIA SDN BHD,30/04/2017,12 JALAN PENGACARA U1/48 TEMASYA INDUSTRIAL PARK 40150 SHAH ALAM SELANGOR,RM3.00
X51006387951,multimodal_ocr,Invoice Number: PS-069,unknown,unknown,unknown,AMANO MALAYSIA SDN BHD,30/04/2017,12 JALAN PENGACARA U1/48 TEMASYA INDUSTRIAL PARK 40150 SHAH ALAM SELANGOR,RM3.00
X51006387951,multimodal_ocr_llm,unknown,unknown,unknown,unknown,AMANO MALAYSIA SDN BHD,30/04/2017,12 JALAN PENGACARA U1/48 TEMASYA INDUSTRIAL PARK 40150 SHAH ALAM SELANGOR,RM3.00
X51005568900,raw_ocr,MR,28-12-17,704427-T ),unknown,MR. D.I.Y. SDN BHD,28-12-17,"LOT 1851-A & 1851-B, JALAN KPB 6, KAWASAN PERINDUSTRIAN BALAKONG, 43300 SERI KEMBANGAN, SELANGOR",9.90
X51005568900,raw_ocr_llm,D.I.Ya SDN BHD,28-12-17,"Kawasan Perindustrian Balakong, 43300 Seri Kembangan, Selangor",9.90,MR. D.I.Y. SDN BHD,28-12-17,"LOT 1851-A & 1851-B, JALAN KPB 6, KAWASAN PERINDUSTRIAN BALAKONG, 43300 SERI KEMBANGAN, SELANGOR",9.90
X51005568900,multimodal_ocr,"1. Mr. Oliy Y. S. Bhosetan, Balangasan, Sarawak, Saranjaya, Malaysia (Lebanon) - Lidias, Bali, Indonesia - 07440-T 2/3/2/3/4/5/6/7/8/9/10/11/12/13/14/15/16/17/18/19/20/21/22/23/24/25/26/27/28/29/31/32/33/34/35/36/37/38/39/41/42/43/44/45/46/47/48/49/51/52/54/56/57/58/59/61/62/64/65/67/68/69/71/72/73/74/75/76/77/78/79/81/82/83/84/85/86/87/88/89/91/92/93/94/95/96/97/98/99",8/9/10,unknown,unknown,MR. D.I.Y. SDN BHD,28-12-17,"LOT 1851-A & 1851-B, JALAN KPB 6, KAWASAN PERINDUSTRIAN BALAKONG, 43300 SERI KEMBANGAN, SELANGOR",9.90
X51005568900,multimodal_ocr_llm,Lidias,02/03/YYYY,"Bali, Indonesia - Sarawak, Malaysia (assuming the address lines are part of a single entity)",0.00,MR. D.I.Y. SDN BHD,28-12-17,"LOT 1851-A & 1851-B, JALAN KPB 6, KAWASAN PERINDUSTRIAN BALAKONG, 43300 SERI KEMBANGAN, SELANGOR",9.90
X51005444041,raw_ocr,BLG,08/03/18,(913144-A),"0,00",BENS INDEPENDENT GROCER SDN. BHD,08/03/18,"LOT 6, JALAN BATAI, PLAZA BATAI, DAMANSARA HEIGHTS 50490, KUALA LUMPUR",81.00
X51005444041,raw_ocr_llm,Ben's Independent Grocer Sdn Bhd,08/03/18,"Lot 6, Jalan Batai, Plaza Batai, Damansara Heights, 50490 Kuala Lumpur",81.00,BENS INDEPENDENT GROCER SDN. BHD,08/03/18,"LOT 6, JALAN BATAI, PLAZA BATAI, DAMANSARA HEIGHTS 50490, KUALA LUMPUR",81.00
X51005444041,multimodal_ocr,BIC - Independencial Grocery Store Sdn Bhd.,unknown,unknown,unknown,BENS INDEPENDENT GROCER SDN. BHD,08/03/18,"LOT 6, JALAN BATAI, PLAZA BATAI, DAMANSARA HEIGHTS 50490, KUALA LUMPUR",81.00
X51005444041,multimodal_ocr_llm,Independencial Grocery Store Sdn Bhd.,unknown,unknown,unknown,BENS INDEPENDENT GROCER SDN. BHD,08/03/18,"LOT 6, JALAN BATAI, PLAZA BATAI, DAMANSARA HEIGHTS 50490, KUALA LUMPUR",81.00
X51005442388,raw_ocr,CONTENTO (JN0761170,unknown,0860304,unknown,CONTENTO,20/03/18,"15, JALAN PERMAS 10/7,PERMAS 81750 MASAI JOHOR",21.60
X51005442388,raw_ocr_llm,Contento,20/03/2017,"Masai Johor, Jalan Permas 10/7, 81750 Permas",21.60,CONTENTO,20/03/18,"15, JALAN PERMAS 10/7,PERMAS 81750 MASAI JOHOR",21.60
X51005442388,multimodal_ocr,"1. Calverta Inc. - San Diego, California 9009 - January 30, 2014 - 10:00 am - 2:00 pm",unknown,unknown,unknown,CONTENTO,20/03/18,"15, JALAN PERMAS 10/7,PERMAS 81750 MASAI JOHOR",21.60
X51005442388,multimodal_ocr_llm,Calverta Inc.,30/01/2014,"San Diego, California",unknown,CONTENTO,20/03/18,"15, JALAN PERMAS 10/7,PERMAS 81750 MASAI JOHOR",21.60
X51005719898,raw_ocr,MR,19-03-18,750441-W),unknown,MR. D. I. Y. (KUCHAI) SDN BHD,19-03-18,"LOT 1851-A & 1851-B, JALAN KPB 6, KAWASAN PERINDUSTRIAN BALAKONG, 43300 SERI KEMBANGAN, SELANGOR",11.90
X51005719898,raw_ocr_llm,KUCHAI SDN BHD,19/03/18,"Lot 1851-4, JaLAN KPB 6, Kawasan PERINDUSTRIAN BALAKONG, 43300 SERI KEMBANGAN, SELANGOR",22.00,MR. D. I. Y. (KUCHAI) SDN BHD,19-03-18,"LOT 1851-A & 1851-B, JALAN KPB 6, KAWASAN PERINDUSTRIAN BALAKONG, 43300 SERI KEMBANGAN, SELANGOR",11.90
X51005719898,multimodal_ocr,Mr. OYUCHAI KICHI  SUN YANG BAKTANG  MUSICIAN  LOT 184834 REQ 474 049 047 049 049 049 049 049 049 049 049 049 049 049 049 049 049 049 049 049 049 049 049 049 049 049 049 049 049 049 049 049 049 049 049 049 049 049 049 049 049 049 049 049 049 049 049 049 049 049 049 049 049 049 049 049 049 049 049 049 049 049 049 049 049 049 049 049 049 049 049 049 049 049 049 049 049 049 049 049 049 049 049 049 049 049 049 049 049 049 049 049 049 049 049 049 049 049 049 049 049 049 049 049 049 049 049 049 049 049 049 049 049 049 049 049 049 049 049 049 049 049 049 049 049 049 049 049 049 049 049 049 049 049 049 049 049 049 049 049 049 049 049 049 049 049 049 049 049 049 049 049 049 049 049 049 049 049 049 049 049 049 049 049 049 049 049 049 049 049 049 049 049 049 049 049 049 049 049 049 049 049 049 049 049 049 049 049 049 049 049 049 049 049 049 049 049 049 049 049 049 049 049 049 049 049 049 049 049 049 049 049 049 049 049 049 049 049 049 049 049 049 049 049 049 049 049 049 049 049 049 049 049 049 049 049 049 049 049 049 049 049 049 049 049 049 049 049 049 049 049 049 049 049 049 049 049 049 049 049 049 049 049 049 049 049 049 049 049 049 049 049 049 049 049 049 049 049 049 049 049 049 049 049 049 049 049 049 049 049 049 049 049 049 049 049 049 049 049 049 049 049 049 049 049 049 049 049 049 049 049 049 049 049 049 049 049 049 049 049 049 049 049 049 049 049 049 049 049 049 049 049 049 049 049 049 049 049 049 049 049 049 049 049 049 049 049 049 049 049 049 049 049 049 049 049 049 049 049 049 049 049 049 049 049 049 049 049 049 049 049 049 049 049 049 049 049 049 049 049 049 049 049 049 049 049 049 049 049 049 049 049 049 049 049 049 049 049 049 049 049 049 049 049 049 049 049 049 049 049 049 049 049 049 049 049 049 049 049 049 049 049 049 049 049 049 049 049 049 049 049 049 049 049 049 049 049 049 049 049 049 049 049 049 049 049 049 049 049 049 049 049 049 049 049 049 049 049 049 049 049 049 049 049 049 049 049 049 049 049 049 049 049 049 049 049 049 049 049 049 049 049 049 049 049 049 049 049 049 049 049 049 049 049 049 049 049 049 049 049 049 049 049 049 049 049 049 049 049 049 049 049 049 049 049 049 049 049 049 049 049 049 049 049 049 049 049 049 049 049 049 049 049 049 049 049 049 049 049 049 049 049 049 049 049 049 049 049 049 049 049 049 049 049 049 049 049 049 049 049 049 049 049 049 049 049 049 049 049 049 049 049 049 049 049 049 049 049 049 049 049 049 049 049 049 049 049 049 049 049 049 049 049 049 049 049 049 049 049 049 049 049 049 049 049 049 049 049 049,unknown,unknown,unknown,MR. D. I. Y. (KUCHAI) SDN BHD,19-03-18,"LOT 1851-A & 1851-B, JALAN KPB 6, KAWASAN PERINDUSTRIAN BALAKONG, 43300 SERI KEMBANGAN, SELANGOR",11.90
X51005719898,multimodal_ocr_llm,Oyuchai Kichi Sun Yang BakTang Musician,unknown,unknown,unknown,MR. D. I. Y. (KUCHAI) SDN BHD,19-03-18,"LOT 1851-A & 1851-B, JALAN KPB 6, KAWASAN PERINDUSTRIAN BALAKONG, 43300 SERI KEMBANGAN, SELANGOR",11.90
X51006557196,raw_ocr,GARDENIA BAKERIES (KL) SDN BHD) (1.39386 X),1/10/2017,"Lot $ , Jalan Felabur 23/1 ,","27,10",GARDENIA BAKERIES (KL) SDN BHD,11/10/2017,"LOT 3, JALAN PELABUR 23/1, 40300 SHAH ALAM, SELANGOR.",27.10
X51006557196,raw_ocr_llm,Gardenia Bakeries (KL) Sdn Bhd,01/10/2017,"Lot , Jalan Felabur 23/1, 40UU Shah Alamn, Selangor",13.36,GARDENIA BAKERIES (KL) SDN BHD,11/10/2017,"LOT 3, JALAN PELABUR 23/1, 40300 SHAH ALAM, SELANGOR.",27.10
X51006557196,multimodal_ocr,1. Gardenia Bakeries (Sdn Bh) L.L.T. - Jan 1 2013 - Sat - Fri,unknown,unknown,unknown,GARDENIA BAKERIES (KL) SDN BHD,11/10/2017,"LOT 3, JALAN PELABUR 23/1, 40300 SHAH ALAM, SELANGOR.",27.10
X51006557196,multimodal_ocr_llm,Gardenia Bakeries (Sdn Bhd),01/01/2013,unknown,unknown,GARDENIA BAKERIES (KL) SDN BHD,11/10/2017,"LOT 3, JALAN PELABUR 23/1, 40300 SHAH ALAM, SELANGOR.",27.10
X51006619700,raw_ocr,Mk. D.l.t. (KCHAl) SDN BHD,unknown,Co-REG:750441-W,0.46,MR. D.I.Y. (KUCHAI) SDN BHD,10-01-16,"LOT 1851-A & 1851-B, JALAN KPB 6, KAWASAN PERINDUSTRIAN BALAKONG, 43300 SERI KEMBANGAN, SELANGOR",RM 8.10
X51006619700,raw_ocr_llm,Mk. D.l.t. (KCHAl) SDN BHD,10/01/2016,"Lot 1651-h, JALAN KPB 64, KAWASAN PERKNDUSTRIAN BALAKONG , 43300,SERI KEMBANGAN,   SELANGOR",12.90,MR. D.I.Y. (KUCHAI) SDN BHD,10-01-16,"LOT 1851-A & 1851-B, JALAN KPB 6, KAWASAN PERINDUSTRIAN BALAKONG, 43300 SERI KEMBANGAN, SELANGOR",RM 8.10
X51006619700,multimodal_ocr,1. No. 2. JAKARTA SINI KABIRAN. SINI KABIRAN. SINI KABIRAN. SINI KABIRAN. SINI KABIRAN. SINI KABIRAN. SINI KABIRAN. SINI KABIRAN. SINI KABIRAN. SINI KABIRAN. SINI KABIRAN. SINI KABIRAN. SINI KABIRAN. SINI KABIRAN. SINI KABIRAN. SINI KABIRAN. SINI KABIRAN. SINI KABIRAN. SINI KABIRAN. SINI KABIRAN. SINI KABIRAN. SINI KABIRAN. SINI KABIRAN. SINI KABIRAN. SINI KABIRAN. SINI KABIRAN. SINI KABIRAN. SINI KABIRAN. SINI KABIRAN. SINI KABIRAN. SINI KABIRAN. SINI KABIRAN. SINI KABIRAN. SINI KABIRAN. SINI KABIRAN. SINI KABIRAN. SINI KABIRAN. SINI KABIRAN. SINI KABIRAN. SINI KABIRAN. SINI KABIRAN. SINI KABIRAN. SINI KABIRAN. SINI KABIRAN. SINI KABIRAN. SINI KABIRAN. SINI KABIRAN. SINI KABIRAN. SINI KABIRAN. SINI KABIRAN. SINI KABIRAN. SINI KABIRAN. SINI KABIRAN. SINI KABIRAN. SINI KABIRAN. SINI KABIRAN. SINI KABIRAN. SINI KABIRAN. SINI KABIRAN. SINI KABIRAN. SINI KABIRAN. SINI KABIRAN. SINI KABIRAN. SINI KABIRAN. SINI KABIRAN. SINI KABIRAN. SINI KABIRAN. SINI KABIRAN. SINI KABIRAN. SINI KABIRAN. SINI KABIRAN. SINI KABIRAN. SINI KABIRAN. SINI KABIRAN. SINI KABIRAN. SINI KABIRAN. SINI KABIRAN. SINI KABIRAN. SINI KABIRAN. SINI KABIRAN. SINI KABIRAN. SINI KABIRAN. SINI KABIRAN. SINI KABIRAN. SINI KABIRAN. SINI KABIRAN. SINI KABIRAN. SINI KABIRAN. SINI KABIRAN. SINI KABIRAN. SINI KABIRAN. SINI KABIRAN. SINI KABIRAN. SINI KABIRAN. SINI KABIRAN. SINI KABIRAN. SINI KABIRAN. SINI KABIRAN. SINI KABIRAN. SINI KABIRAN. SINI KABIRAN. SINI KABIRAN. SINI KABIRAN. SINI KABIRAN. SINI KABIRAN. SINI KABIRAN. SINI KABIRAN. SINI KABIRAN. SINI KABIRAN. SINI KABIRAN. SINI KABIRAN. SINI KABIRAN. SINI KABIRAN. SINI KABIRAN. SINI KABIRAN. SINI KABIRAN. SINI KABIRAN. SINI KABIRAN. SINI KABIRAN. SINI KABIRAN. SINI KABIRAN. SINI KABIRAN. SINI KABIRAN. SINI KABIRAN. SINI KABIRAN. SINI KABIRAN. SINI KABIRAN. SINI KABIRAN. SINI KABIRAN. SINI KABIRAN. SINI KABIRAN. SINI KABIRAN. SINI KABIRAN. SINI KABIRAN. SINI KABIRAN. SINI KABIRAN. SINI KABIRAN. SINI KABIRAN. SINI KABIRAN. SINI KABIRAN. SINI KABIRAN. SINI KABIRAN. SINI KABIRAN. SINI KABIRAN. SINI KABIRAN. SINI KABIRAN. SINI KABIRAN. SINI KABIRAN. SINI KABIRAN. SINI KABIRAN. SINI KABIRAN. SINI KABIRAN. SINI KABIRAN. SINI KABIRAN. SINI KABIR,unknown,unknown,unknown,MR. D.I.Y. (KUCHAI) SDN BHD,10-01-16,"LOT 1851-A & 1851-B, JALAN KPB 6, KAWASAN PERINDUSTRIAN BALAKONG, 43300 SERI KEMBANGAN, SELANGOR",RM 8.10
X51006619700,multimodal_ocr_llm,SINI KABIRAN,unknown,unknown,unknown,MR. D.I.Y. (KUCHAI) SDN BHD,10-01-16,"LOT 1851-A & 1851-B, JALAN KPB 6, KAWASAN PERINDUSTRIAN BALAKONG, 43300 SERI KEMBANGAN, SELANGOR",RM 8.10
X51005719906,raw_ocr,Zen,unknown,cof fee 28,105.00,ZEN AND COFFEE 28 S/B,25 MAR 2018,"NO 53, JALAN 3/62A, BANDAR MENJALARA, 52200 KUALA LUMPUR.",105.00
X51005719906,raw_ocr_llm,Zen and Coffee,25/03/2018,"No 53, Jalan 3/624, Bandar menjalara, 52200 Kuala Lumpur.",105.00,ZEN AND COFFEE 28 S/B,25 MAR 2018,"NO 53, JALAN 3/62A, BANDAR MENJALARA, 52200 KUALA LUMPUR.",105.00
X51005719906,multimodal_ocr,"1. Zan and coffee shop in Banderitas, Borneo. (date) - (March 25, 2018). (service) - (water) - (rice) - (fish) - (tea) - (coffee) - (chocolate) - (bread) - (soda) - (salt) - (water) - (water) - (water) - (water) - (water) - (water) - (water) - (water) - (water) - (water) - (water) - (water) - (water) - (water) - (water) - (water) - (water) - (water) - (water) - (water) - (water) - (water) - (water) - (water) - (water) - (water) - (water) - (water) - (water) - (water) - (water) - (water) - (water) - (water) - (water) - (water) - (water) - (water) - (water) - (water) - (water) - (water) - (water) - (water) - (water) - (water) - (water) - (water) - (water) - (water) - (water) - (water) - (water) - (water) - (water) - (water) - (water) - (water) - (water) - (water) - (water) - (water) - (water) - (water) - (water) - (water) - (water) - (water) - (water) - (water) - (water) - (water) - (water) - (water) - (water) - (water) - (water) - (water) - (water) - (water) - (water) - (water) - (water) - (water) - (water) - (water) - (water) - (water) - (water) - (water) - (water) - (water) - (water) - (water) - (water) - (water) - (water) - (water) - (water) - (water) - (water) - (water) - (water) - (water) - (water) - (water) - (water) - (water) - (water) - (water) - (water) - (water) - (water) - (water) - (water) - (water) - (water) - (water) - (water) - (water) - (water) - (water) - (water) - (water) - (water) - (water) - (water) - (water) - (water) - (water) - (water) - (water) - (water) - (water) - (water) - (water) - (water) - (water) - (water) - (water) - (water) - (water) - (water) - (water) - (water) - (water) - (water) - (water) - (water) - (water) - (water) - (water) - (water) - (water) - (water) - (water) - (water) - (water) - (water) - (water) - (water) - (water) - (water) - (water) - (water) - (water) - (water) - (water) - (water) - (water) - (water) - (water) - (water) - (water) - (water) - (water) - (water) - (water) - (water) - (water) - (water) - (water) - (water) - (water) - (water) - (water) - (water) - (water) - (water) - (water) - (water) - (water) - (water) - (water) - (water) - (water) - (water) - (water) - (water) - (water) - (water) - (water) - (water) - (water) - (water) - (water) - (water) - (water) - (water) - (water) - (water) - (water) - (water) - (water) - (water) - (water) - (water) - (water) - (water) - (water) - (water) - (water) - (water) - (water) - (water) - (water) - (water) - (water) - (water) - (water) - (water) - (water) - (water) - (water) - (water) - (water) - (water) - (water) - (water) - (water) - (water) - (water) - (water) - (water) - (water) - (water) - (water) - (water) - (water) - (water) - (water) - (water) - (water) - (water) - (water) - (water) - (water) - (water) - (water) - (water) - (water) - (water) - (water) - (water) - (water) - (water) - (water) - (water) - (water) - (water) - (water) - (water) - (water) - (water) - (water) - (water) - (water) - (water) - (water) - (water) - (water) - (water) - (water) - (water) - (water) - (water) - (water) - (water) - (water) - (water) - (water) - (water) - (water) - (water) - (water)",unknown,unknown,unknown,ZEN AND COFFEE 28 S/B,25 MAR 2018,"NO 53, JALAN 3/62A, BANDAR MENJALARA, 52200 KUALA LUMPUR.",105.00
X51005719906,multimodal_ocr_llm,Zan and Coffee Shop,25/03/2018,"Banderitas, Borneo",0.00,ZEN AND COFFEE 28 S/B,25 MAR 2018,"NO 53, JALAN 3/62A, BANDAR MENJALARA, 52200 KUALA LUMPUR.",105.00
X51006389893,raw_ocr,In-SPARKLE TRADING SDN BHD,21/10/2017,(Co.no.639240 H),250.00,IN-SPARKLE TRADING SDN BHD,21/10/2017,"NO.LOT 24, BATU 11 KAMPUNG DATO, UJANG BALAKONG, 43200 CHERAS, SEL.",250.00
X51006389893,raw_ocr_llm,In-SPARKLE TRADING SDN BHD,21/10/2017,"No Lot 24, Batu li Kampung Datoa Ujang Balakong; Cheras Selangor",250.00,IN-SPARKLE TRADING SDN BHD,21/10/2017,"NO.LOT 24, BATU 11 KAMPUNG DATO, UJANG BALAKONG, 43200 CHERAS, SEL.",250.00
X51006389893,multimodal_ocr,"1. Store Name: WELCOME TRADE COSTING CO.,Ltd. (From: B&t)",unknown,unknown,unknown,IN-SPARKLE TRADING SDN BHD,21/10/2017,"NO.LOT 24, BATU 11 KAMPUNG DATO, UJANG BALAKONG, 43200 CHERAS, SEL.",250.00
X51006389893,multimodal_ocr_llm,Welcome Trade Costing Co.,unknown,unknown,unknown,IN-SPARKLE TRADING SDN BHD,21/10/2017,"NO.LOT 24, BATU 11 KAMPUNG DATO, UJANG BALAKONG, 43200 CHERAS, SEL.",250.00
X51005442366,raw_ocr,(4o33,22-03-2018,Triple Six Point Enterprise 666,22.80,TRIPLE SIX POINT ENTERPRISE 666,22-03-2018,NO 14& 16 JALAN PERMAS 4/3 BANDAR BARU PERMAS JAY,22.60
X51005442366,raw_ocr_llm,Triple Six Point Enterprise,22/03/2018,No 14818 Jalan Fermas 4/3 Bandar Baru Permas,22.80,TRIPLE SIX POINT ENTERPRISE 666,22-03-2018,NO 14& 16 JALAN PERMAS 4/3 BANDAR BARU PERMAS JAY,22.60
X51005442366,multimodal_ocr,"April 1st, 2013 - The receipt is for a purchase of $62.00 at a store called ""The Market"" located at 456 Main Street in Bakersfield, California 95701.",unknown,unknown,unknown,TRIPLE SIX POINT ENTERPRISE 666,22-03-2018,NO 14& 16 JALAN PERMAS 4/3 BANDAR BARU PERMAS JAY,22.60
X51005442366,multimodal_ocr_llm,The Market,01/04/2013,"456 Main Street, Bakersfield, California 95701",62.00,TRIPLE SIX POINT ENTERPRISE 666,22-03-2018,NO 14& 16 JALAN PERMAS 4/3 BANDAR BARU PERMAS JAY,22.60
X51006311764,raw_ocr,TONYMOLY  VIVA CITY,29/03/2018,(TONYMOLY   SHOP   (95874) ),unknown,TONYMOLY VIVA CITY,29/03/2018,"UNIT L1-044B, VIVACITY MEGAMALL, JALAN WAN ALWI, 93350 KUCHING, SARAWAK.",39.90
X51006311764,raw_ocr_llm,Tony Moly,29/03/2018,"L1-044B, VIVACITY MEGAMALL, JALAN WAN ALHI, 93350 KUCHING, SARAWAK",39.90,TONYMOLY VIVA CITY,29/03/2018,"UNIT L1-044B, VIVACITY MEGAMALL, JALAN WAN ALWI, 93350 KUCHING, SARAWAK.",39.90
X51006311764,multimodal_ocr,Toorang City - Tanjung City - Kuala Lumpur - Batu Cepat - Batu Cepat - Batu Cepat - Batu Cepat - Batu Cepat - Batu Cepat - Batu Cepat - Batu Cepat - Batu Cepat - Batu Cepat - Batu Cepat - Batu Cepat - Batu Cepat - Batu Cepat - Batu Cepat - Batu Cepat - Batu Cepat - Batu Cepat - Batu Cepat - Batu Cepat - Batu Cepat - Batu Cepat - Batu Cepat - Batu Cepat - Batu Cepat - Batu Cepat - Batu Cepat - Batu Cepat - Batu Cepat - Batu Cepat - Batu Cepat - Batu Cepat - Batu Cepat - Batu Cepat - Batu Cepat - Batu Cepat - Batu Cepat - Batu Cepat - Batu Cepat - Batu Cepat - Batu Cepat - Batu Cepat - Batu Cepat - Batu Cepat - Batu Cepat - Batu Cepat - Batu Cepat - Batu Cepat - Batu Cepat - Batu Cepat - Batu Cepat - Batu Cepat - Batu Cepat - Batu Cepat - Batu Cepat - Batu Cepat - Batu Cepat - Batu Cepat - Batu Cepat - Batu Cepat - Batu Cepat - Batu Cepat - Batu Cepat - Batu Cepat - Batu Cepat - Batu Cepat - Batu Cepat - Batu Cepat - Batu Cepat - Batu Cepat - Batu Cepat - Batu Cepat - Batu Cepat - Batu Cepat - Batu Cepat - Batu Cepat - Batu Cepat - Batu Cepat - Batu Cepat - Batu Cepat - Batu Cepat - Batu Cepat - Batu Cepat - Batu Cepat - Batu Cepat - Batu Cepat - Batu Cepat - Batu Cepat - Batu Cepat - Batu Cepat - Batu Cepat - Batu Cepat - Batu Cepat - Batu Cepat - Batu Cepat - Batu Cepat - Batu Cepat - Batu Cepat - Batu Cepat - Batu Cepat - Batu Cepat - Batu Cepat - Batu Cepat - Batu Cepat - Batu Cepat - Batu Cepat - Batu Cepat - Batu Cepat - Batu Cepat - Batu Cepat - Batu Cepat - Batu Cepat - Batu Cepat - Batu Cepat - Batu Cepat - Batu Cepat - Batu Cepat - Batu Cepat - Batu Cepat - Batu Cepat - Batu Cepat - Batu Cepat - Batu Cepat - Batu Cepat - Batu Cepat - Batu Cepat - Batu Cepat - Batu Cepat - Batu Cepat - Batu Cepat - Batu Cepat - Batu Cepat - Batu Cepat - Batu Cepat - Batu Cepat - Batu Cepat - Batu Cepat - Batu Cepat - Batu Cepat - Batu Cepat - Batu Cepat - Batu Cepat - Batu Cepat - Batu Cepat - Batu Cepat - Batu Cepat - Batu Cepat - Batu Cepat - Batu Cepat - Batu Cepat - Batu Cepat - Batu Cepat - Batu Cepat - Batu Cepat - Batu Cepat - Batu Cepat - Batu Cepat - Batu Cepat - Batu Cepat - Batu Cepat - Batu Cepat - Batu Cepat - Batu Cepat - Batu Cepat - Batu Cepat - Batu Cepat - Batu Cepat - Batu Cepat - Batu Cepat - Batu Cepat - Batu Cepat - Batu Cepat - Batu Cepat - Batu Cepat - Batu Cepat - Batu Cepat - Batu Cepat - Batu Cepat - Batu Cepat - Batu Cepat - Batu Cepat - Batu Cepat - Batu Cepat - Batu Cepat - Batu Cepat - Batu Cepat - Batu Cepat - Batu Cepat - Batu Cepat - Batu Cepat - Batu Cepat - Batu Cepat - Batu Cepat - Batu Cepat - Batu Cepat - Batu Cepat - Batu Cepat - Batu Cepat - Batu Cepat - Batu Cepat - Batu Cepat - Batu Cepat - Batu Cepat - Batu Cepat - Batu Cepat - Batu Cepat - Bat,unknown,unknown,unknown,TONYMOLY VIVA CITY,29/03/2018,"UNIT L1-044B, VIVACITY MEGAMALL, JALAN WAN ALWI, 93350 KUCHING, SARAWAK.",39.90
X51006311764,multimodal_ocr_llm,Toorang,unknown,"Tanjung City, Kuala Lumpur, Batu Cepat",unknown,TONYMOLY VIVA CITY,29/03/2018,"UNIT L1-044B, VIVACITY MEGAMALL, JALAN WAN ALWI, 93350 KUCHING, SARAWAK.",39.90
X51006556723,raw_ocr,GARDENA BAKERIES (KL) siN BHD ( [39386 X),03/08/2017,"Lot 3,","55,09",GARDENIA BAKERIES (KL) SDN BHD,03/08/2017,"LOT 3, JALAN PELABUR 23/1, 40300 SHAH ALAM, SELANGOR.",-5.09
X51006556723,raw_ocr_llm,GARDENA BAKERIES (KL) siN BHD,03/08/2017,"Lot 3, Jalan Pelabur 23/1, 40300 Shah Alam",35.09,GARDENIA BAKERIES (KL) SDN BHD,03/08/2017,"LOT 3, JALAN PELABUR 23/1, 40300 SHAH ALAM, SELANGOR.",-5.09
X51006556723,multimodal_ocr,1. Gardenia Bakery (KLKJDSN)  (KLJDSN KLJDSN)  (SIN)  (SIN)  (SIN)  (SIN)  (SIN)  (SIN)  (SIN)  (SIN)  (SIN)  (SIN)  (SIN)  (SIN)  (SIN)  (SIN)  (SIN)  (SIN)  (SIN)  (SIN)  (SIN)  (SIN)  (SIN)  (SIN)  (SIN)  (SIN)  (SIN)  (SIN)  (SIN)  (SIN)  (SIN)  (SIN)  (SIN)  (SIN)  (SIN)  (SIN)  (SIN)  (SIN)  (SIN)  (SIN)  (SIN)  (SIN)  (SIN)  (SIN)  (SIN)  (SIN)  (SIN)  (SIN)  (SIN)  (SIN)  (SIN)  (SIN)  (SIN)  (SIN)  (SIN)  (SIN)  (SIN)  (SIN)  (SIN)  (SIN)  (SIN)  (SIN)  (SIN)  (SIN)  (SIN)  (SIN)  (SIN)  (SIN)  (SIN)  (SIN)  (SIN)  (SIN)  (SIN)  (SIN)  (SIN)  (SIN)  (SIN)  (SIN)  (SIN)  (SIN)  (SIN)  (SIN)  (SIN)  (SIN)  (SIN)  (SIN)  (SIN)  (SIN)  (SIN)  (SIN)  (SIN)  (SIN)  (SIN)  (SIN)  (SIN)  (SIN)  (SIN)  (SIN)  (SIN)  (SIN)  (SIN)  (SIN)  (SIN)  (SIN)  (SIN)  (SIN)  (SIN)  (SIN)  (SIN)  (SIN)  (SIN)  (SIN)  (SIN)  (SIN)  (SIN)  (SIN)  (SIN)  (SIN)  (SIN)  (SIN)  (SIN)  (SIN)  (SIN)  (SIN)  (SIN)  (SIN)  (SIN)  (SIN)  (SIN)  (SIN)  (SIN)  (SIN)  (SIN)  (SIN)  (SIN)  (SIN)  (SIN)  (SIN)  (SIN)  (SIN)  (SIN)  (SIN)  (SIN)  (SIN)  (SIN)  (SIN)  (SIN)  (SIN)  (SIN)  (SIN)  (SIN)  (SIN)  (SIN)  (SIN)  (SIN)  (SIN)  (SIN)  (SIN)  (SIN)  (SIN)  (SIN)  (SIN)  (SIN)  (SIN)  (SIN)  (SIN)  (SIN)  (SIN)  (SIN)  (SIN)  (SIN)  (SIN)  (SIN)  (SIN)  (SIN)  (SIN)  (SIN)  (SIN)  (SIN)  (SIN)  (SIN)  (SIN)  (SIN)  (SIN)  (SIN)  (SIN)  (SIN)  (SIN)  (SIN)  (SIN)  (SIN)  (SIN)  (SIN)  (SIN)  (SIN)  (SIN)  (SIN)  (SIN)  (SIN)  (SIN)  (SIN)  (SIN)  (SIN)  (SIN)  (SIN)  (SIN)  (SIN)  (SIN)  (SIN)  (SIN)  (SIN)  (SIN)  (SIN)  (SIN)  (SIN)  (SIN)  (SIN)  (SIN)  (SIN)  (SIN)  (SIN)  (SIN)  (SIN)  (SIN)  (SIN)  (SIN)  (SIN)  (SIN)  (SIN)  (SIN)  (SIN)  (SIN)  (SIN)  (SIN)  (SIN)  (SIN)  (SIN)  (SIN)  (SIN)  (SIN)  (SIN)  (SIN)  (SIN)  (SIN)  (SIN)  (SIN)  (S,unknown,unknown,unknown,GARDENIA BAKERIES (KL) SDN BHD,03/08/2017,"LOT 3, JALAN PELABUR 23/1, 40300 SHAH ALAM, SELANGOR.",-5.09
X51006556723,multimodal_ocr_llm,Gardenia Bakery,unknown,unknown,unknown,GARDENIA BAKERIES (KL) SDN BHD,03/08/2017,"LOT 3, JALAN PELABUR 23/1, 40300 SHAH ALAM, SELANGOR.",-5.09
X51006619694,raw_ocr,Guardian Health And Beauty Sdn Bhd,11/02/16,"Lot FALZA.4, Level ZA",2.56,GUARDIAN HEALTH AND BEAUTY SDN BHD,11/02/16,"LOT F/L2A.4, LEVEL 2A FIRST WORLD PLAZA, FIRST WORLD",2.56
X51006619694,raw_ocr_llm,Guardian Health And Beauty Sdn Bhd,11/02/16,"First World Plaza, First World Theme Park, Lot FALZA.4, Level ZA",50.55,GUARDIAN HEALTH AND BEAUTY SDN BHD,11/02/16,"LOT F/L2A.4, LEVEL 2A FIRST WORLD PLAZA, FIRST WORLD",2.56
X51006619694,multimodal_ocr,"1. Guardians Health and Beauty Sdn Bhd. (Volume 1)  Langhuang, Thailand.  23/03/2021.  Langhuang, Thailand.  23/03/2021.  Langhuang, Thailand.  23/03/2021.  Langhuang, Thailand.  23/03/2021.  Langhuang, Thailand.  23/03/2021.  Langhuang, Thailand.  23/03/2021.",23/03/2021,unknown,unknown,GUARDIAN HEALTH AND BEAUTY SDN BHD,11/02/16,"LOT F/L2A.4, LEVEL 2A FIRST WORLD PLAZA, FIRST WORLD",2.56
X51006619694,multimodal_ocr_llm,Guardians Health and Beauty Sdn Bhd,23/03/2021,"Langhuang, Thailand",unknown,GUARDIAN HEALTH AND BEAUTY SDN BHD,11/02/16,"LOT F/L2A.4, LEVEL 2A FIRST WORLD PLAZA, FIRST WORLD",2.56
X51006466065,raw_ocr,3180404,13/04/2018,(1097826-F ),unknown,GHEE HIANG GH DISTRIBUTOR & MARKETING SDN BHD,13/04/2018,"95, BEACH ROAD, 10300 PENANG. 10400 PENANG.",25.00
X51006466065,raw_ocr_llm,GH DISTRIBUTOR & MARKETING SON BHD,13/04/2018,"95 Beach Road, 10300 Penang.",25.00,GHEE HIANG GH DISTRIBUTOR & MARKETING SDN BHD,13/04/2018,"95, BEACH ROAD, 10300 PENANG. 10400 PENANG.",25.00
X51006466065,multimodal_ocr,Receipt:,unknown,unknown,unknown,GHEE HIANG GH DISTRIBUTOR & MARKETING SDN BHD,13/04/2018,"95, BEACH ROAD, 10300 PENANG. 10400 PENANG.",25.00
X51006466065,multimodal_ocr_llm,Sheff & Jeans GmbH,unknown,unknown,unknown,GHEE HIANG GH DISTRIBUTOR & MARKETING SDN BHD,13/04/2018,"95, BEACH ROAD, 10300 PENANG. 10400 PENANG.",25.00
X51006557198,raw_ocr,GARDENIA BAKERIES (KL) SDN BHD (139386 X),10/10/2017,"Jalan Pelabur 23/1,",27.20,GARDENIA BAKERIES (KL) SDN BHD,10/10/2017,"LOT 3, JALAN PELABUR 23/1, 40300 SHAH ALAM, SELANGOR.",27.20
X51006557198,raw_ocr_llm,GARDENIA BAKERIES (KL) SDN BHD,10/10/2017,"HAKASSAR FRESH Market SDN BHd, GROUNI) FLOOR, NO 6 , JALAN sS 15/48 475u0 SUBANG JAYA, SELANGOR",29.33,GARDENIA BAKERIES (KL) SDN BHD,10/10/2017,"LOT 3, JALAN PELABUR 23/1, 40300 SHAH ALAM, SELANGOR.",27.20
X51006557198,multimodal_ocr,1. Gardena Bakeries KLDH (Jalan Pahang) (Jalan Pahang) (Jalan Pahang) (Jalan Pahang) (Jalan Pahang) (Jalan Pahang) (Jalan Pahang) (Jalan Pahang) (Jalan Pahang) (Jalan Pahang) (Jalan Pahang) (Jalan Pahang) (Jalan Pahang) (Jalan Pahang) (Jalan Pahang) (Jalan Pahang) (Jalan Pahang) (Jalan Pahang) (Jalan Pahang) (Jalan Pahang) (Jalan Pahang) (Jalan Pahang) (Jalan Pahang) (Jalan Pahang) (Jalan Pahang) (Jalan Pahang) (Jalan Pahang) (Jalan Pahang) (Jalan Pahang) (Jalan Pahang) (Jalan Pahang) (Jalan Pahang) (Jalan Pahang) (Jalan Pahang) (Jalan Pahang) (Jalan Pahang) (Jalan Pahang) (Jalan Pahang) (Jalan Pahang) (Jalan Pahang) (Jalan Pahang) (Jalan Pahang) (Jalan Pahang) (Jalan Pahang) (Jalan Pahang) (Jalan Pahang) (Jalan Pahang) (Jalan Pahang) (Jalan Pahang) (Jalan Pahang) (Jalan Pahang) (Jalan Pahang) (Jalan Pahang) (Jalan Pahang) (Jalan Pahang) (Jalan Pahang) (Jalan Pahang) (Jalan Pahang) (Jalan Pahang) (Jalan Pahang) (Jalan Pahang) (Jalan Pahang) (Jalan Pahang) (Jalan Pahang) (Jalan Pahang) (Jalan Pahang) (Jalan Pahang) (Jalan Pahang) (Jalan Pahang) (Jalan Pahang) (Jalan Pahang) (Jalan Pahang) (Jalan Pahang) (Jalan Pahang) (Jalan Pahang) (Jalan Pahang) (Jalan Pahang) (Jalan Pahang) (Jalan Pahang) (Jalan Pahang) (Jalan Pahang) (Jalan Pahang) (Jalan Pahang) (Jalan Pahang) (Jalan Pahang) (Jalan Pahang) (Jalan Pahang) (Jalan Pahang) (Jalan Pahang) (Jalan Pahang) (Jalan Pahang) (Jalan Pahang) (Jalan Pahang) (Jalan Pahang) (Jalan Pahang) (Jalan Pahang) (Jalan Pahang) (Jalan Pahang) (Jalan Pahang) (Jalan Pahang) (Jalan Pahang) (Jalan Pahang) (Jalan Pahang) (Jalan Pahang) (Jalan Pahang) (Jalan Pahang) (Jalan Pahang) (Jalan Pahang) (Jalan Pahang) (Jalan Pahang) (Jalan Pahang) (Jalan Pahang) (Jalan Pahang) (Jalan Pahang) (Jalan Pahang) (Jalan Pahang) (Jalan Pahang) (Jalan Pahang) (Jalan Pahang) (Jalan Pahang) (Jalan Pahang) (Jalan Pahang) (Jalan Pahang) (Jalan Pahang) (Jalan Pahang) (Jalan Pahang) (Jalan Pahang) (Jalan Pahang) (Jalan Pahang) (Jalan Pahang) (Jalan Pahang) (Jalan Pahang) (Jalan Pahang) (Jalan Pahang) (Jalan Pahang) (Jalan Pahang) (Jalan Pahang) (Jalan Pahang) (Jalan Pahang) (Jalan Pahang) (Jalan Pahang) (Jalan Pahang) (Jalan Pahang) (Jalan Pahang) (Jalan Pahang) (Jalan Pahang) (Jalan Pahang) (Jalan Pahang) (Jalan Pahang) (Jalan Pahang) (Jalan Pahang) (Jalan Pahang) (Jalan Pahang) (Jalan Pahang) (Jalan Pahang) (Jalan Pahang) (Jalan Pahang) (Jalan Pahang) (Jalan Pahang) (Jalan Pahang) (Jalan Pahang) (Jalan Pahang) (Jalan Pahang) (Jalan Pahang) (Jalan Pahang) (Jalan Pahang) (Jalan Pahang) (Jalan Pahang) (Jalan Pahang) (Jalan Pahang) (Jalan Pahang) (Jalan Pahang) (Jalan Pahang) (Jalan Pahang) (Jalan Pahang) (Jalan Pahang) (Jalan Pahang) (J,unknown,unknown,unknown,GARDENIA BAKERIES (KL) SDN BHD,10/10/2017,"LOT 3, JALAN PELABUR 23/1, 40300 SHAH ALAM, SELANGOR.",27.20
X51006557198,multimodal_ocr_llm,Gardena Bakeries,unknown,Jalan Pahang,unknown,GARDENIA BAKERIES (KL) SDN BHD,10/10/2017,"LOT 3, JALAN PELABUR 23/1, 40300 SHAH ALAM, SELANGOR.",27.20
X51008145505,raw_ocr,Cash Sale,09/06/2018,KT WONG TRADING (001904043-H),489.30,KT WONG TRADING,09/06/2018,"22, JALAN PERINDUSTRIAN HIJAU 5, TAMAN PERINDUSTRIAN HIJAU,",489.30
X51008145505,raw_ocr_llm,KT WONG TRADING,09/06/2018,"22, Jalan Perindustrian Hijau 5, Taman Perindustrian Hijau",489.30,KT WONG TRADING,09/06/2018,"22, JALAN PERINDUSTRIAN HIJAU 5, TAMAN PERINDUSTRIAN HIJAU,",489.30
X51008145505,multimodal_ocr,Cash Sale: KTM WOG TIRAM KG TIRAM KG TIRAM KG TIRAM KG TIRAM KG TIRAM KG TIRAM KG TIRAM KG TIRAM KG TIRAM KG TIRAM KG TIRAM KG TIRAM KG TIRAM KG TIRAM KG TIRAM KG TIRAM KG TIRAM KG TIRAM KG TIRAM KG TIRAM KG TIRAM KG TIRAM KG TIRAM KG TIRAM KG TIRAM KG TIRAM KG TIRAM KG TIRAM KG TIRAM KG TIRAM KG TIRAM KG TIRAM KG TIRAM KG TIRAM KG TIRAM KG TIRAM KG TIRAM KG TIRAM KG TIRAM KG TIRAM KG TIRAM KG TIRAM KG TIRAM KG TIRAM KG TIRAM KG TIRAM KG TIRAM KG TIRAM KG TIRAM KG TIRAM KG TIRAM KG TIRAM KG TIRAM KG TIRAM KG TIRAM KG TIRAM KG TIRAM KG TIRAM KG TIRAM KG TIRAM KG TIRAM KG TIRAM KG TIRAM KG TIRAM KG TIRAM KG TIRAM KG TIRAM KG TIRAM KG TIRAM KG TIRAM KG TIRAM KG TIRAM KG TIRAM KG TIRAM KG TIRAM KG TIRAM KG TIRAM KG TIRAM KG TIRAM KG TIRAM KG TIRAM KG TIRAM KG TIRAM KG TIRAM KG TIRAM KG TIRAM KG TIRAM KG TIRAM KG TIRAM KG TIRAM KG TIRAM KG TIRAM KG TIRAM KG TIRAM KG TIRAM KG TIRAM KG TIRAM KG TIRAM KG TIRAM KG TIRAM KG TIRAM KG TIRAM KG TIRAM KG TIRAM KG TIRAM KG TIRAM KG TIRAM KG TIRAM KG TIRAM KG TIRAM KG TIRAM KG TIRAM KG TIRAM KG TIRAM KG TIRAM KG TIRAM KG TIRAM KG TIRAM KG TIRAM KG TIRAM KG TIRAM KG TIRAM KG TIRAM KG TIRAM KG TIRAM KG TIRAM KG TIRAM KG TIRAM KG TIRAM KG TIRAM KG TIRAM KG TIRAM KG TIRAM KG TIRAM KG TIRAM KG TIRAM KG TIRAM KG TIRAM KG TIRAM KG TIRAM KG TIRAM KG TIRAM KG TIRAM KG TIRAM KG TIRAM KG TIRAM KG TIRAM KG TIRAM KG TIRAM KG TIRAM KG TIRAM KG TIRAM KG TIRAM KG TIRAM KG TIRAM KG TIRAM KG TIRAM KG TIRAM KG TIRAM KG TIRAM KG TIRAM KG TIRAM KG TIRAM KG TIRAM KG TIRAM KG TIRAM KG TIRAM KG TIRAM KG TIRAM KG TIRAM KG TIRAM KG TIRAM KG TIRAM KG TIRAM KG TIRAM KG TIRAM KG TIRAM KG TIRAM KG TIRAM KG TIRAM KG TIRAM KG TIRAM KG TIRAM KG TIRAM KG TIRAM KG TIRAM KG TIRAM KG TIRAM KG TIRAM KG TIRAM KG TIRAM KG TIRAM KG TIRAM KG TIRAM KG TIRAM KG TIRAM KG TIRAM KG TIRAM KG TIRAM KG TIRAM KG TIRAM KG TIRAM KG TIRAM KG TIRAM KG TIRAM KG TIRAM KG TIRAM KG TIRAM KG TIRAM KG TIRAM KG TIRAM KG TIRAM KG TIRAM KG TIRAM KG TIRAM KG TIRAM KG TIRAM KG TIRAM KG TIRAM KG TIRAM KG TIRAM KG TIRAM KG TIRAM KG TIRAM KG TIRAM KG TIRAM KG TIRAM KG TIRAM KG TIRAM KG TIRAM KG TIRAM KG TIRAM KG TIRAM KG TIRAM KG TIRAM KG TIRAM KG TIRAM KG TIRAM KG TIRAM KG TIRAM KG TIRAM KG TIRAM KG TIRAM KG TIRAM KG TIRAM KG TIRAM KG TIRAM KG TIRAM,unknown,unknown,unknown,KT WONG TRADING,09/06/2018,"22, JALAN PERINDUSTRIAN HIJAU 5, TAMAN PERINDUSTRIAN HIJAU,",489.30
X51008145505,multimodal_ocr_llm,KTM WOG TIRAM,unknown,unknown,unknown,KT WONG TRADING,09/06/2018,"22, JALAN PERINDUSTRIAN HIJAU 5, TAMAN PERINDUSTRIAN HIJAU,",489.30
X51006557209,raw_ocr,GARDENIA BAKERIES (KL.) SDN BHD (139386 X),06/10/2017,"Jalan Pelabur 23/1,",unknown,GARDENIA BAKERIES (KL) SDN BHD,06/10/2017,"LOT 3, JALAN PELABUR 23/1, 40300 SHAH ALAM, SELANGOR.",33.84
X51006557209,raw_ocr_llm,Gardenia Bakeries (KL.) Sdn. Bhd.,06/10/2017,"Ground Floor, No. 6, Jalan SS 15/48, Subang Jaya, Selangor",33.84,GARDENIA BAKERIES (KL) SDN BHD,06/10/2017,"LOT 3, JALAN PELABUR 23/1, 40300 SHAH ALAM, SELANGOR.",33.84
X51006557209,multimodal_ocr,1. Gardeneria Bakeries (Kilisah) Kdnrs. X (190316)  (www.gardeneriabakery.com)  (www.gardeneriabakery.com/shop/shop-page)  (www.gardeneriabakery.com/shop/shop-page)  (www.gardeneriabakery.com/shop/shop-page) (www.gardeneriabakery.com/shop/shop-page),unknown,unknown,unknown,GARDENIA BAKERIES (KL) SDN BHD,06/10/2017,"LOT 3, JALAN PELABUR 23/1, 40300 SHAH ALAM, SELANGOR.",33.84
X51006557209,multimodal_ocr_llm,Gardeneria Bakeries,03/16/19,Kilisah Kdnrs. X,unknown,GARDENIA BAKERIES (KL) SDN BHD,06/10/2017,"LOT 3, JALAN PELABUR 23/1, 40300 SHAH ALAM, SELANGOR.",33.84
X51005675095,raw_ocr,3 '8 0oV,14/01/2018,(N: 190573-M,unknown,SUN VICTORY SDN BHD,14/01/2018,"LEVEL G2, BLOCK D1, SOLARIS DUTAMAS, NO.1, JALAN DUTAMAS 1, 50480 KUALA LUMPUR",RM4.00
X51005675095,raw_ocr_llm,SN VICTCRY SON BHD,14/01/2018,"Level 62,Blok 01, Solaris Outamas, No: 1, Jalan Dutaas 1, 50480 Kuala Lumpur",4.00,SUN VICTORY SDN BHD,14/01/2018,"LEVEL G2, BLOCK D1, SOLARIS DUTAMAS, NO.1, JALAN DUTAMAS 1, 50480 KUALA LUMPUR",RM4.00
X51005675095,multimodal_ocr,1. Sun Victory Son Dutamas (Sun) - 2/14/18 - 10:00 AM - No. 2 - Lease payment - Lease agreement - Lease renewal - Lease extension - Lease modification - Lease termination - Lease assignment - Lease transfer - Lease assignment - Lease assignment - Lease assignment,2/14/18,unknown,unknown,SUN VICTORY SDN BHD,14/01/2018,"LEVEL G2, BLOCK D1, SOLARIS DUTAMAS, NO.1, JALAN DUTAMAS 1, 50480 KUALA LUMPUR",RM4.00
X51005675095,multimodal_ocr_llm,Sun Victory Son Dutamas (Sun),14/02/2018,unknown,0.00,SUN VICTORY SDN BHD,14/01/2018,"LEVEL G2, BLOCK D1, SOLARIS DUTAMAS, NO.1, JALAN DUTAMAS 1, 50480 KUALA LUMPUR",RM4.00
X51006387932,raw_ocr,(p),unknown,JAlAN TAMAN JASA 2_,unknown,BILLION SIX ENTERPRISE,04/05/2017,"NO 3, JALAN TAMAN JASA 2, SECTION U6, 40150 SHAH ALAM.",12.00
X51006387932,raw_ocr_llm,RIELION SIX ENTERPRISE,07/06/2017,"TAMAN JASA 2, 410150 SHAH ALAM.",38.00,BILLION SIX ENTERPRISE,04/05/2017,"NO 3, JALAN TAMAN JASA 2, SECTION U6, 40150 SHAH ALAM.",12.00
X51006387932,multimodal_ocr,CPP - Billing Section U6 - Salah Alami 2 - 12/12/19 - Posted,12/12/19,unknown,unknown,BILLION SIX ENTERPRISE,04/05/2017,"NO 3, JALAN TAMAN JASA 2, SECTION U6, 40150 SHAH ALAM.",12.00
X51006387932,multimodal_ocr_llm,Salah Alami,12/12/2019,Unknown,Unknown,BILLION SIX ENTERPRISE,04/05/2017,"NO 3, JALAN TAMAN JASA 2, SECTION U6, 40150 SHAH ALAM.",12.00
X51007339115,raw_ocr,SANYU STATIONERY SHOP,31/10/2017,"NO. 3168336, JALAN SETIA INDAH X ,U13/X",3.90,SANYU STATIONERY SHOP,31/10/2017,"NO. 31G&33G, JALAN SETIA INDAH X ,U13/X 40170 SETIA ALAM",3.90
X51007339115,raw_ocr_llm,SANYU STATIONERY SHOP,31/10/2017,"NO. 3168336, JALAN SETIA INDAH X , U13/X, 40170 SETI ALAM",3.90,SANYU STATIONERY SHOP,31/10/2017,"NO. 31G&33G, JALAN SETIA INDAH X ,U13/X 40170 SETIA ALAM",3.90
X51007339115,multimodal_ocr,"1. Sanyo Stationery Shop - No. 30, Tanjung, Indonesia - Sanyo Stationery Shop - No. 30, Tanjung, Indonesia - Sanyo Stationery Shop - No. 30, Tanjung, Indonesia - Sanyo Stationery Shop - No. 30, Tanjung, Indonesia - Sanyo Stationery Shop - No. 30, Tanjung, Indonesia - Sanyo Stationery Shop - No. 30, Tanjung, Indonesia - Sanyo Stationery Shop - No. 30, Tanjung, Indonesia - Sanyo Stationery Shop - No. 30, Tanjung, Indonesia - Sanyo Stationery Shop - No. 30, Tanjung, Indonesia - Sanyo Stationery Shop - No. 30, Tanjung, Indonesia - Sanyo Stationery Shop - No. 30, Tanjung, Indonesia - Sanyo Stationery Shop - No. 30, Tanjung, Indonesia - Sanyo Stationery Shop - No. 30, Tanjung, Indonesia - Sanyo Stationery Shop - No. 30, Tanjung, Indonesia - Sanyo Stationery Shop - No. 30, Tanjung, Indonesia - Sanyo Stationery Shop - No. 30, Tanjung, Indonesia - Sanyo Stationery Shop - No. 30, Tanjung, Indonesia - Sanyo Stationery Shop - No. 30, Tanjung, Indonesia - Sanyo Stationery Shop - No. 30, Tanjung, Indonesia - Sanyo Stationery Shop - No. 30, Tanjung, Indonesia - Sanyo Stationery Shop - No. 30, Tanjung, Indonesia - Sanyo Stationery Shop - No. 30, Tanjung, Indonesia - Sanyo Stationery Shop - No. 30, Tanjung, Indonesia - Sanyo Stationery Shop - No. 30, Tanjung, Indonesia - Sanyo Stationery Shop - No. 30, Tanjung, Indonesia - Sanyo Stationery Shop - No. 30, Tanjung, Indonesia - Sanyo Stationery Shop - No. 30, Tanjung, Indonesia - Sanyo Stationery Shop - No. 30, Tanjung, Indonesia - Sanyo Stationery Shop - No. 30, Tanjung, Indonesia - Sanyo Stationery Shop - No. 30, Tanjung, Indonesia - Sanyo Stationery Shop - No. 30, Tanjung, Indonesia - Sanyo Stationery Shop - No. 30, Tanjung, Indonesia - Sanyo Stationery Shop - No. 30, Tanjung, Indonesia - Sanyo Stationery Shop - No. 30, Tanjung, Indonesia - Sanyo Stationery Shop - No. 30, Tanjung, Indonesia - Sanyo Stationery Shop - No. 30, Tanjung, Indonesia - Sanyo Stationery Shop - No. 30, Tanjung, Indonesia - Sanyo Stationery Shop - No. 30, Tanjung, Indonesia - Sanyo Stationery Shop - No. 30, Tanjung, Indonesia - Sanyo Stationery Shop - No. 30, Tanjung, Indonesia - Sanyo Stationery Shop - No. 30, Tanjung, Indonesia - Sanyo Stationery Shop - No. 30, Tanjung, Indonesia - Sanyo Stationery Shop - No. 30, Tanjung, Indonesia - Sanyo Stationery Shop - No. 30, Tanjung, Indonesia - Sanyo Stationery Shop - No. 30, Tanjung, Indonesia - Sanyo Stationery Shop - No. 30, Tanjung, Indonesia - Sanyo Stationery Shop - No. 30, Tanjung, Indonesia - Sanyo Stationery Shop - No. 30, Tanjung, Indonesia - Sanyo Stationery Shop - No. 30, Tanjung, Indonesia - Sanyo Stationery Shop - No. 30, Tanjung, Indonesia - Sanyo Stationery Shop - No. 30, Tanjung, Indonesia - Sanyo Stationery Shop - No. 30, Tanjung, Indonesia - Sanyo Stationery Shop - No. 30, Tanjung, Indonesia - Sanyo Stationery Shop - No. 30, Tanjung, Indonesia - Sanyo Stationery Shop - No. 30, Tanjung, Indonesia - Sanyo Stationery Shop - No. 30, Tanjung, Indonesia - Sanyo Stationery Shop - No. 30, Tanjung, Indonesia - Sanyo Stationery Shop - No. 30, Tanjung, Indonesia - Sanyo Stationery Shop - No. 30, Tanjung, Indonesia - Sanyo Stationery Shop - No. 30, Tanjung, Indonesia - Sanyo Stationery Shop - No. 30, Tanjung, Indonesia - Sanyo Stationery Shop - No. 30, Tanjung, Indonesia - Sanyo Stationery Shop - No. 30, Tanjung, Indonesia - Sanyo Stationery Shop - No. 30, Tanjung, Indonesia - Sanyo Stationery Shop - No. 30, Tanjung, Indonesia - Sanyo Stationery Shop - No. 30, Tanjung, Indonesia - Sanyo Stationery Shop - No. 30, Tanjung, Indonesia - Sanyo Stationery Shop - No. 30, Tanjung, Indonesia - Sanyo Stationery Shop - No. 30, Tanjung, Indonesia - Sanyo Stationery Shop - No. 30, Tanjung, Indonesia - Sanyo Stationery Shop - No. 30, Tanjung, Indonesia - Sanyo Stationery Shop - No. 30, Tanjung, Indonesia - Sanyo Stationery Shop - No. 30, Tanjung, Indonesia - Sanyo Stationery Shop -",unknown,unknown,unknown,SANYU STATIONERY SHOP,31/10/2017,"NO. 31G&33G, JALAN SETIA INDAH X ,U13/X 40170 SETIA ALAM",3.90
X51007339115,multimodal_ocr_llm,Sanyo Stationery Shop,unknown,"No. 30, Tanjung, Indonesia",unknown,SANYU STATIONERY SHOP,31/10/2017,"NO. 31G&33G, JALAN SETIA INDAH X ,U13/X 40170 SETIA ALAM",3.90
X51005230648,raw_ocr,CROSS CHANNEL NETWORK SDN: BHD,29/01/2018,"47, JALAN MERANTI 1, SEK. 3,",6.00,CROSS CHANNEL NETWORK SDN. BHD.,29/01/2018,"47, JALAN MERANTI 1, SEK. 3, BANDAR UTAMA BATANG KALI, 44300 BATANG KALI, SELANGOR.",6.35
X51005230648,raw_ocr_llm,Cross Channel Network Sdn Bhd,29/01/2018,"47, Jalan Meranti 1, Sek. 3, Bandar Utama Batang Kali, Selangor: 44300 Batang Kali",6.35,CROSS CHANNEL NETWORK SDN. BHD.,29/01/2018,"47, JALAN MERANTI 1, SEK. 3, BANDAR UTAMA BATANG KALI, 44300 BATANG KALI, SELANGOR.",6.35
X51005230648,multimodal_ocr,CROSS CHANNEL NETWORK Sdn Bhd. BANDARITAS LUTAMATAN KALI Sdn Bhd. (Sdn Bhd) 43150 Batamang Balat Anak Besaran Utama Batansal Lami Besaran Utama Batansal Lami Besaran Utama Batansal Lami Besaran Utama Batansal Lami Besaran Utama Batansal Lami Besaran Utama Batansal Lami Besaran Utama Batansal Lami Besaran Utama Batansal Lami Besaran Utama Batansal Lami Besaran Utama Batansal Lami Besaran Utama Batansal Lami Besaran Utama Batansal Lami Besaran Utama Batansal Lami Besaran Utama Batansal Lami Besaran Utama Batansal Lami Besaran Utama Batansal Lami Besaran Utama Batansal Lami Besaran Utama Batansal Lami Besaran Utama Batansal Lami Besaran Utama Batansal Lami Besaran Utama Batansal Lami Besaran Utama Batansal Lami Besaran Utama Batansal Lami Besaran Utama Batansal Lami Besaran Utama Batansal Lami Besaran Utama Batansal Lami Besaran Utama Batansal Lami Besaran Utama Batansal Lami Besaran Utama Batansal Lami Besaran Utama Batansal Lami Besaran Utama Batansal Lami Besaran Utama Batansal Lami Besaran Utama Batansal Lami Besaran Utama Batansal Lami Besaran Utama Batansal Lami Besaran Utama Batansal Lami Besaran Utama Batansal Lami Besaran Utama Batansal Lami Besaran Utama Batansal Lami Besaran Utama Batansal Lami Besaran Utama Batansal Lami Besaran Utama Batansal Lami Besaran Utama Batansal Lami Besaran Utama Batansal Lami Besaran Utama Batansal Lami Besaran Utama Batansal Lami Besaran Utama Batansal Lami Besaran Utama Batansal Lami Besaran Utama Batansal Lami Besaran Utama Batansal Lami Besaran Utama Batansal Lami Besaran Utama Batansal Lami Besaran Utama Batansal Lami Besaran Utama Batansal Lami Besaran Utama Batansal Lami Besaran Utama Batansal Lami Besaran Utama Batansal Lami Besaran Utama Batansal Lami Besaran Utama Batansal Lami Besaran Utama Batansal Lami Besaran Utama Batansal Lami Besaran Utama Batansal Lami Besaran Utama Batansal Lami Besaran Utama Batansal Lami Besaran Utama Batansal Lami Besaran Utama Batansal Lami Besaran Utama Batansal Lami Besaran Utama Batansal Lami Besaran Utama Batansal Lami Besaran Utama Batansal Lami Besaran Utama Batansal Lami Besaran Utama Batansal Lami Besaran Utama Batansal Lami Besaran Utama Batansal Lami Besaran Utama Batansal Lami Besaran Utama Batansal Lami Besaran Utama Batansal Lami Besaran Utama Batansal Lami Besaran Utama Batansal Lami Besaran Utama Batansal Lami Besaran Utama Batansal Lami Besaran Utama Batansal Lami Besaran Utama Batansal Lami Besaran Utama Batansal Lami Besaran Utama Batansal Lami Besaran Utama Batansal Lami Besaran Utama Batansal Lami Besaran Utama Batansal Lami Besaran Utama Batansal Lami Besaran Utama Batansal Lami Besaran Utama Batansal Lami Besaran Utama Batansal Lami Besaran Utama Batansal Lami Besaran Utama Batansal Lami Besaran Utama Batansal Lami Besaran Utama Batansal Lami Besaran Utama Batansal Lami Besaran Utama Batansal Lami Besaran Utama Batansal Lami Besaran Utama Batansal Lami Besaran Utama Batansal Lami Besaran Utama Batansal Lami Besaran Utama Batansal Lami Besaran Utama Batansal Lami Besaran Utama Batansal Lami Besaran Utama Batansal Lami Besaran Utama Batansal Lami Besaran Utama Batansal Lami Besaran Utama Batansal Lami Besaran Utama Batansal Lami Besaran Utama Batansal Lami Besaran Utama Batansal Lami Besaran Utama Batansal Lami Besaran Utama Batansal Lami Besaran Utama Batansal Lami Besaran Utama Batansal Lami Besaran Utama Batansal Lami Besaran Utama Batansal Lami Besaran Utama Batansal Lami Besaran Utama Batansal Lami Besaran Utama,unknown,unknown,unknown,CROSS CHANNEL NETWORK SDN. BHD.,29/01/2018,"47, JALAN MERANTI 1, SEK. 3, BANDAR UTAMA BATANG KALI, 44300 BATANG KALI, SELANGOR.",6.35
X51005230648,multimodal_ocr_llm,CROSS CHANNEL NETWORK Sdn Bhd.,unknown,"BANDARITAS LUTAMATAN, 43150 Batamang Balat Anak Besaran Utama",unknown,CROSS CHANNEL NETWORK SDN. BHD.,29/01/2018,"47, JALAN MERANTI 1, SEK. 3, BANDAR UTAMA BATANG KALI, 44300 BATANG KALI, SELANGOR.",6.35
X51007339112,raw_ocr,SANYU STATIONERY SHOP,24/05/2017,"NO; 316833G,JALAN SETIA INDAH X ,013//",5.80,SANYU STATIONERY SHOP,24/05/2017,"NO. 31G&33G, JALAN SETIA INDAH X ,U13/X 40170 SETIA ALAM",5.80
X51007339112,raw_ocr_llm,SANYU SUPPLY SDN BHD,24/05/2017,SETIA ALAM,5.30,SANYU STATIONERY SHOP,24/05/2017,"NO. 31G&33G, JALAN SETIA INDAH X ,U13/X 40170 SETIA ALAM",5.80
X51007339112,multimodal_ocr,1. Samyu Stationery Shop - Indira Gandhi - Phuket - Thailand,unknown,unknown,unknown,SANYU STATIONERY SHOP,24/05/2017,"NO. 31G&33G, JALAN SETIA INDAH X ,U13/X 40170 SETIA ALAM",5.80
X51007339112,multimodal_ocr_llm,Samyu Stationery Shop,unknown,"Indira Gandhi, Phuket, Thailand",unknown,SANYU STATIONERY SHOP,24/05/2017,"NO. 31G&33G, JALAN SETIA INDAH X ,U13/X 40170 SETIA ALAM",5.80
X51006350737,raw_ocr,(481500-M),31/03/2018,NO.5O,13.80,C W KHOO HARDWARE SDN BHD,31/03/2018,"NO.50 , JALAN PBS 14/11 , KAWASAN PERINDUSTRIAN BUKIT SERDANG,",14.65
X51006350737,raw_ocr_llm,Cw Khoo Hardware Sdn Bhd,31/03/2018,"NO.5O, JALAN PBS 14/11, Kawasan Perindustrian Bukit Serdang",14.63,C W KHOO HARDWARE SDN BHD,31/03/2018,"NO.50 , JALAN PBS 14/11 , KAWASAN PERINDUSTRIAN BUKIT SERDANG,",14.65
X51006350737,multimodal_ocr,C W HOARDWARE Sdn Bhd. (Kawasaki Industrial Budu Seradans),unknown,unknown,unknown,C W KHOO HARDWARE SDN BHD,31/03/2018,"NO.50 , JALAN PBS 14/11 , KAWASAN PERINDUSTRIAN BUKIT SERDANG,",14.65
X51006350737,multimodal_ocr_llm,CW Hardware Sdn Bhd.,unknown,Kawasaki Industrial Budu Seradans,unknown,C W KHOO HARDWARE SDN BHD,31/03/2018,"NO.50 , JALAN PBS 14/11 , KAWASAN PERINDUSTRIAN BUKIT SERDANG,",14.65
X51006557185,raw_ocr,GARDKNM MAKEFTES (KHA)SDN BHID (139386 X),unknown,"Eol $, Jalan (rlabur 28/1,",110.46,GARDENIA BAKERIES (KL) SDN BHD,17/10/2017,"LOT 3, JALAN PELABUR 23/1, 40300 SHAH ALAM, SELANGOR.",110.46
X51006557185,raw_ocr_llm,Hakassar Fresh Market Sdn Bhd,17/10/2017,"No. 6, Jalan SS 15/48, Subang Jaya, Selangor",110.46,GARDENIA BAKERIES (KL) SDN BHD,17/10/2017,"LOT 3, JALAN PELABUR 23/1, 40300 SHAH ALAM, SELANGOR.",110.46
X51006557185,multimodal_ocr,1. Gardena Bakeries Inc. (Sudan) x x x x x x x x x x x x x x x x x x x x x x x x x x x x x x x,unknown,unknown,unknown,GARDENIA BAKERIES (KL) SDN BHD,17/10/2017,"LOT 3, JALAN PELABUR 23/1, 40300 SHAH ALAM, SELANGOR.",110.46
X51006557185,multimodal_ocr_llm,Gardena Bakeries Inc.,unknown,(Sudan),unknown,GARDENIA BAKERIES (KL) SDN BHD,17/10/2017,"LOT 3, JALAN PELABUR 23/1, 40300 SHAH ALAM, SELANGOR.",110.46
X00016469619,raw_ocr,tan woon yann,19/10/2018,"27,JALAN DEDAP 13,","60,31",INDAH GIFT & HOME DECO,19/10/2018,"27, JALAN DEDAP 13, TAMAN JOHOR JAYA, 81100 JOHOR BAHRU, JOHOR.",60.30
X00016469619,raw_ocr_llm,Tan Woon Yann & Home Deco,19/10/2018,"27, Jalan Dedap 13, TaMan Johor Jaya; 81100 Johor Bahru, Johor.",70.30,INDAH GIFT & HOME DECO,19/10/2018,"27, JALAN DEDAP 13, TAMAN JOHOR JAYA, 81100 JOHOR BAHRU, JOHOR.",60.30
X00016469619,multimodal_ocr,"Tan Woon Yann receipt for 27 Alan Deco Store in Johor Bahru, Johor Bahru, Malaysia.",unknown,unknown,unknown,INDAH GIFT & HOME DECO,19/10/2018,"27, JALAN DEDAP 13, TAMAN JOHOR JAYA, 81100 JOHOR BAHRU, JOHOR.",60.30
X00016469619,multimodal_ocr_llm,Alan Deco Store,unknown,"Johor Bahru, Johor Bahru, Malaysia",unknown,INDAH GIFT & HOME DECO,19/10/2018,"27, JALAN DEDAP 13, TAMAN JOHOR JAYA, 81100 JOHOR BAHRU, JOHOR.",60.30
X51008123599,raw_ocr,JIMART@SP3,3-01-1479,1026984-X,28.30,OGN GROUP SDN BHD,17/06/2018,"NO.29M, JALAN DINAR G U3/G, SEKSYEN U3, SUBANG PERDANA, 40150 SHAH ALAM",28.30
X51008123599,raw_ocr_llm,JIMART@SP3,17/06/2018,"No.29M, Jalan Dinar G U3/G, Seksyen U3, Subang Perdana, 40150 Shah Alam",28.30,OGN GROUP SDN BHD,17/06/2018,"NO.29M, JALAN DINAR G U3/G, SEKSYEN U3, SUBANG PERDANA, 40150 SHAH ALAM",28.30
X51008123599,multimodal_ocr,JTMART Sdn Bhd. Ockart Sdn Bhd. (No. 102998X X),unknown,unknown,unknown,OGN GROUP SDN BHD,17/06/2018,"NO.29M, JALAN DINAR G U3/G, SEKSYEN U3, SUBANG PERDANA, 40150 SHAH ALAM",28.30
X51008123599,multimodal_ocr_llm,"JTMART Sdn Bhd, OCKART Sdn Bhd",unknown,"No. 102998X, X",unknown,OGN GROUP SDN BHD,17/06/2018,"NO.29M, JALAN DINAR G U3/G, SEKSYEN U3, SUBANG PERDANA, 40150 SHAH ALAM",28.30
X00016469669,raw_ocr,tan,09/01/2019,"No,284,JALAN HARMONI 3/2 ,",31.00,ABC HO TRADING,09/01/2019,"NO.2&4, JALAN HARMONI 3/2, TAMAN DESA HARMONI. 81100 JOHOR BAHRU JOHOR",31.00
X00016469669,raw_ocr_llm,AC HO TRADINg,09/01/2019,"No,284,JALAN HARMONI 3/2 ,TAMAN DESA HARMONI,81100 JOHOR BAHRU JOHOr",31.00,ABC HO TRADING,09/01/2019,"NO.2&4, JALAN HARMONI 3/2, TAMAN DESA HARMONI. 81100 JOHOR BAHRU JOHOR",31.00
X00016469669,multimodal_ocr,"Tan Chay Yee ABC Trading No. 2484 Jalan Harmoni 3, 2, 2, Tan Desa Harmoni Tan Desa Harmoni Tan Desa Harmoni Tan Desa Harmoni Tan Desa Harmoni Tan Desa Harmoni Tan Desa Harmoni Tan Desa Harmoni Tan Desa Harmoni Tan Desa Harmoni Tan Desa Harmoni Tan Desa Harmoni Tan Desa Harmoni Tan Desa Harmoni Tan Desa Harmoni Tan Desa Harmoni Tan Desa Harmoni Tan Desa Harmoni Tan Desa Harmoni Tan Desa Harmoni Tan Desa Harmoni Tan Desa Harmoni Tan Desa Harmoni Tan Desa Harmoni Tan Desa Harmoni Tan Desa Harmoni Tan Desa Harmoni Tan Desa Harmoni Tan Desa Harmoni Tan Desa Harmoni Tan Desa Harmoni Tan Desa Harmoni Tan Desa Harmoni Tan Desa Harmoni Tan Desa Harmoni Tan Desa Harmoni Tan Desa Harmoni Tan Desa Harmoni Tan Desa Harmoni Tan Desa Harmoni Tan Desa Harmoni Tan Desa Harmoni Tan Desa Harmoni Tan Desa Harmoni Tan Desa Harmoni Tan Desa Harmoni Tan Desa Harmoni Tan Desa Harmoni Tan Desa Harmoni Tan Desa Harmoni Tan Desa Harmoni Tan Desa Harmoni Tan Desa Harmoni Tan Desa Harmoni Tan Desa Harmoni Tan Desa Harmoni Tan Desa Harmoni Tan Desa Harmoni Tan Desa Harmoni Tan Desa Harmoni Tan Desa Harmoni Tan Desa Harmoni Tan Desa Harmoni Tan Desa Harmoni Tan Desa Harmoni Tan Desa Harmoni Tan Desa Harmoni Tan Desa Harmoni Tan Desa Harmoni Tan Desa Harmoni Tan Desa Harmoni Tan Desa Harmoni Tan Desa Harmoni Tan Desa Harmoni Tan Desa Harmoni Tan Desa Harmoni Tan Desa Harmoni Tan Desa Harmoni Tan Desa Harmoni Tan Desa Harmoni Tan Desa Harmoni Tan Desa Harmoni Tan Desa Harmoni Tan Desa Harmoni Tan Desa Harmoni Tan Desa Harmoni Tan Desa Harmoni Tan Desa Harmoni Tan Desa Harmoni Tan Desa Harmoni Tan Desa Harmoni Tan Desa Harmoni Tan Desa Harmoni Tan Desa Harmoni Tan Desa Harmoni Tan Desa Harmoni Tan Desa Harmoni Tan Desa Harmoni Tan Desa Harmoni Tan Desa Harmoni Tan Desa Harmoni Tan Desa Harmoni Tan Desa Harmoni Tan Desa Harmoni Tan Desa Harmoni Tan Desa Harmoni Tan Desa Harmoni Tan Desa Harmoni Tan Desa Harmoni Tan Desa Harmoni Tan Desa Harmoni Tan Desa Harmoni Tan Desa Harmoni Tan Desa Harmoni Tan Desa Harmoni Tan Desa Harmoni Tan Desa Harmoni Tan Desa Harmoni Tan Desa Harmoni Tan Desa Harmoni Tan Desa Harmoni Tan Desa Harmoni Tan Desa Harmoni Tan Desa Harmoni Tan Desa Harmoni Tan Desa Harmoni Tan Desa Harmoni Tan Desa Harmoni Tan Desa Harmoni Tan Desa Harmoni Tan Desa Harmoni Tan Desa Harmoni Tan Desa Harmoni Tan Desa Harmoni Tan Desa Harmoni Tan Desa Harmoni Tan Desa Harmoni Tan Desa Harmoni Tan Desa Harmoni Tan Desa Harmoni Tan Desa Harmoni Tan Desa Harmoni Tan Desa Harmoni Tan Desa Harmoni Tan Desa Harmoni Tan Desa Harmoni Tan Desa Harmoni Tan Desa Harmoni Tan Desa Harmoni Tan Desa Harmoni Tan Desa Harmoni Tan Desa Harmoni Tan Desa Harmoni Tan Desa Harmoni Tan Desa Harmoni Tan Desa Harmoni Tan Desa Harmoni Tan Desa Harmoni Tan Desa Harmoni Tan Desa Harmoni Tan Desa Harmoni Tan Desa Harmoni Tan Desa Harmoni Tan Desa Harmoni Tan Desa Harmoni Tan Desa Harmoni Tan Desa Harmoni Tan Desa Harmoni Tan Desa Harmoni Tan Desa Harmoni Tan Desa Harmoni Tan Desa Harmoni Tan Desa Harmoni Tan Desa Harmoni Tan Desa Harmoni Tan Desa Harmoni Tan Desa Harmoni Tan Desa Harmoni Tan Desa Harmoni Tan Desa Harmoni Tan Desa Harmoni Tan Desa Harmoni Tan Desa Harmoni Tan Desa Harmoni Tan Desa Harmoni Tan Desa Harmoni Tan Desa Harmoni Tan Desa Harmoni Tan Desa Harmoni Tan Desa Harmoni Tan Desa Harmoni Tan Desa Harmoni Tan Desa Harmoni Tan Desa Harmoni Tan Desa Harmoni Tan Desa Harmoni Tan Desa Harmoni Tan Desa Harmoni Tan Desa Harmoni Tan Desa Harmoni Tan Desa Harmoni Tan Desa Harmoni Tan Desa Harmoni Tan Desa Harmoni Tan Desa Harmoni Tan Desa Harmoni Tan Desa Harmoni Tan Desa Harmoni Tan Desa Harmoni Tan Desa Harmoni Tan Desa Harmoni Tan Desa Harmoni Tan Desa Harmoni Tan Desa Harmoni Tan Desa Harmoni Tan Desa Harmoni Tan Desa Harmoni Tan Desa Harmoni Tan Desa Harmoni Tan Desa Harmoni Tan Desa Harmoni Tan Desa Harmoni Tan Desa Harmoni Tan Desa Harmoni Tan Desa Harmoni Tan Desa Harmoni Tan Desa Harmoni Tan Desa Harmoni Tan Desa Harmoni Tan Desa Harmoni Tan Desa Harmoni Tan Desa Harmoni Tan Desa Harmoni Tan Desa Harmoni Tan Desa Harmoni Tan Desa Harmoni Tan Desa Harmoni Tan Desa Harmoni Tan Desa Harmoni Tan Desa Harmoni Tan Desa Harmoni Tan Desa Harmoni Tan Desa Harmoni Tan Desa Harmoni Tan Desa Harmoni Tan Desa Harm",unknown,unknown,unknown,ABC HO TRADING,09/01/2019,"NO.2&4, JALAN HARMONI 3/2, TAMAN DESA HARMONI. 81100 JOHOR BAHRU JOHOR",31.00
X00016469669,multimodal_ocr_llm,Tan Chay Yee ABC Trading,unknown,"No. 2484 Jalan Harmoni, 2, Tan Desa Harmoni",unknown,ABC HO TRADING,09/01/2019,"NO.2&4, JALAN HARMONI 3/2, TAMAN DESA HARMONI. 81100 JOHOR BAHRU JOHOR",31.00
X51007339113,raw_ocr,SANYU STATIONERY SHOP,24/07/2017,"NO. 3168336,",5.80,SANYU STATIONERY SHOP,24/07/2017,"NO. 31G&33G, JALAN SETIA INDAH X ,U13/X 40170 SETIA ALAM",5.80
X51007339113,raw_ocr_llm,SANYU SUPPLY SDN BHD,24/07/2017,"NO. 3168336, JALAN SETIA INDAH X , U13/X, 40170 SETIA ALAM",5.80,SANYU STATIONERY SHOP,24/07/2017,"NO. 31G&33G, JALAN SETIA INDAH X ,U13/X 40170 SETIA ALAM",5.80
X51007339113,multimodal_ocr,"1. Samyoo Stationery Shop - Indira Gandhi India - Telangsa, Sabah - Sabah, Malaysia",unknown,unknown,unknown,SANYU STATIONERY SHOP,24/07/2017,"NO. 31G&33G, JALAN SETIA INDAH X ,U13/X 40170 SETIA ALAM",5.80
X51007339113,multimodal_ocr_llm,Samyoo Stationery Shop,unknown,"Indira Gandhi, Telangsa, Sabah, Malaysia",unknown,SANYU STATIONERY SHOP,24/07/2017,"NO. 31G&33G, JALAN SETIA INDAH X ,U13/X 40170 SETIA ALAM",5.80
X51005441401,raw_ocr,HREE,12/03/2018,"109 ,","343,95",THREE STOOGES,12/03/2018,"109, SS21/1A, DAMANSARA UTAMA",343.95
X51005441401,raw_ocr_llm,STOOGES BISTRO & CAFE,12/03/2018,109 SS21/14 DAMANSARA UTAMA,343.95,THREE STOOGES,12/03/2018,"109, SS21/1A, DAMANSARA UTAMA",343.95
X51005441401,multimodal_ocr,Three Stooges Bar & Restaurant - Pistro Stooge - Tamansara Uta - Gamsa Uta - Gamsa Uta - Gamsa Uta - Gamsa Uta,unknown,unknown,unknown,THREE STOOGES,12/03/2018,"109, SS21/1A, DAMANSARA UTAMA",343.95
X51005441401,multimodal_ocr_llm,Three Stooges Bar & Restaurant,unknown,"Tamansara Uta, Gamsa Uta",unknown,THREE STOOGES,12/03/2018,"109, SS21/1A, DAMANSARA UTAMA",343.95
X51006387931,raw_ocr,AMAN MALAYSIA SON BH (682288-V ),5/04/2017,12 JAI AN FENGACARA U1/48,unknown,AMANO MALAYSIA SDN BHD,30/04/2017,12 JALAN PENGACARA U1/48 TEMASYA INDUSTRIAL PARK 40150 SHAH ALAM SELANGOR,RM3.00
X51006387931,raw_ocr_llm,Aman Malaysia Sdn Bhd,05/04/2017,"PARK ING FEX, PARKING FEX, 7412, SELANGOR",63.00,AMANO MALAYSIA SDN BHD,30/04/2017,12 JALAN PENGACARA U1/48 TEMASYA INDUSTRIAL PARK 40150 SHAH ALAM SELANGOR,RM3.00
X51006387931,multimodal_ocr,1. Cityia Malaysia Sdn Bhd. (Sdn Bhd) (Sdn Bhd) Tax Invoices (Sdn Bhd) (Sdn Bhd) (Sdn Bhd) (Sdn Bhd) (Sdn Bhd) (Sdn Bhd) (Sdn Bhd) (Sdn Bhd) (Sdn Bhd) (Sdn Bhd) (Sdn Bhd) (Sdn Bhd) (Sdn Bhd) (Sdn Bhd) (Sdn Bhd) (Sdn Bhd) (Sdn Bhd) (Sdn Bhd) (Sdn Bhd) (Sdn Bhd) (Sdn Bhd) (Sdn Bhd) (Sdn Bhd) (Sdn Bhd) (Sdn Bhd) (Sdn Bhd) (Sdn Bhd) (Sdn Bhd) (Sdn Bhd) (Sdn Bhd) (Sdn Bhd) (Sdn Bhd) (Sdn Bhd) (Sdn Bhd) (Sdn Bhd) (Sdn Bhd) (Sdn Bhd) (Sdn Bhd) (Sdn Bhd) (Sdn Bhd) (Sdn Bhd) (Sdn Bhd) (Sdn Bhd) (Sdn Bhd) (Sdn Bhd) (Sdn Bhd) (Sdn Bhd) (Sdn Bhd) (Sdn Bhd) (Sdn Bhd) (Sdn Bhd) (Sdn Bhd) (Sdn Bhd) (Sdn Bhd) (Sdn Bhd) (Sdn Bhd) (Sdn Bhd) (Sdn Bhd) (Sdn Bhd) (Sdn Bhd) (Sdn Bhd) (Sdn Bhd) (Sdn Bhd) (Sdn Bhd) (Sdn Bhd) (Sdn Bhd) (Sdn Bhd) (Sdn Bhd) (Sdn Bhd) (Sdn Bhd) (Sdn Bhd) (Sdn Bhd) (Sdn Bhd) (Sdn Bhd) (Sdn Bhd) (Sdn Bhd) (Sdn Bhd) (Sdn Bhd) (Sdn Bhd) (Sdn Bhd) (Sdn Bhd) (Sdn Bhd) (Sdn Bhd) (Sdn Bhd) (Sdn Bhd) (Sdn Bhd) (Sdn Bhd) (Sdn Bhd) (Sdn Bhd) (Sdn Bhd) (Sdn Bhd) (Sdn Bhd) (Sdn Bhd) (Sdn Bhd) (Sdn Bhd) (Sdn Bhd) (Sdn Bhd) (Sdn Bhd) (Sdn Bhd) (Sdn Bhd) (Sdn Bhd) (Sdn Bhd) (Sdn Bhd) (Sdn Bhd) (Sdn Bhd) (Sdn Bhd) (Sdn Bhd) (Sdn Bhd) (Sdn Bhd) (Sdn Bhd) (Sdn Bhd) (Sdn Bhd) (Sdn Bhd) (Sdn Bhd) (Sdn Bhd) (Sdn Bhd) (Sdn Bhd) (Sdn Bhd) (Sdn Bhd) (Sdn Bhd) (Sdn Bhd) (Sdn Bhd) (Sdn Bhd) (Sdn Bhd) (Sdn Bhd) (Sdn Bhd) (Sdn Bhd) (Sdn Bhd) (Sdn Bhd) (Sdn Bhd) (Sdn Bhd) (Sdn Bhd) (Sdn Bhd) (Sdn Bhd) (Sdn Bhd) (Sdn Bhd) (Sdn Bhd) (Sdn Bhd) (Sdn Bhd) (Sdn Bhd) (Sdn Bhd) (Sdn Bhd) (Sdn Bhd) (Sdn Bhd) (Sdn Bhd) (Sdn Bhd) (Sdn Bhd) (Sdn Bhd) (Sdn Bhd) (Sdn Bhd) (Sdn Bhd) (Sdn Bhd) (Sdn Bhd) (Sdn Bhd) (Sdn Bhd) (Sdn Bhd) (Sdn Bhd) (Sdn Bhd) (Sdn Bhd) (Sdn Bhd) (Sdn Bhd) (Sdn Bhd) (Sdn Bhd) (Sdn Bhd) (Sdn Bhd) (Sdn Bhd) (Sdn Bhd) (Sdn Bhd) (Sdn Bhd) (Sdn Bhd) (Sdn Bhd) (Sdn Bhd) (Sdn Bhd) (Sdn Bhd) (Sdn Bhd) (Sdn Bhd) (Sdn Bhd) (Sdn Bhd) (Sdn Bhd) (Sdn Bhd) (Sdn Bhd) (Sdn Bhd) (Sdn Bhd) (Sdn Bhd) (Sdn Bhd) (Sdn Bhd) (Sdn Bhd) (Sdn Bhd) (Sdn Bhd) (Sdn Bhd) (Sdn Bhd) (Sdn Bhd) (Sdn Bhd) (Sdn Bhd) (Sdn Bhd) (Sdn Bhd) (Sdn Bhd) (Sdn Bhd) (Sdn Bhd) (Sdn Bhd) (Sdn Bhd) (Sdn Bhd) (Sdn Bhd) (Sdn Bhd),unknown,unknown,unknown,AMANO MALAYSIA SDN BHD,30/04/2017,12 JALAN PENGACARA U1/48 TEMASYA INDUSTRIAL PARK 40150 SHAH ALAM SELANGOR,RM3.00
X51006387931,multimodal_ocr_llm,Cityia Malaysia Sdn Bhd,unknown,unknown,unknown,AMANO MALAYSIA SDN BHD,30/04/2017,12 JALAN PENGACARA U1/48 TEMASYA INDUSTRIAL PARK 40150 SHAH ALAM SELANGOR,RM3.00
X51006466060,raw_ocr,3180404,30-04-20,210038,unknown,WESTERN EASTERN STATIONERY SDN. BHD,30-04-2018,"42-46, JLN SULTAN AZLAN SHAH 51200 KUALA LUMPUR",1.38
X51006466060,raw_ocr_llm,KiK-iYo WESTERN EASTERN SON BHD Co,30/04/2020,42-46 ILN SUL Exku AALAN SHAH KUALA LUMPUR,1.38,WESTERN EASTERN STATIONERY SDN. BHD,30-04-2018,"42-46, JLN SULTAN AZLAN SHAH 51200 KUALA LUMPUR",1.38
X51006466060,multimodal_ocr,"1. Western Eastern Stationery & Logistics Co., Inc. (Singapore)",30-04-2018,2. Gst Tax Invoices,unknown,WESTERN EASTERN STATIONERY SDN. BHD,30-04-2018,"42-46, JLN SULTAN AZLAN SHAH 51200 KUALA LUMPUR",1.38
X51006466060,multimodal_ocr_llm,"Western Eastern Stationery & Logistics Co., Inc.",30/04/2018,Cui B-W P/S,unknown,WESTERN EASTERN STATIONERY SDN. BHD,30-04-2018,"42-46, JLN SULTAN AZLAN SHAH 51200 KUALA LUMPUR",1.38
X51005568891,raw_ocr,KON KWA HARDWARE TRADING,unknown,001056194X,201.32,HON HWA HARDWARE TRADING,08/02/2017,"NO 37, JALAN MANIS 7, TAMAN SEGAR, 56100 CHERAS, KUALA LUMPUR.",277.00
X51005568891,raw_ocr_llm,KON KWA HARDWARE TRADING,22/02/2017,"NO 37, JALAN MANIS 7, TAMAN SEGAR, CHERAS; KUALA LUMPUR;",277.90,HON HWA HARDWARE TRADING,08/02/2017,"NO 37, JALAN MANIS 7, TAMAN SEGAR, 56100 CHERAS, KUALA LUMPUR.",277.00
X51005568891,multimodal_ocr,"1. Hon Hwaa Hardware Trading No. 37 Jalan Manus Jalan Tanawara Semarang, Malaysia. 60201 Cheeras, Tanauan, Malaysia. GSTR-31010727 PM - GSTR-320107 PM.",unknown,unknown,unknown,HON HWA HARDWARE TRADING,08/02/2017,"NO 37, JALAN MANIS 7, TAMAN SEGAR, 56100 CHERAS, KUALA LUMPUR.",277.00
X51005568891,multimodal_ocr_llm,Hon Hwaa Hardware Trading,31/07/2007,"37 Jalan Manus, Semarang, Malaysia, 60201 Cheeras, Tanauan, Malaysia",320.107,HON HWA HARDWARE TRADING,08/02/2017,"NO 37, JALAN MANIS 7, TAMAN SEGAR, 56100 CHERAS, KUALA LUMPUR.",277.00
X51007231343,raw_ocr,UNIHAKKA INTERNATIONAL SDN BHD,unknown,04 May 2018 18.31,6.60,UNIHAKKA INTERNATIONAL SDN BHD,04 MAY 2018,"12, JALAN TAMPOI 7/4,KAWASAN PERINDUSTRIAN TAMPOI,81200 JOHOR BAHRU,JOHOR",$6.60
X51007231343,raw_ocr_llm,Unihakka International Sdn Bhd,04/05/2018,"12, Jalan Tampoi 7/4, Kawasan Perindustrian, Tampoi, 81200 Johor Bahru, Johor",6.60,UNIHAKKA INTERNATIONAL SDN BHD,04 MAY 2018,"12, JALAN TAMPOI 7/4,KAWASAN PERINDUSTRIAN TAMPOI,81200 JOHOR BAHRU,JOHOR",$6.60
X51007231343,multimodal_ocr,unknown,unknown,unknown,unknown,UNIHAKKA INTERNATIONAL SDN BHD,04 MAY 2018,"12, JALAN TAMPOI 7/4,KAWASAN PERINDUSTRIAN TAMPOI,81200 JOHOR BAHRU,JOHOR",$6.60
X51007231343,multimodal_ocr_llm,Walmart,2022/07/11,"1234 Main St, Anytown USA",23.99,UNIHAKKA INTERNATIONAL SDN BHD,04 MAY 2018,"12, JALAN TAMPOI 7/4,KAWASAN PERINDUSTRIAN TAMPOI,81200 JOHOR BAHRU,JOHOR",$6.60
X51007846451,raw_ocr,1o613 4,23/06/18,801222-M),unknown,PASIR EMAS HARDWARE SDN BHD,23/06/18,"NO 69, JALAN PENGKALAN 5, TAMAN PASIR EMAS, KG PASIR PUTIH, 81700 PASIR GUDANG, JOHOR.",36.00
X51007846451,raw_ocr_llm,PASIR EMAS HARDWARE SDN BHD,23/06/18,"NO 69, JALAN PENGKALAN 5, TAMAN PASIR EMAS, KG PASIR PUTIH, 81700 PASIR GUDANG, JOHOR",36.00,PASIR EMAS HARDWARE SDN BHD,23/06/18,"NO 69, JALAN PENGKALAN 5, TAMAN PASIR EMAS, KG PASIR PUTIH, 81700 PASIR GUDANG, JOHOR.",36.00
X51007846451,multimodal_ocr,1. Parragon Books Inc. - Washington DC - USA,unknown,unknown,unknown,PASIR EMAS HARDWARE SDN BHD,23/06/18,"NO 69, JALAN PENGKALAN 5, TAMAN PASIR EMAS, KG PASIR PUTIH, 81700 PASIR GUDANG, JOHOR.",36.00
X51007846451,multimodal_ocr_llm,Parragon Books Inc.,unknown,"Washington DC, USA",unknown,PASIR EMAS HARDWARE SDN BHD,23/06/18,"NO 69, JALAN PENGKALAN 5, TAMAN PASIR EMAS, KG PASIR PUTIH, 81700 PASIR GUDANG, JOHOR.",36.00
X51006913028,raw_ocr,Aoso36,unknown,07 May 2018 18.21,58.70,UNIHAKKA INTERNATIONAL SDN BHD,07 MAY 2018,"12, JALAN TAMPOI 7/4,KAWASAN PERINDUSTRIAN TAMPOI,81200 JOHOR BAHRU,JOHOR",$8.70
X51006913028,raw_ocr_llm,Unihakka International Sdn Bhd,07/05/2018,"12, Jalan Tampoi 7/4,Kawasan Perindustrian Tampoi,Johor Bahru,Johor,81200",8.70,UNIHAKKA INTERNATIONAL SDN BHD,07 MAY 2018,"12, JALAN TAMPOI 7/4,KAWASAN PERINDUSTRIAN TAMPOI,81200 JOHOR BAHRU,JOHOR",$8.70
X51006913028,multimodal_ocr,"1. Itemized list of charges for a bill from a store named ""Tissot Clothiers"".",unknown,unknown,unknown,UNIHAKKA INTERNATIONAL SDN BHD,07 MAY 2018,"12, JALAN TAMPOI 7/4,KAWASAN PERINDUSTRIAN TAMPOI,81200 JOHOR BAHRU,JOHOR",$8.70
X51006913028,multimodal_ocr_llm,Tissot Clothiers,unknown,unknown,unknown,UNIHAKKA INTERNATIONAL SDN BHD,07 MAY 2018,"12, JALAN TAMPOI 7/4,KAWASAN PERINDUSTRIAN TAMPOI,81200 JOHOR BAHRU,JOHOR",$8.70
X51008142068,raw_ocr,KEDAI PAPAN YEW CHUAN,unknown,(0005e83085-K),68.90,KEDAI PAPAN YEW CHUAN,11/05/2018,"LOT 276 JALAN BANTING 43800 DENGKIL, SELANGOR",68.90
X51008142068,raw_ocr_llm,Kedai Papan Yew Chuan,11/05/2018,"No 1 Jalan Aman 2, Taman Desa, 43800 Dengkil Selangor",68.90,KEDAI PAPAN YEW CHUAN,11/05/2018,"LOT 276 JALAN BANTING 43800 DENGKIL, SELANGOR",68.90
X51008142068,multimodal_ocr,1. Kedai Pan Yew Chan Loyu Tan Sri Dengan Batik Batik Batik Batik Batik Batik Batik Batik Batik Batik Batik Batik Batik Batik Batik Batik Batik Batik Batik Batik Batik Batik Batik Batik Batik Batik Batik Batik Batik Batik Batik Batik Batik Batik Batik Batik Batik Batik Batik Batik Batik Batik Batik Batik Batik Batik Batik Batik Batik Batik Batik Batik Batik Batik Batik Batik Batik Batik Batik Batik Batik Batik Batik Batik Batik Batik Batik Batik Batik Batik Batik Batik Batik Batik Batik Batik Batik Batik Batik Batik Batik Batik Batik Batik Batik Batik Batik Batik Batik Batik Batik Batik Batik Batik Batik Batik Batik Batik Batik Batik Batik Batik Batik Batik Batik Batik Batik Batik Batik Batik Batik Batik Batik Batik Batik Batik Batik Batik Batik Batik Batik Batik Batik Batik Batik Batik Batik Batik Batik Batik Batik Batik Batik Batik Batik Batik Batik Batik Batik Batik Batik Batik Batik Batik Batik Batik Batik Batik Batik Batik Batik Batik Batik Batik Batik Batik Batik Batik Batik Batik Batik Batik Batik Batik Batik Batik Batik Batik Batik Batik Batik Batik Batik Batik Batik Batik Batik Batik Batik Batik Batik Batik Batik Batik Batik Batik Batik Batik Batik Batik Batik Batik Batik Batik Batik Batik Batik Batik Batik Batik Batik Batik Batik Batik Batik Batik Batik Batik Batik Batik Batik Batik Batik Batik Batik Batik Batik Batik Batik Batik Batik Batik Batik Batik Batik Batik Batik Batik Batik Batik Batik Batik Batik Batik Batik Batik Batik Batik Batik Batik Batik Batik Batik Batik Batik Batik Batik Batik Batik Batik Batik Batik Batik Batik Batik Batik Batik Batik Batik Batik Batik Batik Batik Batik Batik Batik Batik Batik Batik Batik Batik Batik Batik Batik Batik Batik Batik Batik Batik Batik Batik Batik Batik Batik Batik Batik Batik Batik Batik Batik Batik Batik Batik Batik Batik Batik Batik Batik Batik Batik Batik Batik Batik Batik Batik Batik Batik Batik Batik Batik Batik Batik Batik Batik Batik Batik Batik Batik Batik Batik Batik Batik Batik Batik Batik Batik Batik Batik Batik Batik Batik Batik Batik Batik Batik Batik Batik Batik Batik Batik Batik Batik Batik Batik Batik Batik Batik Batik Batik Batik Batik Batik Batik Batik Batik Batik Batik Batik Batik Batik Batik Batik Batik Batik Batik Batik Batik Batik Batik Batik Batik Batik Batik Bathing Batik Bati Batik Batik Batik Batik Batting Batik Bati Batik Batik Batik Batik Bathing Batik Batting Batik Batting Batik Batting Batik Batting Batik Batting Batik Batting Batik Batting Batik Batting Batik Batting Batik Batting Batik Batting Batik Batik Batik Batik Batik Batik Batik Batik Batik Batik Batik Batik Batik Batik Batik Batik Batik Batik Batik Batik Batik Batik Batik Batik Batik Batik Batik Batik Batik Batik Batik Batik Batik Batik Batik Batik Batik Batik Batik Batik Batik Batik Batik Batik Batik Batik Batik Batik Batik Batik Batik Batik Batik Batik Batik Batik Batik Batik Batik Batik Batik Batik Batik Batik Batik Batik Batik Batik Batik Batik Batik Batik Batik Batik Batik Batik Batik Batik Batik Batik Batik Batik Batik Batik Batik Batik Batik Batik Batik Batik Batik Batik Batik Batik Batik Batik Batik Batik Batik Batik Batik Batik Batik Batik Batik Batik Batik Batik Batik Batik Batik Batik Batik Batik Batik Batik Batik Batik Batik Batik Batik Batik Batik Batik Batik Batik Batik Batik Batik Batik Batik Batik Batik Batik Batik Batik Batik Batik Batik Batik Batik Batik Batik Batik Batik Batik Batik Batik Batik Batik Batik Batik Batik Batik Batik Batik Batik Batik Batik Batik Batik Batik Batik Batik Batik Batik Bathing Batik Batting Batik Bati Batik Batik Batik Batik Batik Batik Batik Batik Batik Batik Batik Batik Batik Batik Batik Batting.,unknown,unknown,unknown,KEDAI PAPAN YEW CHUAN,11/05/2018,"LOT 276 JALAN BANTING 43800 DENGKIL, SELANGOR",68.90
X51008142068,multimodal_ocr_llm,Kedai Pan Yew Chan Loyu Tan Sri,unknown,unknown,unknown,KEDAI PAPAN YEW CHUAN,11/05/2018,"LOT 276 JALAN BANTING 43800 DENGKIL, SELANGOR",68.90
X51006335818,raw_ocr,nch,unknown,8 Carry Sdn.Bhd,unknown,SEGI CASH & CARRY SDN.BHD,06 FEB 2017,"PT17920, SEKSYEN U9, 40150 SHAH ALAM, SELANGOR DARUL EHSAN.",27.00
X51006335818,raw_ocr_llm,8 Carry Sdn.Bhd,06/02/2017,"PT17920, SEKSYEN U9, 40150 Shah ALAM, SELANGOR DARUL EHSAN",27.00,SEGI CASH & CARRY SDN.BHD,06 FEB 2017,"PT17920, SEKSYEN U9, 40150 SHAH ALAM, SELANGOR DARUL EHSAN.",27.00
X51006335818,multimodal_ocr,receipt:,unknown,unknown,unknown,SEGI CASH & CARRY SDN.BHD,06 FEB 2017,"PT17920, SEKSYEN U9, 40150 SHAH ALAM, SELANGOR DARUL EHSAN.",27.00
X51006335818,multimodal_ocr_llm,Sengkang Carpet & Flooring Sdn Bhd.,unknown,unknown,unknown,SEGI CASH & CARRY SDN.BHD,06 FEB 2017,"PT17920, SEKSYEN U9, 40150 SHAH ALAM, SELANGOR DARUL EHSAN.",27.00
X51006557173,raw_ocr,GAKDAAIA BAKERIES (KL,28/10/2017,SDA BHD ( 139386 X),32.26,GARDENIA BAKERIES (KL) SDN BHD,28/10/2017,"LOT 3, JALAN PELABUR 23/1, 40300 SHAH ALAM, SELANGOR.",32.26
X51006557173,raw_ocr_llm,GARDENIA BAKERIES (KL) SDN BHD,28/10/2017,"Jalan Eelabu 28/1, Subang Jaya, Selangor",32.26,GARDENIA BAKERIES (KL) SDN BHD,28/10/2017,"LOT 3, JALAN PELABUR 23/1, 40300 SHAH ALAM, SELANGOR.",32.26
X51006557173,multimodal_ocr,1. Gardenia Bakeries (Sdn) Xptl Xptl Xptl Xptl Xptl Xptl Xptl Xptl Xptl Xptl Xptl Xptl Xptl Xptl Xptl Xptl Xptl Xptl Xptl Xptl Xptl Xptl Xptl Xptl Xptl Xptl Xptl Xptl Xptl Xptl Xptl Xptl Xptl Xptl Xptl Xptl Xptl Xptl Xptl Xptl Xptl Xptl Xptl Xptl Xptl Xptl Xptl Xptl Xptl Xptl Xptl Xptl Xptl Xptl Xptl Xptl Xptl Xptl Xptl Xptl Xptl Xptl Xptl Xptl Xptl Xptl Xptl Xptl Xptl Xptl Xptl Xptl Xptl Xptl Xptl Xptl Xptl Xptl Xptl Xptl Xptl Xptl Xptl Xptl Xptl Xptl Xptl Xptl Xptl Xptl Xptl Xptl Xptl Xptl Xptl Xptl Xptl Xptl Xptl Xptl Xptl Xptl Xptl Xptl Xptl Xptl Xptl Xptl Xptl Xptl Xptl Xptl Xptl Xptl Xptl Xptl Xptl Xptl Xptl Xptl Xptl Xptl Xptl Xptl Xptl Xptl Xptl Xptl Xptl Xptl Xptl Xptl Xptl Xptl Xptl Xptl Xptl Xptl Xptl Xptl Xptl Xptl Xptl Xptl Xptl Xptl Xptl Xptl Xptl Xptl Xptl Xptl Xptl Xptl Xptl Xptl Xptl Xptl Xptl Xptl Xptl Xptl Xptl Xptl Xptl Xptl Xptl Xptl Xptl Xptl Xptl Xptl Xptl Xptl Xptl Xptl Xptl Xptl Xptl Xptl Xptl Xptl Xptl Xptl Xptl Xptl Xptl Xptl Xptl Xptl Xptl Xptl Xptl Xptl Xptl Xptl Xptl Xptl Xptl Xptl Xptl Xptl Xptl Xptl Xptl Xptl Xptl Xptl Xptl Xptl Xptl Xptl Xptl Xptl Xptl Xptl Xptl Xptl Xptl Xptl Xptl Xptl Xptl Xptl Xptl Xptl Xptl Xptl Xptl Xptl Xptl Xptl Xptl Xptl Xptl Xptl Xptl Xptl Xptl Xptl Xptl Xptl Xptl Xptl Xptl Xptl Xptl Xptl Xptl Xptl Xptl Xptl Xptl Xptl Xptl Xptl Xptl Xptl Xptl Xptl Xptl Xptl Xptl Xptl Xptl Xptl Xptl Xptl Xptl Xptl Xptl Xptl Xptl Xptl Xptl Xptl Xptl Xptl Xptl Xptl Xptl Xptl Xptl Xptl Xptl Xptl Xptl Xptl Xptl Xptl Xptl Xptl Xptl Xptl Xptl Xptl Xptl Xptl Xptl Xptl Xptl Xptl Xptl Xptl Xptl Xptl Xptl Xptl Xptl Xptl Xptl Xptl Xptl Xptl Xptl Xptl Xptl Xptl Xptl Xptl Xptl Xptl Xptl Xptl Xptl Xptl Xptl Xptl Xptl Xptl Xptl Xptl Xptl Xptl Xptl Xptl Xptl Xptl Xptl Xptl Xptl Xptl Xptl Xptl Xptl Xptl Xptl Xptl Xptl Xptl Xptl Xptl Xptl Xptl Xptl Xptl Xptl Xptl Xptl Xptl Xptl Xptl Xptl Xptl Xptl Xptl Xptl Xptl Xptl Xptl Xptl Xptl Xptl Xptl Xptl Xptl Xptl Xptl Xptl Xptl Xptl Xptl Xptl Xptl Xptl Xptl Xptl Xptl Xptl Xptl Xptl Xptl Xptl Xptl Xptl Xptl Xptl Xptl Xptl Xptl Xptl Xptl Xptl Xptl Xptl Xptl Xptl Xptl Xptl Xptl Xptl Xptl Xptl X,unknown,unknown,unknown,GARDENIA BAKERIES (KL) SDN BHD,28/10/2017,"LOT 3, JALAN PELABUR 23/1, 40300 SHAH ALAM, SELANGOR.",32.26
X51006557173,multimodal_ocr_llm,Gardenia Bakeries,unknown,unknown,unknown,GARDENIA BAKERIES (KL) SDN BHD,28/10/2017,"LOT 3, JALAN PELABUR 23/1, 40300 SHAH ALAM, SELANGOR.",32.26
X51006913054,raw_ocr,KusoC 3,12/05/18,(Mutiara Rini 16),"0,00",DE LUXE CIRCLE FRESH MART SDN BHD,12/05/18,"NO. 89&91, JALAN UTAMA, TAMAN MUTIA RINI, 81300 SKUDAI, JOHOR.",12.00
X51006913054,raw_ocr_llm,DE LUXE CIRCLE FRESH MART SDN BHD,12/05/18,"No, 89891, Jalan Utama, Taman Mulia Rini; 81300 Skudai; Johor.",50.00,DE LUXE CIRCLE FRESH MART SDN BHD,12/05/18,"NO. 89&91, JALAN UTAMA, TAMAN MUTIA RINI, 81300 SKUDAI, JOHOR.",12.00
X51006913054,multimodal_ocr,Nuts & Seeds Inc. - California - San Francisco - California - USA,unknown,unknown,unknown,DE LUXE CIRCLE FRESH MART SDN BHD,12/05/18,"NO. 89&91, JALAN UTAMA, TAMAN MUTIA RINI, 81300 SKUDAI, JOHOR.",12.00
X51006913054,multimodal_ocr_llm,Nuts & Seeds Inc.,unknown,"California, San Francisco, California, USA",unknown,DE LUXE CIRCLE FRESH MART SDN BHD,12/05/18,"NO. 89&91, JALAN UTAMA, TAMAN MUTIA RINI, 81300 SKUDAI, JOHOR.",12.00
X51009447842,raw_ocr,PASARAYA BORONG PINTAR,14/03/2018,(124525-H),"1,00",PASARAYA BORONG PINTAR SDN BHD,14/03/2018,"NO 19-G& 19-1& 19-2 JALAN TASIK UTAMA 4, MEDAN NIAGA TASIK DAMAI",0.90
X51009447842,raw_ocr_llm,Pasaraya Borong Pintar Sdn Bhd,14/03/2018,"NO 19-G8, 19-1819-2 Jalan Tasik Utama 4, Medan Niaga Tasik Damai",5.00,PASARAYA BORONG PINTAR SDN BHD,14/03/2018,"NO 19-G& 19-1& 19-2 JALAN TASIK UTAMA 4, MEDAN NIAGA TASIK DAMAI",0.90
X51009447842,multimodal_ocr,1. PASARAYA BORONG PINTAR Sdn Bhd. (No. 10),unknown,2. Sdn Bhd.,unknown,PASARAYA BORONG PINTAR SDN BHD,14/03/2018,"NO 19-G& 19-1& 19-2 JALAN TASIK UTAMA 4, MEDAN NIAGA TASIK DAMAI",0.90
X51009447842,multimodal_ocr_llm,PASARAYA BORONG PINTAR SDN BHD,unknown,No. 10,unknown,PASARAYA BORONG PINTAR SDN BHD,14/03/2018,"NO 19-G& 19-1& 19-2 JALAN TASIK UTAMA 4, MEDAN NIAGA TASIK DAMAI",0.90
X51008164525,raw_ocr,PASAR RAYA MEGA MAJU,03/07/2018,(767840-W),unknown,PASAR RAYA MEGA MAJU (SEMENYIH) SDN BHD,03/07/2018,"NO 24, 25 & 26, JALAN PUSAT PERNIAGAAN BUNGA RAYA 4, PUSAT PERNIAGAAN BUNGA RAYA,",30.45
X51008164525,raw_ocr_llm,Pasar Raya Mega Maju Sdn Bhd,03/07/2018,"No 24, 25 & 26, Jalan Pusat Perdagangan Bunga Raya 4, Pusat Perdagangan Bunga Raya",30.45,PASAR RAYA MEGA MAJU (SEMENYIH) SDN BHD,03/07/2018,"NO 24, 25 & 26, JALAN PUSAT PERNIAGAAN BUNGA RAYA 4, PUSAT PERNIAGAAN BUNGA RAYA,",30.45
X51008164525,multimodal_ocr,1. Pasar Raya Mega Maju (Semenyuhan Sdn Bhd) (Semenyuhan Sdn Bhd) - 7/4/2021 - JALAN PUATITI NO. 242526 - JALAN PUATITI NO. 242527 - JALAN PUATITI NO. 242528 - JALAN PUATITI NO. 242529 - JALAN PUATITI NO. 242530 - JALAN PUATITI NO. 242531 - JALAN PUATITI NO. 242532 - JALAN PUATITI NO. 242533 - JALAN PUATITI NO. 242534 - JALAN PUATITI NO. 242535 - JALAN PUATITI NO. 242536 - JALAN PUATITI NO. 242537 - JALAN PUATITI NO. 242538 - JALAN PUATITI NO. 242539 - JALAN PUATITI NO. 242540 - JALAN PUATITI NO. 242541 - JALAN PUATITI NO. 242542 - JALAN PUATITI NO. 242543 - JALAN PUATITI NO. 242544 - JALAN PUATITI NO. 242545 - JALAN PUATITI NO. 242546 - JALAN PUATITI NO. 242547 - JALAN PUATITI NO. 242548 - JALAN PUATITI NO. 242549 - JALAN PUATITI NO. 242550 - JALAN PUATITI NO. 242551 - JALAN PUATITI NO. 242552 - JALAN PUATITI NO. 242553 - JALAN PUATITI NO. 242554 - JALAN PUATITI NO. 242555 - JALAN PUATITI NO. 242556 - JALAN PUATITI NO. 242557 - JALAN PUATITI NO. 242558 - JALAN PUATITI NO. 242559 - JALAN PUATITI NO. 242561 - JALAN PUATITI NO. 242562 - JALAN PUATITI NO. 242563 - JALAN PUATITI NO. 242564 - JALAN PUATITI NO. 242565 - JALAN PUATITI NO. 242566 - JALAN PUATITI NO. 242567 - JALAN PUATITI NO. 242568 - JALAN PUATITI NO. 242569 - JALAN PUATITI NO. 242570 - JALAN PUATITI NO. 242571 - JALAN PUATITI NO. 242572 - JALAN PUATITI NO. 242573 - JALAN PUATITI NO. 242574 - JALAN PUATITI NO. 242575 - JALAN PUATITI NO. 242576 - JALAN PUATITI NO. 242577 - JALAN PUATITI NO. 242578 - JALAN PUATITI NO. 242579 - JALAN PUATITI NO. 242580 - JALAN PUATITI NO. 242581 - JALAN PUATITI NO. 242582 - JALAN PUATITI NO. 242583 - JALAN PUATITI NO. 242584 - JALAN PUATITI NO. 242585 - JALAN PUATITI NO. 242586 - JALAN PUATITI NO. 242587 - JALAN PUATITI NO. 242588 - JALAN PUATITI NO. 242589 - JALAN PUATITI NO. 242591 - JALAN PUATITI NO. 242592 - JALAN PUATITI NO. 242593 - JALAN PUATITI NO. 242594 - JALAN PUATITI NO. 242595 - JALAN PUATITI NO. 242596 - JALAN PUATITI NO. 242597 - JALAN PUATITI NO. 242598 - JALAN PUATITI NO. 242599 - JALAN PUATITI NO.,7/4/2021,unknown,unknown,PASAR RAYA MEGA MAJU (SEMENYIH) SDN BHD,03/07/2018,"NO 24, 25 & 26, JALAN PUSAT PERNIAGAAN BUNGA RAYA 4, PUSAT PERNIAGAAN BUNGA RAYA,",30.45
X51008164525,multimodal_ocr_llm,Pasar Raya Mega Maju (Semenyuhan Sdn Bhd),04/07/2021,JALAN PUATITI NO. 242525-242599,0.00,PASAR RAYA MEGA MAJU (SEMENYIH) SDN BHD,03/07/2018,"NO 24, 25 & 26, JALAN PUSAT PERNIAGAAN BUNGA RAYA 4, PUSAT PERNIAGAAN BUNGA RAYA,",30.45
X51005719895,raw_ocr,GREEN LANE PHARMACY SIN BHD,1/3/2018,"3 JLN BANGAU 1,KEPONG BARU;",34.80,GREEN LANE PHARMACY SDN BHD,1/8/2018,"33 JLN BANGAU 1,KEPONG BARU, 52100 KEPONG,KL",34.80
X51005719895,raw_ocr_llm,GREEN LANE PHARMACY SIN BHD,01/03/2018,"3 JLN BANGAU 1, KEPONG BARU; 52100 KEPONG.KL",34.80,GREEN LANE PHARMACY SDN BHD,1/8/2018,"33 JLN BANGAU 1,KEPONG BARU, 52100 KEPONG,KL",34.80
X51005719895,multimodal_ocr,Green Lake Payamat Benaraya Sabah - Tel: 081-971-0991 - Tel: 081-971-0192 - Tel: 081-971-0193 - Tel: 081-971-0194,unknown,unknown,unknown,GREEN LANE PHARMACY SDN BHD,1/8/2018,"33 JLN BANGAU 1,KEPONG BARU, 52100 KEPONG,KL",34.80
X51005719895,multimodal_ocr_llm,Green Lake,unknown,"Benaraya Sabah, Phone: 081-971-0991 / 081-971-0192 / 081-971-0193 / 081-971-0194",unknown,GREEN LANE PHARMACY SDN BHD,1/8/2018,"33 JLN BANGAU 1,KEPONG BARU, 52100 KEPONG,KL",34.80
X51005441407,raw_ocr,Geoventure,unknown,965857-A,unknown,TASTE OF THE WORLD SDN BHD,5/3/2018,"LOT 38, 39 101 BOULEVARD, JALAN KENARI 5, BANDAR PUCHONG JAYA, 47170 PUCHONG, SELANGOR",64.15
X51005441407,raw_ocr_llm,Geoventure Taste Of The Wor Id Sdn Bhd,05/03/2018,"Lot 38, 39, 101 Bou levard, Jalan_Kenat 5, Bandar Puchong Jaya 47170 Puchong",64.15,TASTE OF THE WORLD SDN BHD,5/3/2018,"LOT 38, 39 101 BOULEVARD, JALAN KENARI 5, BANDAR PUCHONG JAYA, 47170 PUCHONG, SELANGOR",64.15
X51005441407,multimodal_ocr,1. Taste of the World Sunga Malaysia Lot 90675 Restaurant Lot 90675 Restaurant Lot 90675 Restaurant Lot 90675 Restaurant Lot 90675 Restaurant Lot 90675 Restaurant Lot 90675 Restaurant Lot 90675 Restaurant Lot 90675 Restaurant Lot 90675 Restaurant Lot 90675 Restaurant Lot 90675 Restaurant Lot 90675 Restaurant Lot 90675 Restaurant Lot 90675 Restaurant Lot 90675 Restaurant Lot 90675 Restaurant Lot 90675 Restaurant Lot 90675 Restaurant Lot 90675 Restaurant Lot 90675 Restaurant Lot 90675 Restaurant Lot 90675 Restaurant Lot 90675 Restaurant Lot 90675 Restaurant Lot 90675 Restaurant Lot 90675 Restaurant Lot 90675 Restaurant Lot 90675 Restaurant Lot 90675 Restaurant Lot 90675 Restaurant Lot 90675 Restaurant Lot 90675 Restaurant Lot 90675 Restaurant Lot 90675 Restaurant Lot 90675 Restaurant Lot 90675 Restaurant Lot 90675 Restaurant Lot 90675 Restaurant Lot 90675 Restaurant Lot 90675 Restaurant Lot 90675 Restaurant Lot 90675 Restaurant Lot 90675 Restaurant Lot 90675 Restaurant Lot 90675 Restaurant Lot 90675 Restaurant Lot 90675 Restaurant Lot 90675 Restaurant Lot 90675 Restaurant Lot 90675 Restaurant Lot 90675 Restaurant Lot 90675 Restaurant Lot 90675 Restaurant Lot 90675 Restaurant Lot 90675 Restaurant Lot 90675 Restaurant Lot 90675 Restaurant Lot 90675 Restaurant Lot 90675 Restaurant Lot 90675 Restaurant Lot 90675 Restaurant Lot 90675 Restaurant Lot 90675 Restaurant Lot 90675 Restaurant Lot 90675 Restaurant Lot 90675 Restaurant Lot 90675 Restaurant Lot 90675 Restaurant Lot 90675 Restaurant Lot 90675 Restaurant Lot 90675 Restaurant Lot 90675 Restaurant Lot 90675 Restaurant Lot 90675 Restaurant Lot 90675 Restaurant Lot 90675 Restaurant Lot 90675 Restaurant Lot 90675 Restaurant Lot 90675 Restaurant Lot 90675 Restaurant Lot 90675 Restaurant Lot 90675 Restaurant Lot 90675 Restaurant Lot 90675 Restaurant Lot 90675 Restaurant Lot 90675 Restaurant Lot 90675 Restaurant Lot 90675 Restaurant Lot 90675 Restaurant Lot 90675 Restaurant Lot 90675 Restaurant Lot 90675 Restaurant Lot 90675 Restaurant Lot 90675 Restaurant Lot 90675 Restaurant Lot 90675 Restaurant Lot 90675 Restaurant Lot 90675 Restaurant Lot 90675 Restaurant Lot 90675 Restaurant Lot 90675 Restaurant Lot 90675 Restaurant Lot 90675 Restaurant Lot 90675 Restaurant Lot 90675 Restaurant Lot 90675 Restaurant Lot 90675 Restaurant Lot 90675 Restaurant Lot 90675 Restaurant Lot 90675 Restaurant Lot 90675 Restaurant Lot 90675 Restaurant Lot 90675 Restaurant Lot 90675 Restaurant Lot 90675 Restaurant Lot 90675 Restaurant Lot 90675 Restaurant Lot 90675 Restaurant Lot 90675 Restaurant Lot 90675 Restaurant Lot 90675 Restaurant Lot 90675 Restaurant Lot 90675 Restaurant Lot 90675 Restaurant Lot 90675 Restaurant Lot 90675 Restaurant Lot 90675 Restaurant Lot 90675 Restaurant Lot 90675 Restaurant Lot 90675 Restaurant Lot 90675 Restaurant Lot 90675 Restaurant Lot 90675 Restaurant Lot 90675 Restaurant Lot 90675 Restaurant Lot 90675 Restaurant Lot 90675 Restaurant Lot 90675 Restaurant Lot 90675 Restaurant Lot 90675 Restaurant Lot 90675 Restaurant Lot 90675 Restaurant Lot 90675 Restaurant Lot 90675 Restaurant Lot 90675 Restaurant Lot 90675 Restaurant Lot 90675 Restaurant Lot 90675 Restaurant Lot 90675 Restaurant Lot 90675 Restaurant Lot 90675 Restaurant Lot 90675 Restaurant Lot 90675 Restaurant Lot 90675 Restaurant Lot 90675 Restaurant Lot 90675 Restaurant Lot 90675 Restaurant Lot 90675 Restaurant Lot 90675 Restaurant Lot 90675 Restaurant Lot 90675 Restaurant Lot 90675 Restaurant Lot 90675 Restaurant Lot 90675 Restaurant Lot 90675 Restaurant Lot 90675 Restaurant Lot 90675 Restaurant Lot 90675 Restaurant Lot 90675 Restaurant Lot 90675 Restaurant Lot 90675 Restaurant Lot 90675 Restaurant Lot 90675 Restaurant Lot 90675 Restaurant Lot 90675 Restaurant Lot 90675 Restaurant Lot 90675 Restaurant Lot 90675 Restaurant Lot 90675 Restaurant Lot 90675 Restaurant Lot 90675 Restaurant Lot 90675 Restaurant Lot 90675 Restaurant Lot 90675 Restaurant Lot 90675 Restaurant Lot 90675 Restaurant Lot 90675 Restaurant Lot 90675 Restaurant Lot 90675 Restaurant Lot 90675 Restaurant Lot 90675 Restaurant Lot 90675 Restaurant Lot 90675 Restaurant Lot 90675 Restaurant Lot 90675 Restaurant Lot 90675 Restaurant Lot 90675 Restaurant Lot 90675 Restaurant Lot 90675 Restaurant Lot 90675 Restaurant Lot 90675 Restaurant Lot 90675 Restaurant Lot 90675 Restaurant Lot 90675 Restaurant Lot 90675 Restaurant Lot 90675 Restaurant Lot 90675 Restaurant Lot 90675 Restaurant Lot 90675 Restaurant Lot 90675 Restaurant Lot 90675 Restaurant Lot 90675 Restaurant Lot 90675 Restaurant Lot 90675 Restaurant Lot 90675 Restaurant Lot 90675 Restaurant Lot 90675 Restaurant Lot 90675 Restaurant Lot 90675 Restaurant Lot 90675 Restaurant Lot 90675 Restaurant Lot 90675 Restaurant Lot 90675 Restaurant Lot 90675 Restaurant Lot 90675 Restaurant Lot 90675 Restaurant Lot 90675 Restaurant Lot 90675 Restaurant Lot 90675 Restaurant Lot 90675 Restaurant Lot 90675 Restaurant Lot 90675 Restaurant Lot 90675 Restaurant Lot 90675 Restaurant Lot 90675 Restaurant Lot 90675 Restaurant Lot 90675 Restaurant Lot 90675 Restaurant Lot 90675 Restaurant Lot 90675 Restaurant Lot 90675 Restaurant Lot 90675 Restaurant Lot 90675 Restaurant Lot 90675 Restaurant Lot 90675 Restaurant Lot 90675 Restaurant Lot 90675 Restaurant Lot,unknown,unknown,unknown,TASTE OF THE WORLD SDN BHD,5/3/2018,"LOT 38, 39 101 BOULEVARD, JALAN KENARI 5, BANDAR PUCHONG JAYA, 47170 PUCHONG, SELANGOR",64.15
X51005441407,multimodal_ocr_llm,Taste of the World Sunga Malaysia,unknown,"Lot 90675, Restaurant",unknown,TASTE OF THE WORLD SDN BHD,5/3/2018,"LOT 38, 39 101 BOULEVARD, JALAN KENARI 5, BANDAR PUCHONG JAYA, 47170 PUCHONG, SELANGOR",64.15
X51005724611,raw_ocr,R,21/03/2018,(0005583085-K),144.16,KEDAI PAPAN YEW CHUAN,21/03/2018,"LOT 276 JALAN BANTING 43800 DENGKIL, SELANGOR.",144.16
X51005724611,raw_ocr_llm,BESI Y 10 (CQ),21/03/2018,"LOT 276 JALAN BANTING; Taman Desa, 43800 Dengkil, Selangor.",144.16,KEDAI PAPAN YEW CHUAN,21/03/2018,"LOT 276 JALAN BANTING 43800 DENGKIL, SELANGOR.",144.16
X51005724611,multimodal_ocr,1. Kadai papan yuwan chuan lotus jalan dengan salah dengan selangor. (date) (year) (date) (date) (date) (date) (date) (date) (date) (date) (date) (date) (date) (date) (date) (date) (date) (date) (date) (date) (date) (date) (date) (date) (date) (date) (date) (date) (date) (date) (date) (date) (date) (date) (date) (date) (date) (date) (date) (date) (date) (date) (date) (date) (date) (date) (date) (date) (date) (date) (date) (date) (date) (date) (date) (date) (date) (date) (date) (date) (date) (date) (date) (date) (date) (date) (date) (date) (date) (date) (date) (date) (date) (date) (date) (date) (date) (date) (date) (date) (date) (date) (date) (date) (date) (date) (date) (date) (date) (date) (date) (date) (date) (date) (date) (date) (date) (date) (date) (date) (date) (date) (date) (date) (date) (date) (date) (date) (date) (date) (date) (date) (date) (date) (date) (date) (date) (date) (date) (date) (date) (date) (date) (date) (date) (date) (date) (date) (date) (date) (date) (date) (date) (date) (date) (date) (date) (date) (date) (date) (date) (date) (date) (date) (date) (date) (date) (date) (date) (date) (date) (date) (date) (date) (date) (date) (date) (date) (date) (date) (date) (date) (date) (date) (date) (date) (date) (date) (date) (date) (date) (date) (date) (date) (date) (date) (date) (date) (date) (date) (date) (date) (date) (date) (date) (date) (date) (date) (date) (date) (date) (date) (date) (date) (date) (date) (date) (date) (date) (date) (date) (date) (date) (date) (date) (date) (date) (date) (date) (date) (date) (date) (date) (date) (date) (date) (date) (date) (date) (date) (date) (date) (date) (date) (date) (date) (date) (date) (date) (date) (date) (date) (date) (date) (date) (date) (date) (date) (date) (date) (date) (date) (date) (date) (date) (date) (date) (date) (date) (date) (date) (date) (date) (date) (date) (date) (date) (date) (date) (date) (date) (date) (date) (date) (date) (date) (date) (date) (date) (date) (date) (date) (date) (date) (date) (date) (date) (date) (date) (date) (date) (date) (date) (date) (date) (date) (date) (date) (date) (date) (date) (date) (date) (date) (date) (date) (date) (date) (date) (date) (date) (date) (date) (date) (date) (date) (date) (date) (date) (date) (date) (date) (date) (date) (date) (date) (date) (date) (date) (date) (date) (date) (date) (date) (date) (date) (date) (date) (date) (date) (date) (date) (date) (date) (date) (date) (date) (date) (date) (date) (date) (date) (date) (date) (date) (date) (date) (date) (date) (date) (date) (date) (date) (date) (date) (date) (date) (date) (date) (date) (date) (date) (date) (date) (date) (date) (date) (date) (date) (date) (date) (date) (date) (date) (date) (date) (date) (date) (date) (date) (date) (date) (date) (date) (date) (date) (date) (date) (date) (date) (date) (date) (date) (date) (date) (date) (date) (date) (date) (date) (date) (date) (date) (date) (date) (date) (date) (date),unknown,unknown,unknown,KEDAI PAPAN YEW CHUAN,21/03/2018,"LOT 276 JALAN BANTING 43800 DENGKIL, SELANGOR.",144.16
X51005724611,multimodal_ocr_llm,Kadai Papan Yuwan Chuan Lotus,unknown,Jalan Selangor,unknown,KEDAI PAPAN YEW CHUAN,21/03/2018,"LOT 276 JALAN BANTING 43800 DENGKIL, SELANGOR.",144.16
X51005337872,raw_ocr,Rs k -,06/03/2018,122703',"51,42",SYL ROASTED DELIGHTS SDN. BHD.,06/03/2018,"75. JALAN SS 22/19, DAMANSARA JAYA, 47400 PJ",54.50
X51005337872,raw_ocr_llm,Syl Roasted Delights Sdn Bhd,06/03/2018,"75, Jalan SS 22/19, Damansara Jaya, 47400 PJ",51.42,SYL ROASTED DELIGHTS SDN. BHD.,06/03/2018,"75. JALAN SS 22/19, DAMANSARA JAYA, 47400 PJ",54.50
X51005337872,multimodal_ocr,SYL ROTATED DELIGHTS SON K.S.L. (Syl)  (Syl)  (Syl)  (Syl)  (Syl)  (Syl)  (Syl)  (Syl)  (Syl)  (Syl)  (Syl)  (Syl)  (Syl)  (Syl)  (Syl)  (Syl)  (Syl)  (Syl)  (Syl)  (Syl)  (Syl)  (Syl)  (Syl)  (Syl)  (Syl)  (Syl)  (Syl)  (Syl)  (Syl)  (Syl)  (Syl)  (Syl)  (Syl)  (Syl)  (Syl)  (Syl)  (Syl)  (Syl)  (Syl)  (Syl)  (Syl)  (Syl)  (Syl)  (Syl)  (Syl)  (Syl)  (Syl)  (Syl)  (Syl)  (Syl)  (Syl)  (Syl)  (Syl)  (Syl)  (Syl)  (Syl)  (Syl)  (Syl)  (Syl)  (Syl)  (Syl)  (Syl)  (Syl)  (Syl)  (Syl)  (Syl)  (Syl)  (Syl)  (Syl)  (Syl)  (Syl)  (Syl)  (Syl)  (Syl)  (Syl)  (Syl)  (Syl)  (Syl)  (Syl)  (Syl)  (Syl)  (Syl)  (Syl)  (Syl)  (Syl)  (Syl)  (Syl)  (Syl)  (Syl)  (Syl)  (Syl)  (Syl)  (Syl)  (Syl)  (Syl)  (Syl)  (Syl)  (Syl)  (Syl)  (Syl)  (Syl)  (Syl)  (Syl)  (Syl)  (Syl)  (Syl)  (Syl)  (Syl)  (Syl)  (Syl)  (Syl)  (Syl)  (Syl)  (Syl)  (Syl)  (Syl)  (Syl)  (Syl)  (Syl)  (Syl)  (Syl)  (Syl)  (Syl)  (Syl)  (Syl)  (Syl)  (Syl)  (Syl)  (Syl)  (Syl)  (Syl)  (Syl)  (Syl)  (Syl)  (Syl)  (Syl)  (Syl)  (Syl)  (Syl)  (Syl)  (Syl)  (Syl)  (Syl)  (Syl)  (Syl)  (Syl)  (Syl)  (Syl)  (Syl)  (Syl)  (Syl)  (Syl)  (Syl)  (Syl)  (Syl)  (Syl)  (Syl)  (Syl)  (Syl)  (Syl)  (Syl)  (Syl)  (Syl)  (Syl)  (Syl)  (Syl)  (Syl)  (Syl)  (Syl)  (Syl)  (Syl)  (Syl)  (Syl)  (Syl)  (Syl)  (Syl)  (Syl)  (Syl)  (Syl)  (Syl)  (Syl)  (Syl)  (Syl)  (Syl)  (Syl)  (Syl)  (Syl)  (Syl)  (Syl)  (Syl)  (Syl)  (Syl)  (Syl)  (Syl)  (Syl)  (Syl)  (Syl)  (Syl)  (Syl)  (Syl)  (Syl)  (Syl)  (Syl)  (Syl)  (Syl)  (Syl)  (Syl)  (Syl)  (Syl)  (Syl)  (Syl)  (Syl)  (Syl)  (Syl)  (Syl)  (Syl)  (Syl)  (Syl)  (Syl)  (Syl)  (Syl)  (Syl)  (Syl)  (Syl)  (Syl)  (Syl)  (Syl)  (Syl)  (Syl)  (Syl)  (Syl)  (Syl)  (Syl)  (Syl)  (Syl)  (Syl)  (Syl)  (Syl)  (Syl)  (Syl)  (Syl)  (Syl)  (Syl)  (Syl)  (Syl)  (Syl)  (Syl),unknown,unknown,unknown,SYL ROASTED DELIGHTS SDN. BHD.,06/03/2018,"75. JALAN SS 22/19, DAMANSARA JAYA, 47400 PJ",54.50
X51005337872,multimodal_ocr_llm,Syl Rotated Delights,unknown,unknown,unknown,SYL ROASTED DELIGHTS SDN. BHD.,06/03/2018,"75. JALAN SS 22/19, DAMANSARA JAYA, 47400 PJ",54.50
X51007846269,raw_ocr,A8oo?,unknown,04 Jun 2018 18.28,7.70,UNIHAKKA INTERNATIONAL SDN BHD,04 JUN 2018,"12, JALAN TAMPOI 7/4,KAWASAN PERINDUSTRIAN TAMPOI,81200 JOHOR BAHRU,JOHOR",RM7.70
X51007846269,raw_ocr_llm,UniHakka International SDN BHD,04/06/2018,"12, Jalan Tampoi 7/4, Kawasan Perindustrian Tampoi, Johor Bahru, Johor",7.70,UNIHAKKA INTERNATIONAL SDN BHD,04 JUN 2018,"12, JALAN TAMPOI 7/4,KAWASAN PERINDUSTRIAN TAMPOI,81200 JOHOR BAHRU,JOHOR",RM7.70
X51007846269,multimodal_ocr,unknown,unknown,unknown,unknown,UNIHAKKA INTERNATIONAL SDN BHD,04 JUN 2018,"12, JALAN TAMPOI 7/4,KAWASAN PERINDUSTRIAN TAMPOI,81200 JOHOR BAHRU,JOHOR",RM7.70
X51007846269,multimodal_ocr_llm,unknown,unknown,unknown,unknown,UNIHAKKA INTERNATIONAL SDN BHD,04 JUN 2018,"12, JALAN TAMPOI 7/4,KAWASAN PERINDUSTRIAN TAMPOI,81200 JOHOR BAHRU,JOHOR",RM7.70
X51006392122,raw_ocr,2,19/06/17,[19/06/17] [11;37},unknown,FIVE STAR CASH & CARRY,19/06/17,"G.23 & G.22, PLAZA SERI SETIA, NO.1 JALAN SS 9/1, 47300 PJ, SELANGOR.",45.00
X51006392122,raw_ocr_llm,FIVE STAR CASH % CARRY,19/06/2017,"6.23 & 6.22 Plaza Seri Setia, No. i Jalan 58 9/1. 47J00 PJ, Selangor.",45.00,FIVE STAR CASH & CARRY,19/06/17,"G.23 & G.22, PLAZA SERI SETIA, NO.1 JALAN SS 9/1, 47300 PJ, SELANGOR.",45.00
X51006392122,multimodal_ocr,Cash Invoice: Five Star Cash Invoices (13/07/19)  (5/06/19)  (1/01/19)  (12/05/19)  (3/04/19)  (6/03/19)  (8/02/19)  (11/02/19)  (15/02/19) (2/03/19)  (4/03/19)  (7/03/19)  (9/03/19)  (12/04/19)  (16/04/19)  (21/04/19)  (26/05/19)  (31/05/19) (36/06/19)  (39/06/19)  (43/06/19)  (46/06/19)  (49/06/19)  (52/06/19)  (55/06/19)  (58/06/19)  (61/06/19)  (64/06/19)  (67/06/19)  (69/06/19)  (72/06/19)  (76/06/19)  (79/06/19)  (82/06/19)  (85/06/19)  (87/06/19)  (89/06/19)  (91/06/19)  (94/06/19)  (96/06/19)  (98/06/19)  (99/06/19),13/07/19,unknown,unknown,FIVE STAR CASH & CARRY,19/06/17,"G.23 & G.22, PLAZA SERI SETIA, NO.1 JALAN SS 9/1, 47300 PJ, SELANGOR.",45.00
X51006392122,multimodal_ocr_llm,Five Star Cash Invoices,13/07/19,unknown,unknown,FIVE STAR CASH & CARRY,19/06/17,"G.23 & G.22, PLAZA SERI SETIA, NO.1 JALAN SS 9/1, 47300 PJ, SELANGOR.",45.00
X51006913032,raw_ocr,Anso4,unknown,10,12.20,UNIHAKKA INTERNATIONAL SDN BHD,10 MAY 2018,"12, JALAN TAMPOI 7/4,KAWASAN PERINDUSTRIAN TAMPOI,81200 JOHOR BAHRU,JOHOR",$12.20
X51006913032,raw_ocr_llm,Unihakka International Sdn Bhd,18/05/2018,"12, Jalan Tampoi 7/4, Kawasan Perindustrian, Tampoi, Johor Bahru, Johor",12.20,UNIHAKKA INTERNATIONAL SDN BHD,10 MAY 2018,"12, JALAN TAMPOI 7/4,KAWASAN PERINDUSTRIAN TAMPOI,81200 JOHOR BAHRU,JOHOR",$12.20
X51006913032,multimodal_ocr,1. A receipt for a purchase of a meal at a restaurant.,unknown,unknown,unknown,UNIHAKKA INTERNATIONAL SDN BHD,10 MAY 2018,"12, JALAN TAMPOI 7/4,KAWASAN PERINDUSTRIAN TAMPOI,81200 JOHOR BAHRU,JOHOR",$12.20
X51006913032,multimodal_ocr_llm,Bistro Bliss,14/02/2023,"123 Main St, Anytown USA",19.99,UNIHAKKA INTERNATIONAL SDN BHD,10 MAY 2018,"12, JALAN TAMPOI 7/4,KAWASAN PERINDUSTRIAN TAMPOI,81200 JOHOR BAHRU,JOHOR",$12.20
X51005568889,raw_ocr,KON KWA HARDWARE TRADING,unknown,Campany Reg; Na. : 001055194X,unknown,HON HWA HARDWARE TRADING,11/02/2017,"NO 37, JALAN MANIS 7, TAMAN SEGAR, 56100 CHERAS, KUALA LUMPUR.",19.60
X51005568889,raw_ocr_llm,Kon Kwa Hardware Trading,02/22/2017,"No 37, Jalan Manis 7, Taman Segar, 56100 Cheras; Kuala Lumpur;",19.60,HON HWA HARDWARE TRADING,11/02/2017,"NO 37, JALAN MANIS 7, TAMAN SEGAR, 56100 CHERAS, KUALA LUMPUR.",19.60
X51005568889,multimodal_ocr,1. Hon Hwa Hardware Trading Company Registration No. No. 37 Jalan Manus Jalan Tanas Segurandah Kuala Lumpur GST Reg No. 6091-0,unknown,unknown,unknown,HON HWA HARDWARE TRADING,11/02/2017,"NO 37, JALAN MANIS 7, TAMAN SEGAR, 56100 CHERAS, KUALA LUMPUR.",19.60
X51005568889,multimodal_ocr_llm,Hon Hwa Hardware Trading,unknown,"37 Jalan Manus, Jalan Tanas Segurandah, Kuala Lumpur",unknown,HON HWA HARDWARE TRADING,11/02/2017,"NO 37, JALAN MANIS 7, TAMAN SEGAR, 56100 CHERAS, KUALA LUMPUR.",19.60
X51006620161,raw_ocr,SIMPLIFIED TAX INVOICE,28/02/2016,4,6.23,SIN THYE & COMPANY,28/02/2016,"NO.54, BATU 5,JALAN IPOH, KG.BATU, 51200 KUALA LUMPUR",110.00
X51006620161,raw_ocr_llm,Krgoo King,28/02/2016,"BATU 5, JALAN IPOH, KG. BATU, 51200 KUALA LUMPUR",110.00,SIN THYE & COMPANY,28/02/2016,"NO.54, BATU 5,JALAN IPOH, KG.BATU, 51200 KUALA LUMPUR",110.00
X51006620161,multimodal_ocr,Simple Tax Invoice from Simple Tax Company to the Customer of the same company on 10/02/2014 at 3:30 pm.,10/02/2014,unknown,unknown,SIN THYE & COMPANY,28/02/2016,"NO.54, BATU 5,JALAN IPOH, KG.BATU, 51200 KUALA LUMPUR",110.00
X51006620161,multimodal_ocr_llm,Simple Tax Company,10/02/2014,unknown,unknown,SIN THYE & COMPANY,28/02/2016,"NO.54, BATU 5,JALAN IPOH, KG.BATU, 51200 KUALA LUMPUR",110.00
X51005676549,raw_ocr,3,02/01/2018,(8 0 ( 0 '/7,2.25,SYARIKAT PERNIAGAAN GIN KEE,02/01/2018,"NO 290, JALAN AIR PANAS, SETAPAK, 53200, KUALA LUMPUR.",39.75
X51005676549,raw_ocr_llm,SYARIKAT PERNIAGAAN GIN KEE,02/01/2018,"NO 290,JALAN AIR PANAS,SETAPAK,53200, KUALA LUMPUR",39.75,SYARIKAT PERNIAGAAN GIN KEE,02/01/2018,"NO 290, JALAN AIR PANAS, SETAPAK, 53200, KUALA LUMPUR.",39.75
X51005676549,multimodal_ocr,3.01 - Syarikat Penang Gulingan Gin Kee (Sri) (Sri),unknown,unknown,unknown,SYARIKAT PERNIAGAAN GIN KEE,02/01/2018,"NO 290, JALAN AIR PANAS, SETAPAK, 53200, KUALA LUMPUR.",39.75
X51005676549,multimodal_ocr_llm,Syarikat Penang Gulingan Gin Kee (Sri),unknown,unknown,3.01,SYARIKAT PERNIAGAAN GIN KEE,02/01/2018,"NO 290, JALAN AIR PANAS, SETAPAK, 53200, KUALA LUMPUR.",39.75
X51005757304,raw_ocr,#000002  BAiFU  (M) Sdn 'Bhd,20/03/2018,COMPANY  N0(814198-X),"35,40",BAIFU (M) SDN BHD,20/03/2018,"DAISO JAPAN, IOI MALL",35.40
X51005757304,raw_ocr_llm,Daiso Japan,20/03/2018,IOI Mall,35.40,BAIFU (M) SDN BHD,20/03/2018,"DAISO JAPAN, IOI MALL",35.40
X51005757304,multimodal_ocr,"1. Store Name: ""A&P"" (American Express)  2. Address: ""Lloyd's of London""  3. Phone number: ""0161 0777877777777777777777777777777777777777777777777777777777777777777",unknown,unknown,unknown,BAIFU (M) SDN BHD,20/03/2018,"DAISO JAPAN, IOI MALL",35.40
X51005757304,multimodal_ocr_llm,A&P (American Express),unknown,Lloyd's of London,unknown,BAIFU (M) SDN BHD,20/03/2018,"DAISO JAPAN, IOI MALL",35.40
X51005764161,raw_ocr,u3,unknown,99 SPEED MaRt 5/9 {519537-X),unknown,99 SPEED MART S/B,28-01-18,"LOT P.T. 2811, JALAN ANGSA, TAMAN BERKELEY 41150 KLANG, SELANGOR 1313-SUBANG BESTARI",98.90
X51005764161,raw_ocr_llm,99 Speed Mart,05/09,"LOT P.T, 2811, JALAN ANGSA; TAHAN BEPKELEY 41150 KLANTG; SELANGOR 1313-SWBANG BESTARI",98.39,99 SPEED MART S/B,28-01-18,"LOT P.T. 2811, JALAN ANGSA, TAMAN BERKELEY 41150 KLANG, SELANGOR 1313-SUBANG BESTARI",98.90
X51005764161,multimodal_ocr,Speed mail order form for a bill from salons and spas.,unknown,unknown,unknown,99 SPEED MART S/B,28-01-18,"LOT P.T. 2811, JALAN ANGSA, TAMAN BERKELEY 41150 KLANG, SELANGOR 1313-SUBANG BESTARI",98.90
X51005764161,multimodal_ocr_llm,unknown,unknown,unknown,unknown,99 SPEED MART S/B,28-01-18,"LOT P.T. 2811, JALAN ANGSA, TAMAN BERKELEY 41150 KLANG, SELANGOR 1313-SUBANG BESTARI",98.90
X51005710963,raw_ocr,TS TOOLS BARDIARE,21/03/2018,1151414-P,7.00,TS TOOLS HARDWARE & MACHINERY SDN BHD,21/03/2018,"59, JALAN BANDAR SATU, PUSAT BANDAR PUCHONG 47160, PUCHONG, SELANGOR",7.40
X51005710963,raw_ocr_llm,TS Tools,21/03/2018,"PusAt_BANDAR PUCHONG, JALAN BANDAR SATU; 47160 SELANGOR",7.00,TS TOOLS HARDWARE & MACHINERY SDN BHD,21/03/2018,"59, JALAN BANDAR SATU, PUSAT BANDAR PUCHONG 47160, PUCHONG, SELANGOR",7.40
X51005710963,multimodal_ocr,unknown,unknown,unknown,unknown,TS TOOLS HARDWARE & MACHINERY SDN BHD,21/03/2018,"59, JALAN BANDAR SATU, PUSAT BANDAR PUCHONG 47160, PUCHONG, SELANGOR",7.40
X51005710963,multimodal_ocr_llm,Unknown,Unknown,Unknown,Unknown,TS TOOLS HARDWARE & MACHINERY SDN BHD,21/03/2018,"59, JALAN BANDAR SATU, PUSAT BANDAR PUCHONG 47160, PUCHONG, SELANGOR",7.40
X51006008057,raw_ocr,Sarang Hae Yo,15/01/2018,(583246-A).,15.00,TRENDYMAX (M) SDN. BHD.,15/01/2018,"P6, BLOCK C, GM KLANG WHOLESALE CITY, JALAN KASUARINA 1, 41200 KLANG, SELANGOR D.E.",329.10
X51006008057,raw_ocr_llm,"TRENDYMAX (M) SDN, BHD.",15/01/2018,"No. P6, Block C, GM Jalan Kasuarina 1, Selangor D.E., Klang City, Klang",329.10,TRENDYMAX (M) SDN. BHD.,15/01/2018,"P6, BLOCK C, GM KLANG WHOLESALE CITY, JALAN KASUARINA 1, 41200 KLANG, SELANGOR D.E.",329.10
X51006008057,multimodal_ocr,1. Sama Ye - Phone Number: (61) 828-8981 - Website: www.samayeo.com - Address: Pohang South East Asia Market - Phone number: (61) 828-8981 - Website: www.samayeo.com - Address: Pohang South East Asia Market - Phone number: (61) 828-8981 - Website: www.samayeo.com - Address: Pohang South East Asia Market - Phone number: (61) 828-8981 - Website: www.samayeo.com,unknown,unknown,unknown,TRENDYMAX (M) SDN. BHD.,15/01/2018,"P6, BLOCK C, GM KLANG WHOLESALE CITY, JALAN KASUARINA 1, 41200 KLANG, SELANGOR D.E.",329.10
X51006008057,multimodal_ocr_llm,Sama Ye,unknown,Pohang South East Asia Market,unknown,TRENDYMAX (M) SDN. BHD.,15/01/2018,"P6, BLOCK C, GM KLANG WHOLESALE CITY, JALAN KASUARINA 1, 41200 KLANG, SELANGOR D.E.",329.10
X51007339163,raw_ocr,SANYU STATIONERY SHOP,23/11/2017,"NO: 3168336, JALAN SETIA INDAH X ,U13/X",10.89,SANYU STATIONERY SHOP,23/11/2017,"NO. 31G&33G, JALAN SETIA INDAH X ,U13/X 40170 SETIA ALAM",10.90
X51007339163,raw_ocr_llm,Sanyu Stationery Shop,23/11/2017,"NO: 3168336, JALAN SETIA INDAH X , U13/X, 40170 SETIA ALAM",10.90,SANYU STATIONERY SHOP,23/11/2017,"NO. 31G&33G, JALAN SETIA INDAH X ,U13/X 40170 SETIA ALAM",10.90
X51007339163,multimodal_ocr,1. Sanyo Stationery Shop - Mr. Tan Sri Tan Sri Imah - iran - irs-2348 - irs-2349,unknown,unknown,unknown,SANYU STATIONERY SHOP,23/11/2017,"NO. 31G&33G, JALAN SETIA INDAH X ,U13/X 40170 SETIA ALAM",10.90
X51007339163,multimodal_ocr_llm,Sanyo Stationery Shop,unknown,"iran, irs-2348, irs-2349",unknown,SANYU STATIONERY SHOP,23/11/2017,"NO. 31G&33G, JALAN SETIA INDAH X ,U13/X 40170 SETIA ALAM",10.90
X51007339165,raw_ocr,SANYUSTATIONERY SHOP,29/11/2017,"NO. 3168336, JALAN SETIA INDAH X ,U13/X",33.60,SANYU STATIONERY SHOP,29/11/2017,"NO. 31G&33G, JALAN SETIA INDAH X ,U13/X 40170 SETIA ALAM",33.60
X51007339165,raw_ocr_llm,SANYU SUPPLY SDN BHD,29/11/2017,SETIA ALAM,33.60,SANYU STATIONERY SHOP,29/11/2017,"NO. 31G&33G, JALAN SETIA INDAH X ,U13/X 40170 SETIA ALAM",33.60
X51007339165,multimodal_ocr,1. Banu Stationery & Paper Shop - (blank) - (blank) - (blank) - (blank) - (blank),unknown,unknown,unknown,SANYU STATIONERY SHOP,29/11/2017,"NO. 31G&33G, JALAN SETIA INDAH X ,U13/X 40170 SETIA ALAM",33.60
X51007339165,multimodal_ocr_llm,Banu Stationery & Paper Shop,unknown,unknown,unknown,SANYU STATIONERY SHOP,29/11/2017,"NO. 31G&33G, JALAN SETIA INDAH X ,U13/X 40170 SETIA ALAM",33.60
X51006414674,raw_ocr,Aoyonq,17/04/18,001694261248,25.60,DOMINO'S PIZZA,17/04/18,"NO.12, JALAN PERMAS JAYA 10, BANDAR BARU PERMAS JAYA, 81750 MASAI JOHOR",25.60
X51006414674,raw_ocr_llm,Dominos,17/04/18,"12 Jalan Permas 10 Bandar Baru Permas Jaya, 81750 Masai Johor",3.90,DOMINO'S PIZZA,17/04/18,"NO.12, JALAN PERMAS JAYA 10, BANDAR BARU PERMAS JAYA, 81750 MASAI JOHOR",25.60
X51006414674,multimodal_ocr,1. Store Name: Phillips,unknown,unknown,unknown,DOMINO'S PIZZA,17/04/18,"NO.12, JALAN PERMAS JAYA 10, BANDAR BARU PERMAS JAYA, 81750 MASAI JOHOR",25.60
X51006414674,multimodal_ocr_llm,Phillips,unknown,unknown,unknown,DOMINO'S PIZZA,17/04/18,"NO.12, JALAN PERMAS JAYA 10, BANDAR BARU PERMAS JAYA, 81750 MASAI JOHOR",25.60
X51006414483,raw_ocr,Ho4ox7,unknown,10 Apr 2018 18.21,7.60,UNIHAKKA INTERNATIONAL SDN BHD,10 APR 2018,"12, JALAN TAMPOI 7/4,KAWASAN PERINDUSTRIAN TAMPOI,81200 JOHOR BAHRU,JOHOR",$7.60
X51006414483,raw_ocr_llm,Unihakka International Sdn Bhd,10/04/2018,"12, Jalan Tampoi 7/4, Kawasan Perindustrian, Tampoi, Johor Bahru, Johor",7.60,UNIHAKKA INTERNATIONAL SDN BHD,10 APR 2018,"12, JALAN TAMPOI 7/4,KAWASAN PERINDUSTRIAN TAMPOI,81200 JOHOR BAHRU,JOHOR",$7.60
X51006414483,multimodal_ocr,1. Lincense information on receipt.,unknown,unknown,unknown,UNIHAKKA INTERNATIONAL SDN BHD,10 APR 2018,"12, JALAN TAMPOI 7/4,KAWASAN PERINDUSTRIAN TAMPOI,81200 JOHOR BAHRU,JOHOR",$7.60
X51006414483,multimodal_ocr_llm,unknown,unknown,unknown,unknown,UNIHAKKA INTERNATIONAL SDN BHD,10 APR 2018,"12, JALAN TAMPOI 7/4,KAWASAN PERINDUSTRIAN TAMPOI,81200 JOHOR BAHRU,JOHOR",$7.60
X51007846370,raw_ocr,Hobot |,unknown,16 Jun 2018 18.25,7.70,UNIHAKKA INTERNATIONAL SDN BHD,16 JUN 2018,"12, JALAN TAMPOI 7/4,KAWASAN PERINDUSTRIAN TAMPOI,81200 JOHOR BAHRU, JOHOR",RM7.70
X51007846370,raw_ocr_llm,Unihakka International Sdn Bhd,16/06/2018,"12, Jalan Tampoi 7/4, Kawasan Perindustrian, Tampoi, 81200 Johor Bahru; Johor",7.70,UNIHAKKA INTERNATIONAL SDN BHD,16 JUN 2018,"12, JALAN TAMPOI 7/4,KAWASAN PERINDUSTRIAN TAMPOI,81200 JOHOR BAHRU, JOHOR",RM7.70
X51007846370,multimodal_ocr,"The receipt is for a purchase of $2,000 made on January 1st, 2015 at a store called ""New York Retail"". The item purchased was a pair of shoes priced at $200 and the total amount due is $2,000.",unknown,unknown,"2,00",UNIHAKKA INTERNATIONAL SDN BHD,16 JUN 2018,"12, JALAN TAMPOI 7/4,KAWASAN PERINDUSTRIAN TAMPOI,81200 JOHOR BAHRU, JOHOR",RM7.70
X51007846370,multimodal_ocr_llm,New York Retail,01/01/2015,unknown,2000.00,UNIHAKKA INTERNATIONAL SDN BHD,16 JUN 2018,"12, JALAN TAMPOI 7/4,KAWASAN PERINDUSTRIAN TAMPOI,81200 JOHOR BAHRU, JOHOR",RM7.70
X51005361897,raw_ocr,TEQ HENG STATIONERY & BQOKS,17/01/2018,(001451637-M),26.00,TEO HENG STATIONERY & BOOKS,17/01/2018,"NO.53, JALAN BESAR, 45600 BATANG BERJUNTAI SELANGOR DARUL EHSAN",27.55
X51005361897,raw_ocr_llm,TEQ HENG STATIONERY & BOOKS,17/01/2018,"No. 53, JALAN BESAR, 45600 BATANG BERJUNTAI SELANGOR DARUL EHSAN",27.55,TEO HENG STATIONERY & BOOKS,17/01/2018,"NO.53, JALAN BESAR, 45600 BATANG BERJUNTAI SELANGOR DARUL EHSAN",27.55
X51005361897,multimodal_ocr,Ted Henning Stationery's Books Cashier's Receipt,unknown,unknown,unknown,TEO HENG STATIONERY & BOOKS,17/01/2018,"NO.53, JALAN BESAR, 45600 BATANG BERJUNTAI SELANGOR DARUL EHSAN",27.55
X51005361897,multimodal_ocr_llm,Ted Henning Stationery's Books,unknown,unknown,unknown,TEO HENG STATIONERY & BOOKS,17/01/2018,"NO.53, JALAN BESAR, 45600 BATANG BERJUNTAI SELANGOR DARUL EHSAN",27.55
X51006334926,raw_ocr,Your order nmber,25/12/2016,264,"29,30",GOLDEN ARCHES RESTAURANTS SDN BHD,25/12/2016,"LEVEL 6, BANGUNAN TH, DAMANSARA UPTOWN3 NO.3, JALAN SS21/39,47400 PETALING JAYA SELANGOR",29.30
X51006334926,raw_ocr_llm,Golden Arches Restaurants Sdn Bhd,25/12/2016,"Lev 6, Bangunan TH, Daransara Uptown3
No.3 , Jalan SS21/39,47400 Petaling Jaya
Selangor",29.30,GOLDEN ARCHES RESTAURANTS SDN BHD,25/12/2016,"LEVEL 6, BANGUNAN TH, DAMANSARA UPTOWN3 NO.3, JALAN SS21/39,47400 PETALING JAYA SELANGOR",29.30
X51006334926,multimodal_ocr,"1. Restaurant name: ""Bondi's Restaurant""  2. Address: ""Srijutong Sdn Bhd""  3. Date: ""12/05/2015""  4. Phone number: ""1-8-531-7000""  5. Email address: ""bondis@srilang.com""  6. Total amount due: $2.00  7. Additional charges: $0.75",12/05/2015,unknown,2.00,GOLDEN ARCHES RESTAURANTS SDN BHD,25/12/2016,"LEVEL 6, BANGUNAN TH, DAMANSARA UPTOWN3 NO.3, JALAN SS21/39,47400 PETALING JAYA SELANGOR",29.30
X51006334926,multimodal_ocr_llm,Bondi's Restaurant,12/05/2015,Srijutong Sdn Bhd,2.00,GOLDEN ARCHES RESTAURANTS SDN BHD,25/12/2016,"LEVEL 6, BANGUNAN TH, DAMANSARA UPTOWN3 NO.3, JALAN SS21/39,47400 PETALING JAYA SELANGOR",29.30
X51006555833,raw_ocr,GARDENIA BAKEKIES (KL,31/08/2017,SI)N BHD (139386 X),"1,52",GARDENIA BAKERIES (KL) SDN BHD,31/08/2017,"LOT 3, JALAN PELABUR 23/1, 40300 SHAH ALAM, SELANGOR.",1.52
X51006555833,raw_ocr_llm,HAKASSAR FRESH Market SDN BHD,31/08/2017,"No.4 & 6, JALAN SS 15/48, 47500 SUBANG JAYA, SELANGOR",14.12,GARDENIA BAKERIES (KL) SDN BHD,31/08/2017,"LOT 3, JALAN PELABUR 23/1, 40300 SHAH ALAM, SELANGOR.",1.52
X51006555833,multimodal_ocr,1. Gardena Bakeries (Lloyd's) L.J.P.B.H. X.S.D.H. X.S.D.H.X.S.D.H.X.S.D.H.X.S.D.H.X.S.D.H.X.S.D.H.X.S.D.H.X.S.D.H.X.S.D.H.X.S.D.H.X.S.D.H.X.S.D.H.X.S.D.H.X.S.D.H.X.S.D.H.X.S.D.H.X.S.D.H.X.S.D.H.X.S.D.H.X.S.D.H.X.S.D.H.X.S.D.H.X.S.D.H.X.S.D.H.X.S.D.H.X.S.D.H.X.S.D.H.X.S.D.H.X.S.D.H.X.S.D.H.X.S.D.H.X.S.D.H.X.S.D.H.X.S.D.H.X.S.D.H.X.S.D.H.X.S.D.H.X.S.D.H.X.S.D.H.X.S.D.H.X.S.D.H.X.S.D.H.X.S.D.H.X.S.D.H.X.S.D.H.X.S.D.H.X.S.D.H.X.S.D.H.X.S.D.H.X.S.D.H.X.S.D.H.X.S.D.H.X.S.D.H.X.S.D.H.X.S.D.H.X.S.D.H.X.S.D.H.X.S.D.H.X.S.D.H.X.S.D.H.X.S.D.H.X.S.D.H.X.S.D.H.X.S.D.H.X.S.D.H.X.S.D.H.X.S.D.H.X.S.D.H.X.S.D.H.X.S.D.H.X.S.D.H.X.S.D.H.X.S.D.H.X.S.D.H.X.S.D.H.X.S.D.H.X.S.D.H.X.S.D.H.X.S.D.H.X.S.D.H.X.S.D.H.X.S.D.H.X.S.D.H.X.S.D.H.X.S.D.H.X.S.D.H.X.S.D.h.x.,unknown,unknown,unknown,GARDENIA BAKERIES (KL) SDN BHD,31/08/2017,"LOT 3, JALAN PELABUR 23/1, 40300 SHAH ALAM, SELANGOR.",1.52
X51006555833,multimodal_ocr_llm,Gardena Bakeries,unknown,"Lloyd's, L.J.P.B.H.",unknown,GARDENIA BAKERIES (KL) SDN BHD,31/08/2017,"LOT 3, JALAN PELABUR 23/1, 40300 SHAH ALAM, SELANGOR.",1.52
X51006557210,raw_ocr,GAKDANIA MAKEKIES (KI,05/10/2017,SIN BIID (439.386 X),"51,42",GARDENIA BAKERIES (KL) SDN BHD,05/10/2017,"LOT 3, JALAN PELABUR 23/1, 40300 SHAH ALAM, SELANGOR.",51.42
X51006557210,raw_ocr_llm,Gardenia,05/10/2017,"Ground Floor, No. 15/48, SS 15, Subang Jaya, Selangor",27.98,GARDENIA BAKERIES (KL) SDN BHD,05/10/2017,"LOT 3, JALAN PELABUR 23/1, 40300 SHAH ALAM, SELANGOR.",51.42
X51006557210,multimodal_ocr,1. Gardenia Bakery & Deli (Singh)  Xcelsius  Jakarta  July 2015,unknown,unknown,unknown,GARDENIA BAKERIES (KL) SDN BHD,05/10/2017,"LOT 3, JALAN PELABUR 23/1, 40300 SHAH ALAM, SELANGOR.",51.42
X51006557210,multimodal_ocr_llm,Gardenia Bakery and Deli (Singh),01/07/2015,Jakarta,unknown,GARDENIA BAKERIES (KL) SDN BHD,05/10/2017,"LOT 3, JALAN PELABUR 23/1, 40300 SHAH ALAM, SELANGOR.",51.42
X51005677327,raw_ocr,3 | 8 0> 016,01/02/2018,(81109-A),2.04,SYARIKAT PERNIAGAAN GIN KEE,01/02/2018,"NO 290, JALAN AIR PANAS, SETAPAK, 53200, KUALA LUMPUR.",36.04
X51005677327,raw_ocr_llm,Syarikat Perniagaan Gin Kee,01/02/2018,"No 290, Jalan Air Panas, Setapak, 53200 Kuala Lumpur",36.04,SYARIKAT PERNIAGAAN GIN KEE,01/02/2018,"NO 290, JALAN AIR PANAS, SETAPAK, 53200, KUALA LUMPUR.",36.04
X51005677327,multimodal_ocr,1. Syarikat Pernianan Gin Kee (Sri) (Nos. 3) (Nos. 2) (Nos. 4) (Nos. 5) (Nos. 6) (Nos. 7) (Nos. 8) (Nos. 9),unknown,unknown,unknown,SYARIKAT PERNIAGAAN GIN KEE,01/02/2018,"NO 290, JALAN AIR PANAS, SETAPAK, 53200, KUALA LUMPUR.",36.04
X51005677327,multimodal_ocr_llm,Syarikat Perniagaan Gin Kee (Sri),unknown,unknown,unknown,SYARIKAT PERNIAGAAN GIN KEE,01/02/2018,"NO 290, JALAN AIR PANAS, SETAPAK, 53200, KUALA LUMPUR.",36.04
X51005568892,raw_ocr,EVERGREEN LIGHT SDN BHD,unknown,(877859-U:,"75,99",EVERGREEN LIGHT SDN BHD,18/09/2017,"NO.7-1, JALAN PUTERI 7/11, BANDAR PUTERI, 47100 PUCHONG, BELANGOR",26.00
X51005568892,raw_ocr_llm,Evergreen Light SDN BHD,180927017,"BANDAR FUTERL, PUKONG BELANCOR, 47100",75.99,EVERGREEN LIGHT SDN BHD,18/09/2017,"NO.7-1, JALAN PUTERI 7/11, BANDAR PUTERI, 47100 PUCHONG, BELANGOR",26.00
X51005568892,multimodal_ocr,Evergreen Light Sdn Bhd. Tax Invoices. N.A.I.B.S.U.P.T.E.R.S.L. (English and Malay language).,unknown,unknown,unknown,EVERGREEN LIGHT SDN BHD,18/09/2017,"NO.7-1, JALAN PUTERI 7/11, BANDAR PUTERI, 47100 PUCHONG, BELANGOR",26.00
X51005568892,multimodal_ocr_llm,Evergreen Light Sdn Bhd.,unknown,unknown,unknown,EVERGREEN LIGHT SDN BHD,18/09/2017,"NO.7-1, JALAN PUTERI 7/11, BANDAR PUTERI, 47100 PUCHONG, BELANGOR",26.00
X51006555806,raw_ocr,GARDENIA MAKERIES (KI,30/07/2017,SDN BID ( [39386 X),20.21,GARDENIA BAKERIES (KL) SDN BHD,30/07/2017,"LOT 3, JALAN PELABUR 23/1, 40300 SHAH ALAM, SELANGOR.",20.21
X51006555806,raw_ocr_llm,Gardenia Makeries (K) SDN BHD,30/07/2017,"GROUND FLOOR, No 4 & 6, JALAN SUBANG 5/4B, 47500 SUBANG JAYA, SELANGOR",39.01,GARDENIA BAKERIES (KL) SDN BHD,30/07/2017,"LOT 3, JALAN PELABUR 23/1, 40300 SHAH ALAM, SELANGOR.",20.21
X51006555806,multimodal_ocr,1. Garden Bakeries (Sudan) Looa Jalan Polobutus 2 Jan 2008,unknown,unknown,unknown,GARDENIA BAKERIES (KL) SDN BHD,30/07/2017,"LOT 3, JALAN PELABUR 23/1, 40300 SHAH ALAM, SELANGOR.",20.21
X51006555806,multimodal_ocr_llm,Garden Bakeries Sudan,01/02/2008,Looa Jalan Polobutus 2,unknown,GARDENIA BAKERIES (KL) SDN BHD,30/07/2017,"LOT 3, JALAN PELABUR 23/1, 40300 SHAH ALAM, SELANGOR.",20.21
X51006619509,raw_ocr,GUDANG  HasiL RESTAURANT   SDn  BHD,02-12-2016,(1157059-U),unknown,GUDANG HASIL RESTAURANT SDN BHD,02-12-2016,"NO. 33, LRG HANG JEBAT, MELAKA",RM15.80
X51006619509,raw_ocr_llm,GUDANG HasiL RESTAURANT SDn BHD,02/12/2016,"NO. 33, LRG HANG JEBAT; MELAKA",4.20,GUDANG HASIL RESTAURANT SDN BHD,02-12-2016,"NO. 33, LRG HANG JEBAT, MELAKA",RM15.80
X51006619509,multimodal_ocr,1. Gudang Hastil Restaurant Sdn Bhd. (No. 1335-U)  (Lg han jat bat)  Melaka. (GSTI IDN)  (GSTI IDN)  (GSTI IDN)  (GSTI IDN)  (GSTI IDN)  (GSTI IDN)  (GSTI IDN)  (GSTI IDN)  (GSTI IDN)  (GSTI IDN)  (GSTI IDN)  (GSTI IDN)  (GSTI IDN)  (GSTI IDN)  (GSTI IDN)  (GSTI IDN)  (GSTI IDN)  (GSTI IDN)  (GSTI IDN)  (GSTI IDN)  (GSTI IDN)  (GSTI IDN)  (GSTI IDN)  (GSTI IDN)  (GSTI IDN)  (GSTI IDN)  (GSTI IDN)  (GSTI IDN)  (GSTI IDN)  (GSTI IDN)  (GSTI IDN)  (GSTI IDN)  (GSTI IDN)  (GSTI IDN)  (GSTI IDN)  (GSTI IDN)  (GSTI IDN)  (GSTI IDN)  (GSTI IDN)  (GSTI IDN)  (GSTI IDN)  (GSTI IDN)  (GSTI IDN)  (GSTI IDN)  (GSTI IDN)  (GSTI IDN)  (GSTI IDN)  (GSTI IDN)  (GSTI IDN)  (GSTI IDN)  (GSTI IDN)  (GSTI IDN)  (GSTI IDN)  (GSTI IDN)  (GSTI IDN)  (GSTI IDN)  (GSTI IDN)  (GSTI IDN)  (GSTI IDN)  (GSTI IDN)  (GSTI IDN)  (GSTI IDN)  (GSTI IDN)  (GSTI IDN)  (GSTI IDN)  (GSTI IDN)  (GSTI IDN)  (GSTI IDN)  (GSTI IDN)  (GSTI IDN)  (GSTI IDN)  (GSTI IDN)  (GSTI IDN)  (GSTI IDN)  (GSTI IDN)  (GSTI IDN)  (GSTI IDN)  (GSTI IDN)  (GSTI IDN)  (GSTI IDN)  (GSTI IDN)  (GSTI IDN)  (GSTI IDN)  (GSTI IDN)  (GSTI IDN)  (GSTI IDN)  (GSTI IDN)  (GSTI IDN)  (GSTI IDN)  (GSTI IDN)  (GSTI IDN)  (GSTI IDN)  (GSTI IDN)  (GSTI IDN)  (GSTI IDN)  (GSTI IDN)  (GSTI IDN)  (GSTI IDN)  (GSTI IDN)  (GSTI IDN)  (GSTI IDN)  (GSTI IDN)  (GSTI IDN)  (GSTI IDN)  (GSTI IDN)  (GSTI IDN)  (GSTI IDN)  (GSTI IDN)  (GSTI IDN)  (GSTI IDN)  (GSTI IDN)  (GSTI IDN)  (GSTI IDN)  (GSTI IDN)  (GSTI IDN)  (GSTI IDN)  (GSTI IDN)  (GSTI IDN)  (GSTI IDN)  (GSTI IDN)  (GSTI IDN)  (GSTI IDN)  (GSTI IDN)  (GSTI IDN)  (GSTI IDN)  (GSTI IDN)  (GSTI IDN)  (GSTI IDN)  (GSTI IDN)  (GSTI IDN)  (GSTI IDN)  (GSTI IDN)  (GSTI IDN)  (GSTI IDN)  (GSTI IDN)  (GSTI IDN)  (GSTI IDN)  (GSTI IDN)  (GSTI IDN)  (GSTI IDN)  (GSTI IDN)  (GSTI IDN)  (GSTI IDN)  (GSTI IDN)  (GSTI IDN)  (GSTI IDN)  (GSTI IDN)  (GSTI IDN)  (GSTI IDN)  (GSTI IDN)  (GSTI IDN)  (GSTI IDN,unknown,unknown,unknown,GUDANG HASIL RESTAURANT SDN BHD,02-12-2016,"NO. 33, LRG HANG JEBAT, MELAKA",RM15.80
X51006619509,multimodal_ocr_llm,Gudang Hastil Restaurant Sdn Bhd.,unknown,"No. 1335-U, Lg han jat bat, Melaka",unknown,GUDANG HASIL RESTAURANT SDN BHD,02-12-2016,"NO. 33, LRG HANG JEBAT, MELAKA",RM15.80
X51007103641,raw_ocr,70,19-04-18,"19 ,",unknown,MR. D.I.Y. (M) SDN BHD,19-04-18,"LOT 1851-A & 1851-B, JALAN KPB 6, KAWASAN PERINDUSTRIAN BALAKONG, 43300 SERI KEMBANGAN, SELANGOR",RM 34.80
X51007103641,raw_ocr_llm,"M.R. D, I.Y. (S) SDN BHD",19/04/2018,JALAN KPB 6 Kahasan PERINDUSTRIAN BALAKONG 43300 SERI KEMBANGAN SELANGOR,34.80,MR. D.I.Y. (M) SDN BHD,19-04-18,"LOT 1851-A & 1851-B, JALAN KPB 6, KAWASAN PERINDUSTRIAN BALAKONG, 43300 SERI KEMBANGAN, SELANGOR",RM 34.80
X51007103641,multimodal_ocr,1. Double Extent 10471040 Cd4tbxl Cd4tbxl Cd4tbxl Cd4tbxl Cd4tbxl Cd4tbxl Cd4tbxl Cd4tbxl Cd4tbxl Cd4tbxl Cd4tbxl Cd4tbxl Cd4tbxl Cd4tbxl Cd4tbxl Cd4tbxl Cd4tbxl Cd4tbxl Cd4tbxl Cd4tbxl Cd4tbxl Cd4tbxl Cd4tbxl Cd4tbxl Cd4tbxl Cd4tbxl Cd4tbxl Cd4tbxl Cd4tbxl Cd4tbxl Cd4tbxl Cd4tbxl Cd4tbxl Cd4tbxl Cd4tbxl Cd4tbxl Cd4tbxl Cd4tbxl Cd4tbxl Cd4tbxl Cd4tbxl Cd4tbxl Cd4tbxl Cd4tbxl Cd4tbxl Cd4tbxl Cd4tbxl Cd4tbxl Cd4tbxl Cd4tbxl Cd4tbxl Cd4tbxl Cd4tbxl Cd4tbxl Cd4tbxl Cd4tbxl Cd4tbxl Cd4tbxl Cd4tbxl Cd4tbxl Cd4tbxl Cd4tbxl Cd4tbxl Cd4tbxl Cd4tbxl Cd4tbxl Cd4tbxl Cd4tbxl Cd4tbxl Cd4tbxl Cd4tbxl Cd4tbxl Cd4tbxl Cd4tbxl Cd4tbxl Cd4tbxl Cd4tbxl Cd4tbxl Cd4tbxl Cd4tbxl Cd4tbxl Cd4tbxl Cd4tbxl Cd4tbxl Cd4tbxl Cd4tbxl Cd4tbxl Cd4tbxl Cd4tbxl Cd4tbxl Cd4tbxl Cd4tbxl Cd4tbxl Cd4tbxl Cd4tbxl Cd4tbxl Cd4tbxl Cd4tbxl Cd4tbxl Cd4tbxl Cd4tbxl Cd4tbxl Cd4tbxl Cd4tbxl Cd4tbxl Cd4tbxl Cd4tbxl Cd4tbxl Cd4tbxl Cd4tbxl Cd4tbxl Cd4tbxl Cd4tbxl Cd4tbxl Cd4tbxl Cd4tbxl Cd4tbxl Cd4tbxl Cd4tbxl Cd4tbxl Cd4tbxl Cd4tbxl Cd4tbxl Cd4tbxl Cd4tbxl Cd4tbxl Cd4tbxl Cd4tbxl Cd4tbxl Cd4tbxl Cd4tbxl Cd4tbxl Cd4tbxl Cd4tbxl Cd4tbxl Cd4tbxl Cd4tbxl Cd4tbxl Cd4tbxl Cd4tbxl Cd4tbxl Cd4tbxl Cd4tbxl Cd4tbxl Cd4tbxl Cd4tbxl Cd4tbxl Cd4tbxl Cd4tbxl Cd4tbxl Cd4tbxl Cd4tbxl Cd4tbxl Cd4tbxl Cd4tbxl Cd4tbxl Cd4tbxl Cd4tbxl Cd4tbxl Cd4tbxl Cd4tbxl Cd4tbxl Cd4tbxl Cd4tbxl Cd4tbxl Cd4tbxl Cd4tbxl Cd4tbxl Cd4tbxl Cd4tbxl Cd4tbxl Cd4tbxl Cd4tbxl Cd4tbxl Cd4tbxl Cd4tbxl Cd4tbxl Cd,unknown,unknown,unknown,MR. D.I.Y. (M) SDN BHD,19-04-18,"LOT 1851-A & 1851-B, JALAN KPB 6, KAWASAN PERINDUSTRIAN BALAKONG, 43300 SERI KEMBANGAN, SELANGOR",RM 34.80
X51007103641,multimodal_ocr_llm,Double Extent,unknown,unknown,10471040.00,MR. D.I.Y. (M) SDN BHD,19-04-18,"LOT 1851-A & 1851-B, JALAN KPB 6, KAWASAN PERINDUSTRIAN BALAKONG, 43300 SERI KEMBANGAN, SELANGOR",RM 34.80
X51007339134,raw_ocr,SANYU STATIONERY SHOP,unknown,"NO. 3168336, JALAN SETIA INDAH X,Ui3ix",8.70,SANYU STATIONERY SHOP,06/10/2017,"NO. 31G&33G, JALAN SETIA INDAH X ,U13/X 40170 SETIA ALAM",8.70
X51007339134,raw_ocr_llm,SANYU SUPPLY SDN BHD,06/10/2017,"NO. 3168336, JALAN SETIA INDAH X, 40170 SETIA ALAM",8.70,SANYU STATIONERY SHOP,06/10/2017,"NO. 31G&33G, JALAN SETIA INDAH X ,U13/X 40170 SETIA ALAM",8.70
X51007339134,multimodal_ocr,1. Sanyusah Shop - Tanjung Pahang - Tanjung Pahang - Tanjung Pahang - Tanjung Pahang - Tanjung Pahang - Tanjung Pahang - Tanjung Pahang - Tanjung Pahang - Tanjung Pahang - Tanjung Pahang - Tanjung Pahang - Tanjung Pahang - Tanjung Pahang - Tanjung Pahang - Tanjung Pahang - Tanjung Pahang - Tanjung Pahang - Tanjung Pahang - Tanjung Pahang - Tanjung Pahang - Tanjung Pahang - Tanjung Pahang - Tanjung Pahang - Tanjung Pahang - Tanjung Pahang - Tanjung Pahang - Tanjung Pahang - Tanjung Pahang - Tanjung Pahang - Tanjung Pahang - Tanjung Pahang - Tanjung Pahang - Tanjung Pahang - Tanjung Pahang - Tanjung Pahang - Tanjung Pahang - Tanjung Pahang - Tanjung Pahang - Tanjung Pahang - Tanjung Pahang - Tanjung Pahang - Tanjung Pahang - Tanjung Pahang - Tanjung Pahang - Tanjung Pahang - Tanjung Pahang - Tanjung Pahang - Tanjung Pahang - Tanjung Pahang - Tanjung Pahang - Tanjung Pahang - Tanjung Pahang - Tanjung Pahang - Tanjung Pahang - Tanjung Pahang - Tanjung Pahang - Tanjung Pahang - Tanjung Pahang - Tanjung Pahang - Tanjung Pahang - Tanjung Pahang - Tanjung Pahang - Tanjung Pahang - Tanjung Pahang - Tanjung Pahang - Tanjung Pahang - Tanjung Pahang - Tanjung Pahang - Tanjung Pahang - Tanjung Pahang - Tanjung Pahang - Tanjung Pahang - Tanjung Pahang - Tanjung Pahang - Tanjung Pahang - Tanjung Pahang - Tanjung Pahang - Tanjung Pahang - Tanjung Pahang - Tanjung Pahang - Tanjung Pahang - Tanjung Pahang - Tanjung Pahang - Tanjung Pahang - Tanjung Pahang - Tanjung Pahang - Tanjung Pahang - Tanjung Pahang - Tanjung Pahang - Tanjung Pahang - Tanjung Pahang - Tanjung Pahang - Tanjung Pahang - Tanjung Pahang - Tanjung Pahang - Tanjung Pahang - Tanjung Pahang - Tanjung Pahang - Tanjung Pahang - Tanjung Pahang - Tanjung Pahang - Tanjung Pahang - Tanjung Pahang - Tanjung Pahang - Tanjung Pahang - Tanjung Pahang - Tanjung Pahang - Tanjung Pahang - Tanjung Pahang - Tanjung Pahang - Tanjung Pahang - Tanjung Pahang - Tanjung Pahang - Tanjung Pahang - Tanjung Pahang - Tanjung Pahang - Tanjung Pahang - Tanjung Pahang - Tanjung Pahang - Tanjung Pahang - Tanjung Pahang - Tanjung Pahang - Tanjung Pahang - Tanjung Pahang - Tanjung Pahang - Tanjung Pahang - Tanjung Pahang - Tanjung Pahang - Tanjung Pahang - Tanjung Pahang - Tanjung Pahang - Tanjung Pahang - Tanjung Pahang - Tanjung Pahang - Tanjung Pahang - Tanjung Pahang - Tanjung Pahang - Tanjung Pahang - Tanjung Pahang - Tanjung Pahang - Tanjung Pahang - Tanjung Pahang - Tanjung Pahang - Tanjung Pahang - Tanjung Pahang - Tanjung Pahang - Tanjung Pahang - Tanjung Pahang - Tanjung Pahang - Tanjung Pahang - Tanjung Pahang - Tanjung Pahang - Tanjung Pahang - Tanjung Pahang - Tanjung Pahang - Tanjung Pahang - Tanjung Pahang - Tanjung Pahang - Tanjung Pahang - Tanjung Pahang - Tanjung Pahang - Tanjung Pahang - Tanjung Pahang - Tanjung Pahang - Tanjung Pahang - Tanjung Pahang - Tanjung Pahang - Tanjung Pahang - Tanjung Pahang - Tanjung Pahang - Tanjung Pahang - Tanjung Pahang - Tanjung Pahang - Tanjung Pahang - Tanjung Pahang - Tanjung Pahang - Tanjung Pahang - Tanjung,unknown,unknown,unknown,SANYU STATIONERY SHOP,06/10/2017,"NO. 31G&33G, JALAN SETIA INDAH X ,U13/X 40170 SETIA ALAM",8.70
X51007339134,multimodal_ocr_llm,Sanyusah Shop,unknown,Tanjung Pahang,unknown,SANYU STATIONERY SHOP,06/10/2017,"NO. 31G&33G, JALAN SETIA INDAH X ,U13/X 40170 SETIA ALAM",8.70
X51005711402,raw_ocr,RESTORAN WAN SHENG,17-03-2018,002043319-W,unknown,RESTORAN WAN SHENG,17-03-2018,"NO.2, JALAN TEMENGGUNG 19/9, SEKSYEN 9, BANDAR MAHKOTA CHERAS, 43200 CHERAS, SELANGOR",9.60
X51005711402,raw_ocr_llm,Wan Sheng,17/03/2018,"No.2, Jalan Temenggung 19/9, Seksyen 9, Bandar Mahkota Cheras, 43200 Cheras",9.80,RESTORAN WAN SHENG,17-03-2018,"NO.2, JALAN TEMENGGUNG 19/9, SEKSYEN 9, BANDAR MAHKOTA CHERAS, 43200 CHERAS, SELANGOR",9.60
X51005711402,multimodal_ocr,Restaurant Van Sheng - Jalan Tanjungan - Bali - Batangas - Selangor - Iguazu - Sabah,unknown,unknown,unknown,RESTORAN WAN SHENG,17-03-2018,"NO.2, JALAN TEMENGGUNG 19/9, SEKSYEN 9, BANDAR MAHKOTA CHERAS, 43200 CHERAS, SELANGOR",9.60
X51005711402,multimodal_ocr_llm,Van Sheng Restaurant,unknown,"Jalan Tanjungan, Bali, Batangas, Selangor, Iguazu, Sabah",unknown,RESTORAN WAN SHENG,17-03-2018,"NO.2, JALAN TEMENGGUNG 19/9, SEKSYEN 9, BANDAR MAHKOTA CHERAS, 43200 CHERAS, SELANGOR",9.60
X51007846325,raw_ocr,Aokbz,02/06/18,(Mutiara Rini 16),"0,00",DE LUXE CIRCLE FRESH MART SDN BHD,02/06/18,"NO.89&91, JALAN UTAMA, TAMAN MUTIA RINI, 81300 SKUDAI, JOHOR.",25.85
X51007846325,raw_ocr_llm,DE LUXE CIRCLE FRESH MART SDN BHD,02/06/18,"No. 89891, Jalan Utarna, Taman Mutia Rini; 81300 Skudai; Johor",25.85,DE LUXE CIRCLE FRESH MART SDN BHD,02/06/18,"NO.89&91, JALAN UTAMA, TAMAN MUTIA RINI, 81300 SKUDAI, JOHOR.",25.85
X51007846325,multimodal_ocr,Del Monte Inc. - California - California - California - California - California - California - California - California - California - California - California - California - California - California - California - California - California - California - California - California - California - California - California - California - California - California - California - California - California - California - California - California - California - California - California - California - California - California - California - California - California - California - California - California - California - California - California - California - California - California - California - California - California - California - California - California - California - California - California - California - California - California - California - California - California - California - California - California - California - California - California - California - California - California - California - California - California - California - California - California - California - California - California - California - California - California - California - California - California - California - California - California - California - California - California - California - California - California - California - California - California - California - California - California - California - California - California - California - California - California - California - California - California - California - California - California - California - California - California - California - California - California - California - California - California - California - California - California - California - California - California - California - California - California - California - California - California - California - California - California - California - California - California - California - California - California - California - California - California - California - California - California - California - California - California - California - California - California - California - California - California - California - California - California - California - California - California - California - California - California - California - California - California - California - California - California - California - California - California - California - California - California - California - California - California - California - California - California - California - California - California - California - California - California - California - California - California - California - California - California - California - California - California - California - California - California - California - California - California - California - California - California - California - California - California - California - California - California - California - California - California - California - California - California - California - California - California - California - California - California - California - California - California - California - California - California - California - California - California - California - California - California - California - California - California - California - California - California - California - California - California - California - California - California - California - California - California - California - California - California - California - California - California - California - California - California - California - California - California - California - California - California - California - California - California - California - California - California - California - California - California - California - California - California - California - California - California - California - California - California - California - California - California - California - California - California - California - California - California - California - California - California - California - California - California - California - California - California - California - California - California - California - California - California - California - California - California - California - California - California - California - California - California - California - California - California - California - California - California - California - California - California - California - California - California - California - California - California - California - California - California - California - California - California - California - California - California - California - California - California - California - California - California - California - California - California - California - California - California - California - California - California - California - California - California - California - California - California - California - California - California - California - California - California - California - California - California - California - California - California - California - California - California - California - California - California - California - California - California - California - California - California - California - California - California - California - California - California - California - California - California - California - California - California - California - California - California - California - California - California - California - California - California - California - California - California - California - California - California - California - California - California - California - California - California - California - California - California - California - California - California - California - California - California - California - California - California - California - California - California - California - California - California - California - California - California - California - California - California - California - California - California - California - California - California - California - California - California - California - California - California - California - California - California - California - California - California - California - California - California - California - California - California - California - California - California - California - California - California - California - California - California - California - California - California - California - California - California - California - California - California - California - California - California - California - California - California - California - California - California - California - California - California - California - California - California - California - California - California - California - California - California - California - California - California - California - California - California - California - California - California - California - California - California - California - California - California - California - California - California - California - California - California - California - California - California - California - California - California - California - California - California - California - California - California - California - California - California - California - California - California - California - California - California - California - California - California - California - California - California - California - California - California - California - California - California - California - California - California - California - California - California - California - California - California - California - California - California - California - California - California - California - California - California - California - California - California - California - California - California - California - California - California - California - California - California - California - California - California - California - California - California - California - California - California - California - California - California - California - California - California - California - California - California - California - California - California - California - California - California - California - California - California,unknown,unknown,unknown,DE LUXE CIRCLE FRESH MART SDN BHD,02/06/18,"NO.89&91, JALAN UTAMA, TAMAN MUTIA RINI, 81300 SKUDAI, JOHOR.",25.85
X51007846325,multimodal_ocr_llm,Del Monte Inc.,unknown,California,unknown,DE LUXE CIRCLE FRESH MART SDN BHD,02/06/18,"NO.89&91, JALAN UTAMA, TAMAN MUTIA RINI, 81300 SKUDAI, JOHOR.",25.85
X51008142060,raw_ocr,KEDAI PAPAN YEW CHUAN,unknown,(0005583085-K),"121,90",KEDAI PAPAN YEW CHUAN,26/05/2018,"LOT 276 JALAN BANTING 43800 DENGKIL, SELANGOR",121.90
X51008142060,raw_ocr_llm,Kedai Papan Yew Chuan,26/05/2018,"Lot 276 Jalan Banting, Dengkil, Selangor",121.90,KEDAI PAPAN YEW CHUAN,26/05/2018,"LOT 276 JALAN BANTING 43800 DENGKIL, SELANGOR",121.90
X51008142060,multimodal_ocr,1. Kadai papan saw chuan lot 77858 danjalan banting 49861 dengan silang malayas. (date) (year) (date) (date) (date) (date) (date) (date) (date) (date) (date) (date) (date) (date) (date) (date) (date) (date) (date) (date) (date) (date) (date) (date) (date) (date) (date) (date) (date) (date) (date) (date) (date) (date) (date) (date) (date) (date) (date) (date) (date) (date) (date) (date) (date) (date) (date) (date) (date) (date) (date) (date) (date) (date) (date) (date) (date) (date) (date) (date) (date) (date) (date) (date) (date) (date) (date) (date) (date) (date) (date) (date) (date) (date) (date) (date) (date) (date) (date) (date) (date) (date) (date) (date) (date) (date) (date) (date) (date) (date) (date) (date) (date) (date) (date) (date) (date) (date) (date) (date) (date) (date) (date) (date) (date) (date) (date) (date) (date) (date) (date) (date) (date) (date) (date) (date) (date) (date) (date) (date) (date) (date) (date) (date) (date) (date) (date) (date) (date) (date) (date) (date) (date) (date) (date) (date) (date) (date) (date) (date) (date) (date) (date) (date) (date) (date) (date) (date) (date) (date) (date) (date) (date) (date) (date) (date) (date) (date) (date) (date) (date) (date) (date) (date) (date) (date) (date) (date) (date) (date) (date) (date) (date) (date) (date) (date) (date) (date) (date) (date) (date) (date) (date) (date) (date) (date) (date) (date) (date) (date) (date) (date) (date) (date) (date) (date) (date) (date) (date) (date) (date) (date) (date) (date) (date) (date) (date) (date) (date) (date) (date) (date) (date) (date) (date) (date) (date) (date) (date) (date) (date) (date) (date) (date) (date) (date) (date) (date) (date) (date) (date) (date) (date) (date) (date) (date) (date) (date) (date) (date) (date) (date) (date) (date) (date) (date) (date) (date) (date) (date) (date) (date) (date) (date) (date) (date) (date) (date) (date) (date) (date) (date) (date) (date) (date) (date) (date) (date) (date) (date) (date) (date) (date) (date) (date) (date) (date) (date) (date) (date) (date) (date) (date) (date) (date) (date) (date) (date) (date) (date) (date) (date) (date) (date) (date) (date) (date) (date) (date) (date) (date) (date) (date) (date) (date) (date) (date) (date) (date) (date) (date) (date) (date) (date) (date) (date) (date) (date) (date) (date) (date) (date) (date) (date) (date) (date) (date) (date) (date) (date) (date) (date) (date) (date) (date) (date) (date) (date) (date) (date) (date) (date) (date) (date) (date) (date) (date) (date) (date) (date) (date) (date) (date) (date) (date) (date) (date) (date) (date) (date) (date) (date) (date) (date) (date) (date) (date) (date) (date) (date) (date) (date) (date) (date) (date) (date) (date) (date) (date) (date) (date) (date) (date) (date) (date) (date) (date) (date) (date) (date) (date) (date) (date) (date) (date) (date) (date) (date) (date) (date) (date) (date) (date) (date) (date) (date) (date),unknown,unknown,unknown,KEDAI PAPAN YEW CHUAN,26/05/2018,"LOT 276 JALAN BANTING 43800 DENGKIL, SELANGOR",121.90
X51008142060,multimodal_ocr_llm,Kadai Papan Saw Chuan,unknown,"Lot 77858, Jalan Banting, Malaysia",unknown,KEDAI PAPAN YEW CHUAN,26/05/2018,"LOT 276 JALAN BANTING 43800 DENGKIL, SELANGOR",121.90
X51005724625,raw_ocr,R,12/03/2018,Joho96,"16,05",KEDAI PAPAN YEW CHUAN,12/03/2018,"LOT 276 JALAN BANTING 43800 DENGKIL, SELANGOR.",283.55
X51005724625,raw_ocr_llm,Kedai Papan Yew Chuan,12/03/2018,"LOT 276 JALAN BANTING, 43800 DENGKIL, SELANGOR",283.55,KEDAI PAPAN YEW CHUAN,12/03/2018,"LOT 276 JALAN BANTING 43800 DENGKIL, SELANGOR.",283.55
X51005724625,multimodal_ocr,1. Mbej Jalan Yayang Chuan - Kedai Jayang Yayang Chuan - Lut Tun Lim Sepurahan - Lut Tun Lim Sepurahan - Lut Tun Lim Sepurahan - Lut Tun Lim Sepurahan - Lut Tun Lim Sepurahan - Lut Tun Lim Sepurahan - Lut Tun Lim Sepurahan - Lut Tun Lim Sepurahan - Lut Tun Lim Sepurahan - Lut Tun Lim Sepurahan - Lut Tun Lim Sepurahan - Lut Tun Lim Sepurahan - Lut Tun Lim Sepurahan - Lut Tun Lim Sepurahan - Lut Tun Lim Sepurahan - Lut Tun Lim Sepurahan - Lut Tun Lim Sepurahan - Lut Tun Lim Sepurahan - Lut Tun Lim Sepurahan - Lut Tun Lim Sepurahan - Lut Tun Lim Sepurahan - Lut Tun Lim Sepurahan - Lut Tun Lim Sepurahan - Lut Tun Lim Sepurahan - Lut Tun Lim Sepurahan - Lut Tun Lim Sepurahan - Lut Tun Lim Sepurahan - Lut Tun Lim Sepurahan - Lut Tun Lim Sepurahan - Lut Tun Lim Sepurahan - Lut Tun Lim Sepurahan - Lut Tun Lim Sepurahan - Lut Tun Lim Sepurahan - Lut Tun Lim Sepurahan - Lut Tun Lim Sepurahan - Lut Tun Lim Sepurahan - Lut Tun Lim Sepurahan - Lut Tun Lim Sepurahan - Lut Tun Lim Sepurahan - Lut Tun Lim Sepurahan - Lut Tun Lim Sepurahan - Lut Tun Lim Sepurahan - Lut Tun Lim Sepurahan - Lut Tun Lim Sepurahan - Lut Tun Lim Sepurahan - Lut Tun Lim Sepurahan - Lut Tun Lim Sepurahan - Lut Tun Lim Sepurahan - Lut Tun Lim Sepurahan - Lut Tun Lim Sepurahan - Lut Tun Lim Sepurahan - Lut Tun Lim Sepurahan - Lut Tun Lim Sepurahan - Lut Tun Lim Sepurahan - Lut Tun Lim Sepurahan - Lut Tun Lim Sepurahan - Lut Tun Lim Sepurahan - Lut Tun Lim Sepurahan - Lut Tun Lim Sepurahan - Lut Tun Lim Sepurahan - Lut Tun Lim Sepurahan - Lut Tun Lim Sepurahan - Lut Tun Lim Sepurahan - Lut Tun Lim Sepurahan - Lut Tun Lim Sepurahan - Lut Tun Lim Sepurahan - Lut Tun Lim Sepurahan - Lut Tun Lim Sepurahan - Lut Tun Lim Sepurahan - Lut Tun Lim Sepurahan - Lut Tun Lim Sepurahan - Lut Tun Lim Sepurahan - Lut Tun Lim Sepurahan - Lut Tun Lim Sepurahan - Lut Tun Lim Sepurahan - Lut Tun Lim Sepurahan - Lut Tun Lim Sepurahan - Lut Tun Lim Sepurahan - Lut Tun Lim Sepurahan - Lut Tun Lim Sepurahan - Lut Tun Lim Sepurahan - Lut Tun Lim Sepurahan - Lut Tun Lim Sepurahan - Lut Tun Lim Sepurahan - Lut Tun Lim Sepurahan - Lut Tun Lim Sepurahan - Lut Tun Lim Sepurahan - Lut Tun Lim Sepurahan - Lut Tun Lim Sepurahan - Lut Tun Lim Sepurahan - Lut Tun Lim Sepurahan - Lut Tun Lim Sepurahan - Lut Tun Lim Sepurahan - Lut Tun Lim Sepurahan - Lut Tun Lim Sepurahan - Lut Tun Lim Sepurahan - Lut Tun Lim Sepurahan - Lut Tun Lim Sepurahan - Lut Tun Lim Sepurahan - Lut Tun Lim Sepurahan - Lut Tun Lim Sepurahan - Lut Tun Lim Sepurahan - Lut Tun Lim Sepurahan - Lut Tun Lim Sepurahan - Lut Tun Lim Sepurahan - Lut Tun Lim Sepurahan - Lut Tun Lim Sepurahan - Lut Tun Lim Sepurahan - Lut Tun Lim Sepurahan - Lut Tun Lim Sepurahan - Lut Tun Lim Sepurahan - Lut Tun Lim Sepurahan - Lut Tun Lim Sepurahan - Lut Tun Lim Sepurahan - Lut Tun Lim Sepurahan - Lut Tun Lim Sepurahan - Lut Tun Lim Sepurahan - Lut Tun Lim Sepurahan - Lut Tun Lim Sepurahan - Lut Tun Lim Sepurahan - Lut Tun Lim Sepurahan - Lut Tun Lim Sepurahan - Lut Tun Lim Sepurahan - Lut Tun Lim Sepurahan - Lut Tun Lim Sepurahan - Lut Tun Lim Sepurahan - Lut Tun Lim Sepurahan - Lut Tun Lim Sepurahan - Lut Tun Lim Sepurahan - Lut Tun Lim Sepurahan - Lut Tun Lim Sepurahan - Lut Tun Lim Sepurahan - Lut Tun Lim Sepurahan - Lut Tun Lim Sepurahan - Lut Tun Lim Sepurahan - Lut Tun Lim Sepurahan - Lut Tun Lim Sepurahan - Lut Tun Lim Sepurahan - Lut Tun Lim Sepurahan - Lut Tun Lim Sepurahan - Lut Tun Lim Sepurahan - Lut Tun Lim Sepurahan - Lut Tun Lim Sepurahan - Lut Tun Lim Sepurahan - Lut Tun Lim Sepurahan - Lut Tun Lim Sepurahan - Lut Tun Lim Sepurahan - Lut Tun Lim Sepurahan - Lut Tun Lim Sepurahan - Lut Tun Lim Sepurahan - Lut Tun Lim Sepurahan - Lut Tun Lim Sepurahan - Lut Tun Lim Sepurahan - Lut,unknown,unknown,unknown,KEDAI PAPAN YEW CHUAN,12/03/2018,"LOT 276 JALAN BANTING 43800 DENGKIL, SELANGOR.",283.55
X51005724625,multimodal_ocr_llm,Kedai Jayang Yayang Chuan,unknown,"Jalan Yayang Chuan, Lut Tun Lim Sepurahan",unknown,KEDAI PAPAN YEW CHUAN,12/03/2018,"LOT 276 JALAN BANTING 43800 DENGKIL, SELANGOR.",283.55
X51008114217,raw_ocr,MR,30-06-18,750441-W),unknown,MR. D.I.Y. (KUCHAI) SDN BHD,30-06-18,"LOT 1851-A & 1851-B, JALAN KPB 6, KAWASAN PERINDUSTRIAN BALAKONG, 43300 SERI KEMBANGAN, SELANGOR",27.25
X51008114217,raw_ocr_llm,D.I.Y. (KUCHAI) SDN BHD,30/06/18,"Lot 1851-4 & 1851-B, Jalan KPB 6, Kawasan Perindustrian Balakong, 43300 Seri Kembangan, Selangor",27.25,MR. D.I.Y. (KUCHAI) SDN BHD,30-06-18,"LOT 1851-A & 1851-B, JALAN KPB 6, KAWASAN PERINDUSTRIAN BALAKONG, 43300 SERI KEMBANGAN, SELANGOR",27.25
X51008114217,multimodal_ocr,"Mr. D. Y. Kuchai  Sdn Bhd. Lot 8981 Rizal 1st Floor, Jamahirah Bali, Indonesia.",unknown,unknown,unknown,MR. D.I.Y. (KUCHAI) SDN BHD,30-06-18,"LOT 1851-A & 1851-B, JALAN KPB 6, KAWASAN PERINDUSTRIAN BALAKONG, 43300 SERI KEMBANGAN, SELANGOR",27.25
X51008114217,multimodal_ocr_llm,Mr. D. Y. Kuchai Sdn Bhd.,unknown,"Lot 8981 Rizal 1st Floor, Jamahirah Bali, Indonesia",unknown,MR. D.I.Y. (KUCHAI) SDN BHD,30-06-18,"LOT 1851-A & 1851-B, JALAN KPB 6, KAWASAN PERINDUSTRIAN BALAKONG, 43300 SERI KEMBANGAN, SELANGOR",27.25
X51008114284,raw_ocr,MR,25-06-18,750441-W ),unknown,MR. D.I.Y. (KUCHAI) SDN BHD,25-06-18,"LOT 1851-A & 1851-B, JALAN KPB 6, KAWASAN PERINDUSTRIAN BALAKONG, KAWASAN PERINDUSTRIAN BALAKONG, 43300 SERI KEMBANGAN, SELANGOR",17.45
X51008114284,raw_ocr_llm,D.I.Y (KUCHAISDN BHD),25/06/18,"Lot 1851-A & 1851-B, JALAN KPB 6, Kawasan PERINDUSTRIAN BALAKONG, 43300 SERI KEMBANGAN, SELANGOR.",17.45,MR. D.I.Y. (KUCHAI) SDN BHD,25-06-18,"LOT 1851-A & 1851-B, JALAN KPB 6, KAWASAN PERINDUSTRIAN BALAKONG, KAWASAN PERINDUSTRIAN BALAKONG, 43300 SERI KEMBANGAN, SELANGOR",17.45
X51008114284,multimodal_ocr,Mr. D I Y Kuchnikson Son Bldg. Namihah Kadang Semang Seri Kenan Semang Seri Kelantan Semang Seri Kelantan Semang Seri Kelantan Semang Seri Kelantan Semang Seri Kelantan Semang Seri Kelantan Semang Seri Kelantan Seri Kelantan Seri Kelantan Seri Kelantan Seri Kelantan Seri Kelantan Seri Kelantan Seri Kelantan Seri Kelantan Seri Kelantan Seri Kelantan Seri Kelantan Seri Kelantan Seri Kelantan Seri Kelantan Seri Kelantan Seri Kelantan Seri Kelantan Seri Kelantan Seri Kelantan Seri Kelantan Seri Kelantan Seri Kelantan Seri Kelantan Seri Kelantan Seri Kelantan Seri Kelantan Seri Kelantan Seri Kelantan Seri Kelantan Seri Kelantan Seri Kelantan Seri Kelantan Seri Kelantan Seri Kelantan Seri Kelantan Seri Kelantan Seri Kelantan Seri Kelantan Seri Kelantan Seri Kelantan Seri Kelantan Seri Kelantan Seri Kelantan Seri Kelantan Seri Kelantan Seri Kelantan Seri Kelantan Seri Kelantan Seri Kelantan Seri Kelantan Seri Kelantan Seri Kelantan Seri Kelantan Seri Kelantan Seri Kelantan Seri Kelantan Seri Kelantan Seri Kelantan Seri Kelantan Seri Kelantan Seri Kelantan Seri Kelantan Seri Kelantan Seri Kelantan Seri Kelantan Seri Kelantan Seri Kelantan Seri Kelantan Seri Kelantan Seri Kelantan Seri Kelantan Seri Kelantan Seri Kelantan Seri Kelantan Seri Kelantan Seri Kelantan Seri Kelantan Seri Kelantan Seri Kelantan Seri Kelantan Seri Kelantan Seri Kelantan Seri Kelantan Seri Kelantan Seri Kelantan Seri Kelantan Seri Kelantan Seri Kelantan Seri Kelantan Seri Kelantan Seri Kelantan Seri Kelantan Seri Kelantan Seri Kelantan Seri Kelantan Seri Kelantan Seri Kelantan Seri Kelantan Seri Kelantan Seri Kelantan Seri Kelantan Seri Kelantan Seri Kelantan Seri Kelantan Seri Kelantan Seri Kelantan Seri Kelantan Seri Kelantan Seri Kelantan Seri Kelantan Seri Kelantan Seri Kelantan Seri Kelantan Seri Kelantan Seri Kelantan Seri Kelantan Seri Kelantan Seri Kelantan Seri Kelantan Seri Kelantan Seri Kelantan Seri Kelantan Seri Kelantan Seri Kelantan Seri Kelantan Seri Kelantan Seri Kelantan Seri Kelantan Seri Kelantan Seri Kelantan Seri Kelantan Seri Kelantan Seri Kelantan Seri Kelantan Seri Kelantan Seri Kelantan Seri Kelantan Seri Kelantan Seri Kelantan Seri Kelantan Seri Kelantan Seri Kelantan Seri Kelantan Seri Kelantan Seri Kelantan Seri Kelantan Seri Kelantan Seri Kelantan Seri Kelantan Seri Kelantan Seri Kelantan Seri Kelantan Seri Kelantan Seri Kelantan Seri Kelantan Seri Kelantan Seri Kelantan Seri Kelantan Seri Kelantan Seri Kelantan Seri Kelantan Seri Kelantan Seri Kelantan Seri Kelantan Seri Kelantan Seri Kelantan Seri Kelantan Seri Kelantan Seri Kelantan Seri Kelantan Seri Kelantan Seri Kelantan Seri Kelantan Seri Kelantan Seri Kelantan Seri Kelantan Seri Kelantan Seri Kelantan Seri Kelantan Seri Kelantan Seri Kelantan Seri Kelantan Seri Kelantan Seri Kelantan Seri Kelantan Seri Kelantan Seri Kelantan Seri Kelantan Seri Kelantan Seri Kelantan Seri Kelantan Seri Kelantan Seri Kelantan Seri Kelantan Seri Kelantan Seri Kelantan Seri Kelantan Seri Kelantan Seri Kelantan Seri Kelantan Seri Kelantan Seri Kelantan Seri Kelantan Seri Kelantan Seri Kelantan Seri Kelantan Seri Kelantan Seri Kelantan Seri Kelantan Seri Kelantan Seri Kelantan Seri Kelantan Seri Kelantan Seri Kelantan Seri Kelantan Seri Kelantan Seri Kelantan Seri Kelantan Seri Kelantan Seri Kelantan Seri Kelantan Seri Kelantan Seri Kelantan Seri Kelantan Seri Kelantan Seri Kelantan Seri Kelantan Seri Kelantan Seri Kelantan Seri Kelantan Seri Kelantan Seri Kelantan Seri Kelantan Seri Kelantan Seri Kelant,unknown,unknown,unknown,MR. D.I.Y. (KUCHAI) SDN BHD,25-06-18,"LOT 1851-A & 1851-B, JALAN KPB 6, KAWASAN PERINDUSTRIAN BALAKONG, KAWASAN PERINDUSTRIAN BALAKONG, 43300 SERI KEMBANGAN, SELANGOR",17.45
X51008114284,multimodal_ocr_llm,Mr. D.I.Y,unknown,"Kuchnikson Son Bldg. Namihah Kadang Semang, Seri Kenan, Kelantan",unknown,MR. D.I.Y. (KUCHAI) SDN BHD,25-06-18,"LOT 1851-A & 1851-B, JALAN KPB 6, KAWASAN PERINDUSTRIAN BALAKONG, KAWASAN PERINDUSTRIAN BALAKONG, 43300 SERI KEMBANGAN, SELANGOR",17.45
X51005676541,raw_ocr,3,03/01/2018,18  0 / 011,5.37,SYARIKAT PERNIAGAAN GIN KEE,03/01/2018,"NO 290, JALAN AIR PANAS, SETAPAK, 53200, KUALA LUMPUR.",94.87
X51005676541,raw_ocr_llm,Syarikat Perniagaan Gin Kee,03/01/2018,"No 290, Jalan Air Panas, Setapak, 53200 Kuala Lumpur",94.87,SYARIKAT PERNIAGAAN GIN KEE,03/01/2018,"NO 290, JALAN AIR PANAS, SETAPAK, 53200, KUALA LUMPUR.",94.87
X51005676541,multimodal_ocr,Syarikat Pernangan Gin kee - 1st Cebu - 9/1/2009 - Kedua - 0.01 - Klaka - 0.02,9/1/2009,unknown,unknown,SYARIKAT PERNIAGAAN GIN KEE,03/01/2018,"NO 290, JALAN AIR PANAS, SETAPAK, 53200, KUALA LUMPUR.",94.87
X51005676541,multimodal_ocr_llm,Pernangan,09/01/2009,Kedua,0.03,SYARIKAT PERNIAGAAN GIN KEE,03/01/2018,"NO 290, JALAN AIR PANAS, SETAPAK, 53200, KUALA LUMPUR.",94.87
X51006414711,raw_ocr,Aol(ic,28/04/18,001694261248,30.90,DOMINO'S PIZZA,28/04/18,"DOMINO'S PIZZA TAMAN UNIVERSITI 30, JLN KEBUDAYAAN 7, TMN UNIVERSITI 81300 SKUDAI, JOHOR",30.90
X51006414711,raw_ocr_llm,Domino's Pizza,28/04/18,"Taman Universiti, Jln Kebudayaan, Tnn Universiti, 81300 Skudai Johor",30.90,DOMINO'S PIZZA,28/04/18,"DOMINO'S PIZZA TAMAN UNIVERSITI 30, JLN KEBUDAYAAN 7, TMN UNIVERSITI 81300 SKUDAI, JOHOR",30.90
X51006414711,multimodal_ocr,"1. Store Name: Honda Motor Co., Ltd.",unknown,"2. Address: Honda Motor Co., Ltd.,",28.94,DOMINO'S PIZZA,28/04/18,"DOMINO'S PIZZA TAMAN UNIVERSITI 30, JLN KEBUDAYAAN 7, TMN UNIVERSITI 81300 SKUDAI, JOHOR",30.90
X51006414711,multimodal_ocr_llm,"Honda Motor Co., Ltd.",20/05/2013,"Honda Motor Co., Ltd.",28.94,DOMINO'S PIZZA,28/04/18,"DOMINO'S PIZZA TAMAN UNIVERSITI 30, JLN KEBUDAYAAN 7, TMN UNIVERSITI 81300 SKUDAI, JOHOR",30.90
X51007339643,raw_ocr,AIK,30/03/2017,"""322737-X",0.34,AIK HUAT HARDWARE ENTERPRISE (SETIA ALAM) SDN BHD,30/03/2017,"NO. 17-G, JALAN SETIA INDAH (X) U13/X, SETIA ALAM, SEKSYEN U13, 40170 SHAH ALAM,",6.00
X51007339643,raw_ocr_llm,HARDWARE ENTERPRISE SDN BHD,30/03/2017,"JaLaN SETIA IndAX, SEKSYEN Viz '40170 SHAN ALAm TEL; 012 6651783 FAX: 03""",20.88,AIK HUAT HARDWARE ENTERPRISE (SETIA ALAM) SDN BHD,30/03/2017,"NO. 17-G, JALAN SETIA INDAH (X) U13/X, SETIA ALAM, SEKSYEN U13, 40170 SHAH ALAM,",6.00
X51007339643,multimodal_ocr,1. Ah Khut Tan Hardware & Plumbing - Alang - Johor Bahru - Johor Bahru - Johor Bahru - Johor Bahru,unknown,unknown,unknown,AIK HUAT HARDWARE ENTERPRISE (SETIA ALAM) SDN BHD,30/03/2017,"NO. 17-G, JALAN SETIA INDAH (X) U13/X, SETIA ALAM, SEKSYEN U13, 40170 SHAH ALAM,",6.00
X51007339643,multimodal_ocr_llm,Ah Khut Tan Hardware & Plumbing,unknown,"Alang, Johor Bahru, Johor",unknown,AIK HUAT HARDWARE ENTERPRISE (SETIA ALAM) SDN BHD,30/03/2017,"NO. 17-G, JALAN SETIA INDAH (X) U13/X, SETIA ALAM, SEKSYEN U13, 40170 SHAH ALAM,",6.00
X51005361907,raw_ocr,TED HENG STATI@NERV & BqOKS,12/02/2018,(001451637-M),144.88,TED HENG STATIONERY & BOOKS,12/02/2018,"NO. 53, JALAN BESAR, 45600 BATANG BERJUNTAI SELANGOR DARUL EHSAN",153.35
X51005361907,raw_ocr_llm,Ted Heng Statiner,12/02/2018,"No. 53, Jalan Besar, 40500 Batang Berjuntai, Selangor Darul Ehsan",144.68,TED HENG STATIONERY & BOOKS,12/02/2018,"NO. 53, JALAN BESAR, 45600 BATANG BERJUNTAI SELANGOR DARUL EHSAN",153.35
X51005361907,multimodal_ocr,1. Red Here Stationery B.O.U.S.A. - 847-848-0 - Telephone: (877) 849-5200,unknown,unknown,unknown,TED HENG STATIONERY & BOOKS,12/02/2018,"NO. 53, JALAN BESAR, 45600 BATANG BERJUNTAI SELANGOR DARUL EHSAN",153.35
X51005361907,multimodal_ocr_llm,Red Here Stationery BOSA,unknown,unknown,unknown,TED HENG STATIONERY & BOOKS,12/02/2018,"NO. 53, JALAN BESAR, 45600 BATANG BERJUNTAI SELANGOR DARUL EHSAN",153.35
X51005433514,raw_ocr,hi 3032,unknown,03 Mar 2018 18.22,unknown,UNIHAKKA INTERNATIONAL SDN BHD,03 MAR 2018,"12, JALAN TAMPOI 7/4,KAWASAN PERINDUSTRIAN TAMPOI 81200 JOHOR BAHRU,JOHOR",$8.20
X51005433514,raw_ocr_llm,UNIHAKKA INTERNATIONAL SDN BHD,03/03/2018,"12, Jaiah Tampoi 7/4, Kawasan Tampoi 81200 Johor Bahru, Johor",53.20,UNIHAKKA INTERNATIONAL SDN BHD,03 MAR 2018,"12, JALAN TAMPOI 7/4,KAWASAN PERINDUSTRIAN TAMPOI 81200 JOHOR BAHRU,JOHOR",$8.20
X51005433514,multimodal_ocr,unknown,unknown,unknown,unknown,UNIHAKKA INTERNATIONAL SDN BHD,03 MAR 2018,"12, JALAN TAMPOI 7/4,KAWASAN PERINDUSTRIAN TAMPOI 81200 JOHOR BAHRU,JOHOR",$8.20
X51005433514,multimodal_ocr_llm,unknown,unknown,unknown,unknown,UNIHAKKA INTERNATIONAL SDN BHD,03 MAR 2018,"12, JALAN TAMPOI 7/4,KAWASAN PERINDUSTRIAN TAMPOI 81200 JOHOR BAHRU,JOHOR",$8.20
X51005301661,raw_ocr,LIGHTROOM  GALLERY SDN,20/12/2017,"28, JALAN ASTANA",unknown,LIGHTROOM GALLERY SDN BHD,20/12/2017,"NO: 28, JALAN ASTANA 1C, BANDAR BUKIT RAJA, 41050 KLANG SELANGOR D.E, MALAYSIA",73.00
X51005301661,raw_ocr_llm,LIGHTROOM GALLERY SDN BHD,20/12/2017,"28, JALAN ASTANA 1C, BANDAR BUkIT RAjA, KLANG SELANGOR",68.87,LIGHTROOM GALLERY SDN BHD,20/12/2017,"NO: 28, JALAN ASTANA 1C, BANDAR BUKIT RAJA, 41050 KLANG SELANGOR D.E, MALAYSIA",73.00
X51005301661,multimodal_ocr,1. Locksmith Gallery - Sumang Art Gallery - Sarawak - Malaysia - 10/07/2012 - 10/08/2012,10/07/2012,unknown,unknown,LIGHTROOM GALLERY SDN BHD,20/12/2017,"NO: 28, JALAN ASTANA 1C, BANDAR BUKIT RAJA, 41050 KLANG SELANGOR D.E, MALAYSIA",73.00
X51005301661,multimodal_ocr_llm,Locksmith Gallery - Sumang Art Gallery,10/07/2012,"Sarawak, Malaysia",unknown,LIGHTROOM GALLERY SDN BHD,20/12/2017,"NO: 28, JALAN ASTANA 1C, BANDAR BUKIT RAJA, 41050 KLANG SELANGOR D.E, MALAYSIA",73.00
X51006556827,raw_ocr,GAKDANIA MAKEKIES (Kt.) SON BIID (439386 X),26/09/2017,"Lol 3,","53,96",GARDENIA BAKERIES (KL) SDN BHD,26/09/2017,"LOT 3, JALAN PELABUR 23/1, 40300 SHAH ALAM, SELANGOR.",53.96
X51006556827,raw_ocr_llm,Gardenia Makekies (Kt.) Son Bidd,26/09/2017,"No. 4 & 6, Jalan SS 15/4B, 47500 Subang Jaya, Selangor",53.96,GARDENIA BAKERIES (KL) SDN BHD,26/09/2017,"LOT 3, JALAN PELABUR 23/1, 40300 SHAH ALAM, SELANGOR.",53.96
X51006556827,multimodal_ocr,1. Gardenia Bakeries (Sohn) Sdn Bhd. (Lebanon) Looi-3-Jah Johan Poh-Buk-Uyen Tan-Sudan. (Lebanon) Looi-3-Jah Johan Poh-Buk-Uyen Tan-Sudan. (Looi-3-Jah Johan Poh-Buk-Uyen Tan-Sudan.) (Looi-3-Jah Johan Poh-Buk-Uyen Tan-Sudan.) (Looi-3-Jah Johan Poh-Buk-Uyen Tan-Sudan.) (Looi-3-Jah Johan Poh-Buk-Uyen Tan-Sudan.) (Looi-3-Jah Johan Poh-Buk-Uyen Tan-Sudan.),unknown,unknown,unknown,GARDENIA BAKERIES (KL) SDN BHD,26/09/2017,"LOT 3, JALAN PELABUR 23/1, 40300 SHAH ALAM, SELANGOR.",53.96
X51006556827,multimodal_ocr_llm,Gardenia Bakeries,unknown,"Lebanon, Looi-3-Jah Johan Poh-Buk-Uyen Tan-Sudan",unknown,GARDENIA BAKERIES (KL) SDN BHD,26/09/2017,"LOT 3, JALAN PELABUR 23/1, 40300 SHAH ALAM, SELANGOR.",53.96
X51006556656,raw_ocr,GAKIEMIA BAKEKIES (KL)SDN KHD) (1.39386 X),17/08/2017,"Lot }, Jalan Felabu 23 1,",7.97,GARDENIA BAKERIES (KL) SDN BHD,17/08/2017,"LOT 3, JALAN PELABUR 23/1, 40300 SHAH ALAM, SELANGOR.",7.97
X51006556656,raw_ocr_llm,MAKASSAR FRESH MARKET SDN BHD,17/08/2017,"GROUND FL JOR, NO 4 & 0, JALAN ,S 15, 4B, 47500 SUBANG JAYA SELANGOR",9.36,GARDENIA BAKERIES (KL) SDN BHD,17/08/2017,"LOT 3, JALAN PELABUR 23/1, 40300 SHAH ALAM, SELANGOR.",7.97
X51006556656,multimodal_ocr,1. Gardenia Bakery & Deli (Kris) Malaysia - xxx xxx-xxx - xxx-xxx - xxx-xxx - xxx-xxx - xxx-xxx - xxx-xxx - xxx-xxx - xxx-xxx - xxx-xxx - xxx-xxx - xxx-xxx - xxx-xxx - xxx-xxx - xxx-xxx - xxx-xxx - xxx-xxx - xxx-xxx - xxx-xxx - xxx-xxx - xxx-xxx - xxx-xxx - xxx-xxx - xxx-xxx - xxx-xxx - xxx-xxx - xxx-xxx - xxx-xxx - xxx-xxx - xxx-xxx - xxx-xxx - xxx-xxx - xxx-xxx - xxx-xxx - xxx-xxx - xxx-xxx - xxx-xxx - xxx-xxx - xxx-xxx - xxx-xxx - xxx-xxx - xxx-xxx - xxx-xxx - xxx-xxx - xxx-xxx - xxx-xxx - xxx-xxx - xxx-xxx - xxx-xxx - xxx-xxx - xxx-xxx - xxx-xxx - xxx-xxx - xxx-xxx - xxx-xxx - xxx-xxx - xxx-xxx - xxx-xxx - xxx-xxx - xxx-xxx - xxx-xxx - xxx-xxx - xxx-xxx - xxx-xxx - xxx-xxx - xxx-xxx - xxx-xxx - xxx-xxx - xxx-xxx - xxx-xxx - xxx-xxx - xxx-xxx - xxx-xxx - xxx-xxx - xxx-xxx - xxx-xxx - xxx-xxx - xxx-xxx - xxx-xxx - xxx-xxx - xxx-xxx - xxx-xxx - xxx-xxx - xxx-xxx - xxx-xxx - xxx-xxx - xxx-xxx - xxx-xxx - xxx-xxx - xxx-xxx - xxx-xxx - xxx-xxx - xxx-xxx - xxx-xxx - xxx-xxx - xxx-xxx - xxx-xxx - xxx-xxx - xxx-xxx - xxx-xxx - xxx-xxx - xxx-xxx - xxx-xxx - xxx-xxx - xxx-xxx - xxx-xxx - xxx-xxx - xxx-xxx - xxx-xxx - xxx-xxx - xxx-xxx - xxx-xxx - xxx-xxx - xxx-xxx - xxx-xxx - xxx-xxx - xxx-xxx - xxx-xxx - xxx-xxx - xxx-xxx - xxx-xxx - xxx-xxx - xxx-xxx - xxx-xxx - xxx-xxx - xxx-xxx - xxx-xxx - xxx-xxx - xxx-xxx - xxx-xxx - xxx-xxx - xxx-xxx - xxx-xxx - xxx-xxx - xxx-xxx - xxx-xxx - xxx-xxx - xxx-xxx - xxx-xxx - xxx-xxx - xxx-xxx - xxx-xxx - xxx-xxx - xxx-xxx - xxx-xxx - xxx-xxx - xxx-xxx - xxx-xxx - xxx-xxx - xxx-xxx - xxx-xxx - xxx-xxx - xxx-xxx - xxx-xxx - xxx-xxx - xxx-xxx - xxx-xxx - xxx-xxx - xxx-xxx - xxx-xxx - xxx-xxx - xxx-xxx - xxx-xxx - xxx-xxx - xxx-xxx - xxx-xxx - xxx-xxx - xxx-xxx - xxx-xxx - xxx-xxx - xxx-xxx - xxx-xxx - xxx-xxx - xxx-xxx - xxx-xxx - xxx-xxx - xxx-xxx - xxx-xxx - xxx-xxx - xxx-xxx - xxx-xxx - xxx-xxx - xxx-xxx - xxx-xxx - xxx-xxx - xxx-xxx - xxx-xxx - xxx-xxx - xxx-xxx - xxx-xxx - xxx-xxx - xxx-xxx - xxx-xxx - xxx-xxx - xxx-xxx - xxx-xxx - xxx-xxx - xxx-xxx - xxx-xxx - xxx-xxx - xxx-xxx - xxx-xxx - xxx-xxx - xxx-xxx - xxx-xxx - xxx-xxx - xxx-xxx - xxx-xxx - xxx-xxx - xxx-xxx - xxx-xxx - xxx-xxx - xxx-xxx - xxx-xxx - xxx-xxx - xxx-xxx - xxx-xxx - xxx-xxx - xxx-xxx - xxx-xxx - xxx-xxx - xxx-xxx - xxx-xxx - xxx-xxx - xxx-xxx - xxx-xxx - xxx-xxx - xxx-xxx - xxx-xxx - xxx-xxx - xxx-xxx - xxx-xxx - xxx-xxx - xxx-xxx - xxx-xxx - xxx-xxx - xxx-xxx - xxx-xxx - xxx-xxx - xxx-xxx - xxx-xxx - xxx-xxx - xxx-xxx - xxx-xxx - xxx-xxx - xxx-xxx - xxx-xxx - xxx-,unknown,unknown,unknown,GARDENIA BAKERIES (KL) SDN BHD,17/08/2017,"LOT 3, JALAN PELABUR 23/1, 40300 SHAH ALAM, SELANGOR.",7.97
X51006556656,multimodal_ocr_llm,Gardenia Bakery & Deli,unknown,Malaysia,unknown,GARDENIA BAKERIES (KL) SDN BHD,17/08/2017,"LOT 3, JALAN PELABUR 23/1, 40300 SHAH ALAM, SELANGOR.",7.97
X51007103597,raw_ocr,9,unknown,32,unknown,GOLDEN KEY MAKER,11-APR-2018,"NO 5, JALAN KENARI 2, BANDAR PUCHONG JAYA, 47100 PUCHONG, SELANGOR",10.00
X51007103597,raw_ocr_llm,Golden Key Maker,11/04/2018,"No 5, Jalan Kenar1 2, Bandar Puchong Jaya, 47100 Puchong, Selangor",10.00,GOLDEN KEY MAKER,11-APR-2018,"NO 5, JALAN KENARI 2, BANDAR PUCHONG JAYA, 47100 PUCHONG, SELANGOR",10.00
X51007103597,multimodal_ocr,Golden Keymaker No. 907923 KAI 2 KAI 2 KAI 2 KAI 2 KAI 2 KAI 2 KAI 2 KAI 2 KAI 2 KAI 2 KAI 2 KAI 2 KAI 2 KAI 2 KAI 2 KAI 2 KAI 2 KAI 2 KAI 2 KAI 2 KAI 2 KAI 2 KAI 2 KAI 2 KAI 2 KAI 2 KAI 2 KAI 2 KAI 2 KAI 2 KAI 2 KAI 2 KAI 2 KAI 2 KAI 2 KAI 2 KAI 2 KAI 2 KAI 2 KAI 2 KAI 2 KAI 2 KAI 2 KAI 2 KAI 2 KAI 2 KAI 2 KAI 2 KAI 2 KAI 2 KAI 2 KAI 2 KAI 2 KAI 2 KAI 2 KAI 2 KAI 2 KAI 2 KAI 2 KAI 2 KAI 2 KAI 2 KAI 2 KAI 2 KAI 2 KAI 2 KAI 2 KAI 2 KAI 2 KAI 2 KAI 2 KAI 2 KAI 2 KAI 2 KAI 2 KAI 2 KAI 2 KAI 2 KAI 2 KAI 2 KAI 2 KAI 2 KAI 2 KAI 2 KAI 2 KAI 2 KAI 2 KAI 2 KAI 2 KAI 2 KAI 2 KAI 2 KAI 2 KAI 2 KAI 2 KAI 2 KAI 2 KAI 2 KAI 2 KAI 2 KAI 2 KAI 2 KAI 2 KAI 2 KAI 2 KAI 2 KAI 2 KAI 2 KAI 2 KAI 2 KAI 2 KAI 2 KAI 2 KAI 2 KAI 2 KAI 2 KAI 2 KAI 2 KAI 2 KAI 2 KAI 2 KAI 2 KAI 2 KAI 2 KAI 2 KAI 2 KAI 2 KAI 2 KAI 2 KAI 2 KAI 2 KAI 2 KAI 2 KAI 2 KAI 2 KAI 2 KAI 2 KAI 2 KAI 2 KAI 2 KAI 2 KAI 2 KAI 2 KAI 2 KAI 2 KAI 2 KAI 2 KAI 2 KAI 2 KAI 2 KAI 2 KAI 2 KAI 2 KAI 2 KAI 2 KAI 2 KAI 2 KAI 2 KAI 2 KAI 2 KAI 2 KAI 2 KAI 2 KAI 2 KAI 2 KAI 2 KAI 2 KAI 2 KAI 2 KAI 2 KAI 2 KAI 2 KAI 2 KAI 2 KAI 2 KAI 2 KAI 2 KAI 2 KAI 2 KAI 2 KAI 2 KAI 2 KAI 2 KAI 2 KAI 2 KAI 2 KAI 2 KAI 2 KAI 2 KAI 2 KAI 2 KAI 2 KAI 2 KAI 2 KAI 2 KAI 2 KAI 2 KAI 2 KAI 2 KAI 2 KAI 2 KAI 2 KAI 2 KAI 2 KAI 2 KAI 2 KAI 2 KAI 2 KAI 2 KAI 2 KAI 2 KAI 2 KAI 2 KAI 2 KAI 2 KAI 2 KAI 2 KAI 2 KAI 2 KAI 2 KAI 2 KAI 2 KAI 2 KAI 2 KAI 2 KAI 2 KAI 2 KAI 2 KAI 2 KAI 2 KAI 2 KAI 2 KAI 2 KAI 2 KAI 2 KAI 2 KAI 2 KAI 2 KAI 2 KAI 2 KAI 2 KAI 2 KAI 2 KAI 2 KAI 2 KAI 2 KAI 2 KAI 2 KAI 2 KAI 2 KAI 2 KAI 2 KAI 2 KAI 2 KAI 2 KAI 2 KAI 2 KAI 2 KAI 2 KAI 2 KAI 2 KAI 2 KAI 2 KAI 2 KAI 2 KAI 2 KAI 2 KAI 2 KAI 2 KAI 2 KAI 2 KAI 2 KAI 2 KAI 2 KAI 2 KAI 2 KAI 2 KAI 2 KAI 2 KAI 2 KAI 2 KAI 2 KAI 2 KAI 2 KAI 2 KAI 2 KAI 2 KAI 2 KAI 2 KAI 2 KAI 2 KAI 2 KAI 2 KAI 2 KAI 2 KAI 2 KAI 2 KAI 2 KAI 2 KAI 2 KAI 2 KAI 2 KAI 2 KAI 2 KAI 2 KAI 2 KAI 2 KAI 2 KAI 2 KAI 2 K,unknown,unknown,unknown,GOLDEN KEY MAKER,11-APR-2018,"NO 5, JALAN KENARI 2, BANDAR PUCHONG JAYA, 47100 PUCHONG, SELANGOR",10.00
X51007103597,multimodal_ocr_llm,Golden Keymaker,unknown,unknown,unknown,GOLDEN KEY MAKER,11-APR-2018,"NO 5, JALAN KENARI 2, BANDAR PUCHONG JAYA, 47100 PUCHONG, SELANGOR",10.00
X51008142030,raw_ocr,CNE   ONE   THREE  SEAFOOD  RESTAURANT   SDN BHD,05-06-2018,(1120908-M),unknown,ONE ONE THREE SEAFOOD RESTAURANT SDN BHD,05-06-2018,"NO. 1, TAMAN SRI DENGKIL, JALAN AIR HITAM 43800 DENGKIL, SELANGOR.",52.00
X51008142030,raw_ocr_llm,ONE THREE SEAFOOD RESTAURANT SDN BHD,05/06/2018,"TAMAN SRI DENCKIL, JALAN AIR HITAM, 43800 DENGKIL, SELANGOR",52.00,ONE ONE THREE SEAFOOD RESTAURANT SDN BHD,05-06-2018,"NO. 1, TAMAN SRI DENGKIL, JALAN AIR HITAM 43800 DENGKIL, SELANGOR.",52.00
X51008142030,multimodal_ocr,1. Gaf one three seafood restaurant selanahan air hitam. (date),unknown,2. Kedang Selangor dan puan kecilan. (date),unknown,ONE ONE THREE SEAFOOD RESTAURANT SDN BHD,05-06-2018,"NO. 1, TAMAN SRI DENGKIL, JALAN AIR HITAM 43800 DENGKIL, SELANGOR.",52.00
X51008142030,multimodal_ocr_llm,Three Seafood Restaurant,01/03/YYYY,Selangor and Kecilan Puan,unknown,ONE ONE THREE SEAFOOD RESTAURANT SDN BHD,05-06-2018,"NO. 1, TAMAN SRI DENGKIL, JALAN AIR HITAM 43800 DENGKIL, SELANGOR.",52.00
X51006556838,raw_ocr,GAKDAMIA BAKEKIES (KLA)SDN BHID,9/09/2017,"Jalan Pelabur 28/1,","22,58",GARDENIA BAKERIES (KL) SDN BHD,19/09/2017,"LOT 3, JALAN PELABUR 23/1, 40300 SHAH ALAM, SELANGOR.",22.58
X51006556838,raw_ocr_llm,Gakdamia Bakekies (K)Sdn Bhd,19/03/2017,"Lot 28/1, Jalan Pelabur, Shah Alam.",22.58,GARDENIA BAKERIES (KL) SDN BHD,19/09/2017,"LOT 3, JALAN PELABUR 23/1, 40300 SHAH ALAM, SELANGOR.",22.58
X51006556838,multimodal_ocr,1. Cardenia Bakery Kedai Sdn Bhd. (Cardenia Bakery),unknown,2. Jalan Pelatutan Pahang,unknown,GARDENIA BAKERIES (KL) SDN BHD,19/09/2017,"LOT 3, JALAN PELABUR 23/1, 40300 SHAH ALAM, SELANGOR.",22.58
X51006556838,multimodal_ocr_llm,Cardenia Bakery Kedai Sdn Bhd,unknown,Jalan Pelatutan Pahang,unknown,GARDENIA BAKERIES (KL) SDN BHD,19/09/2017,"LOT 3, JALAN PELABUR 23/1, 40300 SHAH ALAM, SELANGOR.",22.58
X51005677336,raw_ocr,3 | 8 0> 0'16' .,27/01/2018,(81109-A),1.26,SYARIKAT PERNIAGAAN GIN KEE,27/01/2018,"NO 290, JALAN AIR PANAS, SETAPAK, 53200, KUALA LUMPUR.",22.26
X51005677336,raw_ocr_llm,Syarikat Perniagaan Gin Kee,27/01/2018,"No 290, Jalan Air Panas, Setapak 53200, Kuala Lumpur;",22.26,SYARIKAT PERNIAGAAN GIN KEE,27/01/2018,"NO 290, JALAN AIR PANAS, SETAPAK, 53200, KUALA LUMPUR.",22.26
X51005677336,multimodal_ocr,Syarikat Pernianan Gin Kee. No. 18010101. Pernianan Gin Kee. No. 520001. Kuala Lumpur. Setapak. 520001. Kebangsaan. Kebangsaan. Kebangsaan.,unknown,unknown,unknown,SYARIKAT PERNIAGAAN GIN KEE,27/01/2018,"NO 290, JALAN AIR PANAS, SETAPAK, 53200, KUALA LUMPUR.",22.26
X51005677336,multimodal_ocr_llm,Perniagaan Gin Kee,01/01/1801,"No. 520, Kuala Lumpur, Setapak, 520001",unknown,SYARIKAT PERNIAGAAN GIN KEE,27/01/2018,"NO 290, JALAN AIR PANAS, SETAPAK, 53200, KUALA LUMPUR.",22.26
X51006393377,raw_ocr,3 17 055 0 9,10-05-17,97 SPEED Mart S/8 '519537-X},unknown,99 SPEED MART S/B,10-05-17,"LOT P.T. 2811, JALAN ANGSA, TAMAN BERKELEY 41150 KLANG, SELANGOR 1422-TMN DESA JAYA",72.75
X51006393377,raw_ocr_llm,97 SPEED Mart,10/05/17,"Lot PaT. 2811, JALAN ANGSA; Tarax BERKELEY
41150 KlanG; Selangor",72.75,99 SPEED MART S/B,10-05-17,"LOT P.T. 2811, JALAN ANGSA, TAMAN BERKELEY 41150 KLANG, SELANGOR 1422-TMN DESA JAYA",72.75
X51006393377,multimodal_ocr,Date: 11/05/2009,11/05/2009,Phone Number: 081-9088-7000,unknown,99 SPEED MART S/B,10-05-17,"LOT P.T. 2811, JALAN ANGSA, TAMAN BERKELEY 41150 KLANG, SELANGOR 1422-TMN DESA JAYA",72.75
X51006393377,multimodal_ocr_llm,Jalan Betrayal Bumi,11/05/2009,Tanjung Bagi,unknown,99 SPEED MART S/B,10-05-17,"LOT P.T. 2811, JALAN ANGSA, TAMAN BERKELEY 41150 KLANG, SELANGOR 1422-TMN DESA JAYA",72.75
X51008042793,raw_ocr,54NG KEE CHERAS RESTAURANT,03/05/2018,(001910559-U),2.50,SANG KEE CHERAS RESTAURANT,03/05/2018,"69, JALAN TEMENGGUNG 3/9 BANDAR MAHKOTA CHERAS 43200 CHERAS SELANGOR",2.50
X51008042793,raw_ocr_llm,54NG KEE CHERAS RESTAURANT,03/05/2018,"JALAN TENIENGGUNG 3/9, BANDAR MAHKOTA CHERAS, 43200 CHERAS, SE ANGOR",20.24,SANG KEE CHERAS RESTAURANT,03/05/2018,"69, JALAN TEMENGGUNG 3/9 BANDAR MAHKOTA CHERAS 43200 CHERAS SELANGOR",2.50
X51008042793,multimodal_ocr,1. Sung Cheras Restaurant,unknown,2. Bandera Mahathat Cheras,unknown,SANG KEE CHERAS RESTAURANT,03/05/2018,"69, JALAN TEMENGGUNG 3/9 BANDAR MAHKOTA CHERAS 43200 CHERAS SELANGOR",2.50
X51008042793,multimodal_ocr_llm,Sung Cheras Restaurant,04/02/2021,"Bandara Mahathat, Cheras, 43200 Selangor",53.00,SANG KEE CHERAS RESTAURANT,03/05/2018,"69, JALAN TEMENGGUNG 3/9 BANDAR MAHKOTA CHERAS 43200 CHERAS SELANGOR",2.50
X51006401845,raw_ocr,Bi; Scll Trac? c_,unknown,"60,*12-X",unknown,BUY SELL TRADE SDN. BHD.,04/02/2017,"2 & 2A, JALAN KASUARINA 1/KS 7, BANDAR BOTANIK, 41200 KLANG, SELANGOR",26.90
X51006401845,raw_ocr_llm,Fotamk,07/14/2023,"Jelan Kasuzrina I/KS 1, Rac&', SELANGOR (41204)",26.87,BUY SELL TRADE SDN. BHD.,04/02/2017,"2 & 2A, JALAN KASUARINA 1/KS 7, BANDAR BOTANIK, 41200 KLANG, SELANGOR",26.90
X51006401845,multimodal_ocr,They Sell Trade Stock. Malaysia. Tax Invoice No. 2 OFT-SZK 567.2.1.5.1. Tax Invoices. Tax Invoices. Tax Invoices. Tax Invoices. Tax Invoices. Tax Invoices. Tax Invoices. Tax Invoices. Tax Invoices. Tax Invoices. Tax Invoices. Tax Invoices. Tax Invoices. Tax Invoices. Tax Invoices. Tax Invoices. Tax Invoices. Tax Invoices. Tax Invoices. Tax Invoices. Tax Invoices. Tax Invoices. Tax Invoices.,unknown,unknown,unknown,BUY SELL TRADE SDN. BHD.,04/02/2017,"2 & 2A, JALAN KASUARINA 1/KS 7, BANDAR BOTANIK, 41200 KLANG, SELANGOR",26.90
X51006401845,multimodal_ocr_llm,They Sell Trade Stock,unknown,Malaysia,unknown,BUY SELL TRADE SDN. BHD.,04/02/2017,"2 & 2A, JALAN KASUARINA 1/KS 7, BANDAR BOTANIK, 41200 KLANG, SELANGOR",26.90
X51005757286,raw_ocr,31803039,10/10/2017,002458685-T,8.00,TSH POWER HARDWARE TRADING,10/10/2017,"13-1, JALAN PJU 5/10, DATARAN SUNWAY, KOTA DAMANSARA, 47810, PETALING JAYA, SELANGOR",8.00
X51005757286,raw_ocr_llm,TSh Power Hardware Trading,10/10/2017,"13-1, Jalan PJU 5/10, Dataran Sunway, Kota Damansara, 47810 Petaling Jaya, Selangor",8.00,TSH POWER HARDWARE TRADING,10/10/2017,"13-1, JALAN PJU 5/10, DATARAN SUNWAY, KOTA DAMANSARA, 47810, PETALING JAYA, SELANGOR",8.00
X51005757286,multimodal_ocr,1. Majestas Hsst Jobs Drills Gts 1mmhss Gts 3mmhss Gts 6mmhss Gts 8mmhss Gts 9mmhss Gts 10mmhss Gts 11mmhss Gts 12mmhss Gts 13mmhss Gts 14mmhss Gts 15mmhss Gts 16mmhss Gts 17mmhss Gts 18mmhss Gts 19mmhss Gts 20mmhss Gts 21mmhss Gts 22mmhss Gts 23mmhss Gts 24mmhss Gts 25mmhss Gts 26mmhss Gts 27mmhss Gts 28mmhss Gts 29mmhss Gts 30mmhss Gts 31mmhss Gts 32mmhss Gts 33mmhss Gts 34mmhss Gts 35mmhss Gts 36mmhss Gts 37mmhss Gts 38mmhss Gts 39mmhss Gts 40mmhss Gts 41mmhss Gts 42mmhss Gts 43mmhss Gts 44mmhss Gts 45mmhss Gts 46mmhss Gts 47mmhss Gts 48mmhss Gts 49mmhss Gts 50mmhss Gts 51mmhss Gts 52mmhss Gts 53mmhss Gts 54mmhss Gts 55mmhss Gts 56mmhss Gts 57mmhss Gts 58mmhss Gts 59mmhss Gts 60mmhss Gts 61mmhss Gts 62mmhss Gts 63mmhss Gts 64mmhss Gts 65mmhss Gts 66mmhss Gts 67mmhss Gts 68mmhss Gts 69mmhss Gts 70mmhss Gts 71mmhss Gts 72mmhss Gts 73mmhss Gts 74mmhss Gts 75mmhss Gts 76mmhss Gts 77mmhss Gts 78mmhss Gts 79mmhss Gts 80mmhss Gts 81mmhss Gts 82mmhss Gts 83mmhss Gts 84mmhss Gts 85mmhss Gts 86mmhss Gts 87mmhss Gts 88mmhss Gts 89mmhss Gts 90mmhss Gts 91mmhss Gts 92mmhss Gts 93mmhss Gts 94mmhss Gts 95mmhss Gts 96mmhss Gts 97mmhss Gts 98mmhss Gts 99mmhss Gts 100mmhss Gts 101mmhss Gts 102mmhss Gts 103mmhss Gts 104mmhss Gts 105mmhss Gts 106mmhss Gts 107mmhss Gts 108mmhss Gts 109mmhss Gts 110mmhss Gts 111mmhss Gts 112mmhss Gts 113mmhss Gts 114mmhss Gts 115mmhss Gts 116mmhss Gts 117mmhss Gts 118mmhss Gts 119mmhss Gts 120mmhss Gts 121mmhss Gts 122mmhss Gts 123mmhss Gts 124mmhss Gts 125mmhss Gts 126mmhss Gts 127mmhss Gts 128mmhss Gts 129mmhss Gts 130mmhss Gts 131mmhss Gts 132mmhss Gts 133mmhss Gts 134mmhss Gts 135mmhss Gts 136mmhss Gts 137mmhss Gts 138mmhss Gts 139mmhss Gts 140mmhss Gts 141mmhss Gts 142mmhss Gts 143mmhss Gts 144mmhss Gts 145mmhss Gts 146mmhss Gts 147mmhss Gts 148mmhss Gts 149mmhss Gts 150mmhss Gts 151mmhss Gts 152mmhss Gts 153mmhss Gts 154mmhss Gts 155mmhss Gts 156mmhss Gts 157mmhss Gts 158mmhss Gts 159mmhss Gts 160mmhss Gts 161mmhss Gts 162mmhss Gts 163mmhss Gts 164mmhss Gts 165mmhss Gts 166mmhss Gts 167mmhss Gts 168mmhss Gts 169mmhss Gts 170mmhss Gts 171mmhss Gts 172mmhss Gts 173mmhss Gts 174mmhss Gts 175mmhss Gts 176mmhss Gts 177mmhss Gts 178mmhss Gts 179mmhss Gts 180mmhss Gts 181mmhss Gts 182mmhss Gts 183mmhss Gts 184mmhss Gts 185mmhss Gts 186mmhss Gts 187mmhss Gts 188mmhss Gts 189mmhss Gts 190mmhss Gts 191mmhss Gts 192mmhss Gts 193mmhss Gts 194mmhss Gts 195mmhss Gts 196mmhss Gts 197mmhss Gts 198mmhss Gts 199mmhss Gts 200mmhss Gts 201mmhss Gts 202mmhss Gts 203mmhss Gts 204mmhss Gts 205mmhss Gts 206mmhss Gts 207mmhss Gts 208mmhss Gts 209mmhss Gts 210mmhss Gts,unknown,unknown,unknown,TSH POWER HARDWARE TRADING,10/10/2017,"13-1, JALAN PJU 5/10, DATARAN SUNWAY, KOTA DAMANSARA, 47810, PETALING JAYA, SELANGOR",8.00
X51005757286,multimodal_ocr_llm,Majestas,unknown,unknown,unknown,TSH POWER HARDWARE TRADING,10/10/2017,"13-1, JALAN PJU 5/10, DATARAN SUNWAY, KOTA DAMANSARA, 47810, PETALING JAYA, SELANGOR",8.00
X51006619862,raw_ocr,MR #,07-05-16,LOT 851-A,unknown,MR. D.I.Y. (KUCHAI) SDN BHD,07-06-16,"LOT 1851-A & 1851-B, JALAN KPB 6, KAWASAN PERINDUSTRIAN BALAKONG, 43300 SERI KEMBANGAN, SELANGOR",RM 13.30
X51006619862,raw_ocr_llm,KUCHAI SDN BHD,07-05-16,"43300 SERI KEMBANGAN, SELANGOR",3.30,MR. D.I.Y. (KUCHAI) SDN BHD,07-06-16,"LOT 1851-A & 1851-B, JALAN KPB 6, KAWASAN PERINDUSTRIAN BALAKONG, 43300 SERI KEMBANGAN, SELANGOR",RM 13.30
X51006619862,multimodal_ocr,No. 1. Lut Ringgit. 2. Siti Siti. 3. Kedua. 4. Bali. 5. Semarang. 6. Batu. 7. 10.00. 8. 30.00. 9. 0.90.,unknown,unknown,unknown,MR. D.I.Y. (KUCHAI) SDN BHD,07-06-16,"LOT 1851-A & 1851-B, JALAN KPB 6, KAWASAN PERINDUSTRIAN BALAKONG, 43300 SERI KEMBANGAN, SELANGOR",RM 13.30
X51006619862,multimodal_ocr_llm,Lut Ringgit,unknown,"Siti Siti, Kedua, Bali, Semarang, Batu",10.00,MR. D.I.Y. (KUCHAI) SDN BHD,07-06-16,"LOT 1851-A & 1851-B, JALAN KPB 6, KAWASAN PERINDUSTRIAN BALAKONG, 43300 SERI KEMBANGAN, SELANGOR",RM 13.30
X51008164996,raw_ocr,GNE   one   THREE  SEAFOOD  RESTAURANT  SDN BHD,17-06-2018,(1120908-M),unknown,ONE ONE THREE SEAFOOD RESTAURANT SDN BHD,17-06-2018,"NO.1, TAMAN SRI DENGKIL, JALAN AIR HITAM 43800 DENGKIL, SELANGOR.",58.00
X51008164996,raw_ocr_llm,Three Seafood Restaurant Sdn Bhd,17/06/2018,"NO. 1, Jalan Air Hitam, 43800 Dengkil, Selangor",58.00,ONE ONE THREE SEAFOOD RESTAURANT SDN BHD,17-06-2018,"NO.1, TAMAN SRI DENGKIL, JALAN AIR HITAM 43800 DENGKIL, SELANGOR.",58.00
X51008164996,multimodal_ocr,1. One Three Seafood Restaurant Sdn Bhd. (No. 1),unknown,2. Tanah Lot Tanah Lot Tanah Lot Tanah Lot Tanah Lot Tanah Lot Tanah Lot Tanah Lot Tanah Lot Tanah Lot Tanah Lot Tanah Lot Tanah Lot Tanah Lot Tanah Lot Tanah Lot Tanah Lot Tanah Lot Tanah Lot Tanah Lot Tanah Lot Tanah Lot Tanah Lot Tanah Lot Tanah Lot Tanah Lot Tanah Lot Tanah Lot Tanah Lot Tanah Lot Tanah Lot Tanah Lot Tanah Lot Tanah Lot Tanah Lot Tanah Lot Tanah Lot Tanah Lot Tanah Lot Tanah Lot Tanah Lot Tanah Lot Tanah Lot Tanah Lot Tanah Lot Tanah Lot Tanah Lot Tanah Lot Tanah Lot Tanah Lot Tanah Lot Tanah Lot Tanah Lot Tanah Lot Tanah Lot Tanah Lot Tanah Lot Tanah Lot Tanah Lot Tanah Lot Tanah Lot Tanah Lot Tanah Lot Tanah Lot Tanah Lot Tanah Lot Tanah Lot Tanah Lot Tanah Lot Tanah Lot Tanah Lot Tanah Lot Tanah Lot Tanah Lot Tanah Lot Tanah Lot Tanah Lot Tanah Lot Tanah Lot Tanah Lot Tanah Lot Tanah Lot Tanah Lot Tanah Lot Tanah Lot Tanah Lot Tanah Lot Tanah Lot Tanah Lot Tanah Lot Tanah Lot Tanah Lot Tanah Lot Tanah Lot Tanah Lot Tanah Lot Tanah Lot Tanah Lot Tanah Lot Tanah Lot Tanah Lot Tanah Lot Tanah Lot Tanah Lot Tanah Lot Tanah Lot Tanah Lot Tanah Lot Tanah Lot Tanah Lot Tanah Lot Tanah Lot Tanah Lot Tanah Lot Tanah Lot Tanah Lot Tanah Lot Tanah Lot Tanah Lot Tanah Lot Tanah Lot Tanah Lot Tanah Lot Tanah Lot Tanah Lot Tanah Lot Tanah Lot Tanah Lot Tanah Lot Tanah Lot Tanah Lot Tanah Lot Tanah Lot Tanah Lot Tanah Lot Tanah Lot Tanah Lot Tanah Lot Tanah Lot Tanah Lot Tanah Lot Tanah Lot Tanah Lot Tanah Lot Tanah Lot Tanah Lot Tanah Lot Tanah Lot Tanah Lot Tanah Lot Tanah Lot Tanah Lot Tanah Lot Tanah Lot Tanah Lot Tanah Lot Tanah Lot Tanah Lot Tanah Lot Tanah Lot Tanah Lot Tanah Lot Tanah Lot Tanah Lot Tanah Lot Tanah Lot Tanah Lot Tanah Lot Tanah Lot Tanah Lot Tanah Lot Tanah Lot Tanah Lot Tanah Lot Tanah Lot Tanah Lot Tanah Lot Tanah Lot Tanah Lot Tanah Lot Tanah Lot Tanah Lot Tanah Lot Tanah Lot Tanah Lot Tanah Lot Tanah Lot Tanah Lot Tanah Lot Tanah Lot Tanah Lot Tanah Lot Tanah Lot Tanah Lot Tanah Lot Tanah Lot Tanah Lot Tanah Lot Tanah Lot Tanah Lot Tanah Lot Tanah Lot Tanah Lot Tanah Lot Tanah Lot Tanah Lot Tanah Lot Tanah Lot Tanah Lot Tanah Lot Tanah Lot Tanah Lot Tanah Lot Tanah Lot Tanah Lot Tanah Lot Tanah Lot Tanah Lot Tanah Lot Tanah Lot Tanah Lot Tanah Lot Tanah Lot Tanah Lot Tanah Lot Tanah Lot Tanah Lot Tanah Lot Tanah Lot Tanah Lot Tanah Lot Tanah Lot Tanah Lot Tanah Lot Tanah Lot Tanah Lot Tanah Lot Tanah Lot Tanah Lot Tanah Lot Tanah Lot Tanah Lot Tanah Lot Tanah Lot Tanah Lot Tanah Lot Tanah Lot Tanah Lot Tanah Lot Tanah Lot Tanah Lot Tanah Lot Tanah Lot Tanah Lot Tanah Lot Tanah Lot Tanah Lot Tanah Lot Tanah Lot Tanah Lot Tanah Lot Tanah Lot Tanah Lot Tanah Lot Tanah Lot Tanah Lot Tanah Lot Tanah Lot Tanah Lot Tanah Lot Tanah Lot Tanah Lot Tanah Lot Tanah Lot Tanah Lot Tanah Lot Tanah Lot Tanah Lot Tanah Lot Tanah Lot Tanah Lot Tanah Lot Tanah Lot Tanah Lot Tanah Lot Tanah Lot Tanah Lot Tanah Lot Tanah Lot Tanah Lot Tanah Lot Tanah Lot Tanah Lot Tanah Lot Tanah Lot Tanah Lot Tanah Lot Tanah Lot Tanah Lot Tanah Lot Tanah Lot Tanah Lot Tanah Lot Tanah Lot Tanah Lot Tanah Lot Tanah Lot Tanah Lot Tanah Lot Tanah Lot Tanah Lot Tanah Lot Tanah Lot Tanah Lot Tanah Lot Tanah Lot Tanah Lot Tanah Lot Tanah Lot Tanah Lot Tanah Lot Tanah Lot Tanah Lot Tanah Lot Tanah Lot Tanah Lot Tanah Lot Tanah Lot Tanah Lot Tanah Lot Tanah Lot Tanah Lot Tanah Lot Tanah Lot Tanah Lot Tanah Lot Tanah Lot Tanah Lot Tanah Lot Tanah Lot Tanah Lot Tanah Lot Tanah Lot Tanah Lot Tanah Lot Tanah Lot Tanah Lot Tanah Lot Tanah Lot Tanah Lot Tanah Lot Tanah Lot Tanah Lot Tanah Lot Tanah Lot Tanah Lot Tanah Lot Tanah Lot Tanah Lot Tanah Lot Tanah Lot Tanah Lot Tanah Lot Tanah Lot Tanah Lot Tanah Lot Tanah Lot Tanah Lot Tanah Lot Tanah Lot Tanah Lot Tanah Lot Tanah Lot Tanah Lot Tanah Lot Tanah Lot Tanah Lot Tanah Lot Tanah Lot Tanah Lot Tanah Lot Tanah Lot Tanah Lot Tanah Lot Tanah Lot Tanah Lot Tanah Lot Tanah Lot Tanah Lot Tanah Lot Tanah Lot Tanah Lot Tanah Lot Tanah Lot Tanah Lot Tanah Lot Tanah Lot Tanah Lot Tanah Lot Tanah Lot Tanah Lot Tanah Lot Tanah Lot Tanah Lot Tanah Lot Tanah Lot Tanah Lot Tanah Lot Tanah Lot Tanah Lot,unknown,ONE ONE THREE SEAFOOD RESTAURANT SDN BHD,17-06-2018,"NO.1, TAMAN SRI DENGKIL, JALAN AIR HITAM 43800 DENGKIL, SELANGOR.",58.00
X51008164996,multimodal_ocr_llm,One Three Seafood Restaurant Sdn Bhd,unknown,"No. 1, Tanah Lot",unknown,ONE ONE THREE SEAFOOD RESTAURANT SDN BHD,17-06-2018,"NO.1, TAMAN SRI DENGKIL, JALAN AIR HITAM 43800 DENGKIL, SELANGOR.",58.00
X51006387950,raw_ocr,{ESRz,30/04/2017,AMANO MALAYSIA SON BHD (682288-V ),unknown,AMANO MALAYSIA SDN BHD,30/04/2017,12 JALAN PENGACARA U1/48 TEMASYA INDUSTRIAL PARK 40150 SHAH ALAM SELANGOR,RM1.00
X51006387950,raw_ocr_llm,AMANO MALAYSIA SON BHD,30/04/2017,"12 JAI AN FENGACARA U1/48, TEMASYA INUSTRIAL PARX, 40150 SHH ALAM SEL ANGCR",21.45,AMANO MALAYSIA SDN BHD,30/04/2017,12 JALAN PENGACARA U1/48 TEMASYA INDUSTRIAL PARK 40150 SHAH ALAM SELANGOR,RM1.00
X51006387950,multimodal_ocr,1. City - Ulan Bumi Indonesia - 12/12/2022 - 4041 - Tjaysa Industrial Park - 4041 - Ujah Besar - Ujah Besar - Ujah Besar - Ujah Besar - Ujah Besar - Ujah Besar - Ujah Besar - Ujah Besar - Ujah Besar - Ujah Besar - Ujah Besar - Ujah Besar - Ujah Besar - Ujah Besar - Ujah Besar - Ujah Besar - Ujah Besar - Ujah Besar - Ujah Besar - Ujah Besar - Ujah Besar - Ujah Besar - Ujah Besar - Ujah Besar - Ujah Besar - Ujah Besar - Ujah Besar - Ujah Besar - Ujah Besar - Ujah Besar - Ujah Besar - Ujah Besar - Ujah Besar - Ujah Besar - Ujah Besar - Ujah Besar - Ujah Besar - Ujah Besar - Ujah Besar - Ujah Besar - Ujah Besar - Ujah Besar - Ujah Besar - Ujah Besar - Ujah Besar - Ujah Besar - Ujah Besar - Ujah Besar - Ujah Besar - Ujah Besar - Ujah Besar - Ujah Besar - Ujah Besar - Ujah Besar - Ujah Besar - Ujah Besar - Ujah Besar - Ujah Besar - Ujah Besar - Ujah Besar - Ujah Besar - Ujah Besar - Ujah Besar - Ujah Besar - Ujah Besar - Ujah Besar - Ujah Besar - Ujah Besar - Ujah Besar - Ujah Besar - Ujah Besar - Ujah Besar - Ujah Besar - Ujah Besar - Ujah Besar - Ujah Besar - Ujah Besar - Ujah Besar - Ujah Besar - Ujah Besar - Ujah Besar - Ujah Besar - Ujah Besar - Ujah Besar - Ujah Besar - Ujah Besar - Ujah Besar - Ujah Besar - Ujah Besar - Ujah Besar - Ujah Besar - Ujah Besar - Ujah Besar - Ujah Besar - Ujah Besar - Ujah Besar - Ujah Besar - Ujah Besar - Ujah Besar - Ujah Besar - Ujah Besar - Ujah Besar - Ujah Besar - Ujah Besar - Ujah Besar - Ujah Besar - Ujah Besar - Ujah Besar - Ujah Besar - Ujah Besar - Ujah Besar - Ujah Besar - Ujah Besar - Ujah Besar - Ujah Besar - Ujah Besar - Ujah Besar - Ujah Besar - Ujah Besar - Ujah Besar - Ujah Besar - Ujah Besar - Ujah Besar - Ujah Besar - Ujah Besar - Ujah Besar - Ujah Besar - Ujah Besar - Ujah Besar - Ujah Besar - Ujah Besar - Ujah Besar - Ujah Besar - Ujah Besar - Ujah Besar - Ujah Besar - Ujah Besar - Ujah Besar - Ujah Besar - Ujah Besar - Ujah Besar - Ujah Besar - Ujah Besar - Ujah Besar - Ujah Besar - Ujah Besar - Ujah Besar - Ujah Besar - Ujah Besar - Ujah Besar - Ujah Besar - Ujah Besar - Ujah Besar - Ujah Besar - Ujah Besar - Ujah Besar - Ujah Besar - Ujah Besar - Ujah Besar - Ujah Besar - Ujah Besar - Ujah Besar - Ujah Besar - Ujah Besar - Ujah Besar - Ujah Besar - Ujah Besar - Ujah Besar - Ujah Besar - Ujah Besar - Ujah Besar - Ujah Besar - Ujah Besar - Ujah Besar - Ujah Besar - Ujah Besar - Ujah Besar - Ujah Besar - Ujah Besar - Ujah Besar - Ujah Besar - Ujah Besar - Ujah Besar - Ujah Besar - Ujah Besar - Ujah Besar - Ujah Besar - Ujah Besar - Ujah Besar - Ujah Besar - Ujah Besar - Ujah Besar - Ujah Besar - Ujah Besar - Ujah Besar - Ujah Besar - Ujah Besar - Ujah Besar - Ujah Besar - Ujah Besar - Ujah Besar - Ujah Besar - Ujah Besar - Uj,12/12/2022,unknown,unknown,AMANO MALAYSIA SDN BHD,30/04/2017,12 JALAN PENGACARA U1/48 TEMASYA INDUSTRIAL PARK 40150 SHAH ALAM SELANGOR,RM1.00
X51006387950,multimodal_ocr_llm,Tjaysa,12/12/2022,"Ulan Bumi, Indonesia, Tjaysa Industrial Park, Ujah Besar",4041.00,AMANO MALAYSIA SDN BHD,30/04/2017,12 JALAN PENGACARA U1/48 TEMASYA INDUSTRIAL PARK 40150 SHAH ALAM SELANGOR,RM1.00
X51005677331,raw_ocr,2 ! 8 02 0(6,03/02/2018,(81109-A),3.45,SYARIKAT PERNIAGAAN GIN KEE,03/02/2018,"NO 290, JALAN AIR PANAS, SETAPAK, 53200, KUALA LUMPUR.",60.95
X51005677331,raw_ocr_llm,Syarikat Perniagaan Gin Kee,03/02/2018,"No 290, Jalan Air Panas, Setapak, 53200 Kuala Lumpur",60.95,SYARIKAT PERNIAGAAN GIN KEE,03/02/2018,"NO 290, JALAN AIR PANAS, SETAPAK, 53200, KUALA LUMPUR.",60.95
X51005677331,multimodal_ocr,1. Syarikat Perianahan Gin Kee - Jalan Air Panas - 5200 Jalan Air Panas - S Jayakarta - 02/06/2016 - GTS - 0.79 - 0.82 - 0.83 - 0.85,02/06/2016,unknown,unknown,SYARIKAT PERNIAGAAN GIN KEE,03/02/2018,"NO 290, JALAN AIR PANAS, SETAPAK, 53200, KUALA LUMPUR.",60.95
X51005677331,multimodal_ocr_llm,Syarikat Perianahan Gin Kee,02/06/2016,"Jalan Air Panas, S Jayakarta",0.79,SYARIKAT PERNIAGAAN GIN KEE,03/02/2018,"NO 290, JALAN AIR PANAS, SETAPAK, 53200, KUALA LUMPUR.",60.95
X51005441402,raw_ocr,THREE,03/03/2018,109,"174,90",THREE STOOGES,03/03/2018,"109, SS21/1A, DAMANSARA UTAMA",174.90
X51005441402,raw_ocr_llm,Three Stooges Bistro & Cafe,03/03/2018,"109 SS21/14, Damansara Utama",200.00,THREE STOOGES,03/03/2018,"109, SS21/1A, DAMANSARA UTAMA",174.90
X51005441402,multimodal_ocr,Three Stoodes Restaurant & Cafe - Tax Deductible - Pay Stub,unknown,unknown,unknown,THREE STOOGES,03/03/2018,"109, SS21/1A, DAMANSARA UTAMA",174.90
X51005441402,multimodal_ocr_llm,Three Stoodes Restaurant & Cafe,unknown,unknown,unknown,THREE STOOGES,03/03/2018,"109, SS21/1A, DAMANSARA UTAMA",174.90
X51007103668,raw_ocr,J/Soy04/,22-04-18,86 0671-D ),unknown,MR. D.I.Y. (M) SDN BHD,22-04-18,"LOT 1851-A & 1851-B, JALAN KPB 6, KAWASAN PERINDUSTRIAN BALAKONG, 43300 SERI KEMBANGAN, SELANGOR",RM 27.20
X51007103668,raw_ocr_llm,HARD BROOM,22/04/18,"KPB 6 Kawasan Perindustrian Balakong, 43300 Seri Kembangan, Selangor",27.20,MR. D.I.Y. (M) SDN BHD,22-04-18,"LOT 1851-A & 1851-B, JALAN KPB 6, KAWASAN PERINDUSTRIAN BALAKONG, 43300 SERI KEMBANGAN, SELANGOR",RM 27.20
X51007103668,multimodal_ocr,3ROSO-PINKI JUYAN BAKASAN KAOSAN PUBLOM BALAMARANG TIKOTELIDI GHTI ID NO. OF THE SAME NAME.,unknown,unknown,unknown,MR. D.I.Y. (M) SDN BHD,22-04-18,"LOT 1851-A & 1851-B, JALAN KPB 6, KAWASAN PERINDUSTRIAN BALAKONG, 43300 SERI KEMBANGAN, SELANGOR",RM 27.20
X51007103668,multimodal_ocr_llm,Balamarang Tikotelidi,unknown,unknown,unknown,MR. D.I.Y. (M) SDN BHD,22-04-18,"LOT 1851-A & 1851-B, JALAN KPB 6, KAWASAN PERINDUSTRIAN BALAKONG, 43300 SERI KEMBANGAN, SELANGOR",RM 27.20
X51006414719,raw_ocr,foltiq,12/04/2018,"AEON CO , (M) BHD ( 126926-H)","4,40",AEON CO. (M) BHD,12/04/2018,"3RD FLR, AEON TAMAN MALURI SC JLN JEJAKA, TAMAN MALURI CHERAS, 55100 KUALA LUMPUR",4.40
X51006414719,raw_ocr_llm,"Aeon Co, Bhd",12/04/2018,"Jln Jejaka, Taman Maluri, Cheras, 55100 Kuala Lumpur",50.50,AEON CO. (M) BHD,12/04/2018,"3RD FLR, AEON TAMAN MALURI SC JLN JEJAKA, TAMAN MALURI CHERAS, 55100 KUALA LUMPUR",4.40
X51006414719,multimodal_ocr,1. Store Name: Asclepias Market,unknown,unknown,unknown,AEON CO. (M) BHD,12/04/2018,"3RD FLR, AEON TAMAN MALURI SC JLN JEJAKA, TAMAN MALURI CHERAS, 55100 KUALA LUMPUR",4.40
X51006414719,multimodal_ocr_llm,Asclepias Market,unknown,unknown,unknown,AEON CO. (M) BHD,12/04/2018,"3RD FLR, AEON TAMAN MALURI SC JLN JEJAKA, TAMAN MALURI CHERAS, 55100 KUALA LUMPUR",4.40
X51006556861,raw_ocr,(AKDAMIA BAKEKIES (KI,unknown,SIN BHO (439.386 X),23.20,GARDENIA BAKERIES (KL) SDN BHD,08/09/2017,"LOT 3, JALAN PELABUR 23/1, 40300 SHAH ALAM, SELANGOR.",23.20
X51006556861,raw_ocr_llm,AKDAMIA BAKEKIES,03/09/2017,"MAKASSAR freSh MARket, GROUND FLOOR JALAN S, 15/A1 SUBANG 47500 Jta Li #NGOR",23.20,GARDENIA BAKERIES (KL) SDN BHD,08/09/2017,"LOT 3, JALAN PELABUR 23/1, 40300 SHAH ALAM, SELANGOR.",23.20
X51006556861,multimodal_ocr,1. Gardenia Bakery & Deli (Sdn Bhd) - Ln Sdn Bhd xlsx - Tax Deductible - Gross Profit Margin of 8%,unknown,unknown,unknown,GARDENIA BAKERIES (KL) SDN BHD,08/09/2017,"LOT 3, JALAN PELABUR 23/1, 40300 SHAH ALAM, SELANGOR.",23.20
X51006556861,multimodal_ocr_llm,Gardenia Bakery & Deli,unknown,Ln Sdn Bhd,unknown,GARDENIA BAKERIES (KL) SDN BHD,08/09/2017,"LOT 3, JALAN PELABUR 23/1, 40300 SHAH ALAM, SELANGOR.",23.20
X51006008091,raw_ocr,POPULAR,05/03/18,13825-|),unknown,POPULAR BOOK CO. (M) SDN BHD,05/03/18,"NO 8, JALAN 7/118B, DESA TUN RAZAK 56000 KUALA LUMPUR, MALAYSIA",9.90
X51006008091,raw_ocr_llm,POPULAR BOOK CO,05/03/18,"No 8, Jalan 7/0188, Desa Tun Kazak 56000 Kuala Lumpur, Malaysia",23.90,POPULAR BOOK CO. (M) SDN BHD,05/03/18,"NO 8, JALAN 7/118B, DESA TUN RAZAK 56000 KUALA LUMPUR, MALAYSIA",9.90
X51006008091,multimodal_ocr,"POPULAR BOOK CO., LTD. (N/A)  Sdn Bhd. (Popular Book Co.)  Vasudev Venkat Venkatesh Venkat Venkatesh Venkat Venkatesh Venkat Venkatesh Venkatesh Venkatesh Venkatesh Venkatesh Venkatesh Venkatesh Venkatesh Venkatesh Venkatesh Venkatesh Venkatesh Venkatesh Venkatesh Venkatesh Venkatesh Venkatesh Venkatesh Venkatesh Venkatesh Venkatesh Venkatesh Venkatesh Venkatesh Venkatesh Venkatesh Venkatesh Venkatesh Venkatesh Venkatesh Venkatesh Venkatesh Venkatesh Venkatesh Venkatesh Venkatesh Venkatesh Venkatesh Venkatesh Venkatesh Venkatesh Venkatesh Venkatesh Venkatesh Venkatesh Venkatesh Venkatesh Venkatesh Venkatesh Venkatesh Venkatesh Venkatesh Venkatesh Venkatesh Venkatesh Venkatesh Venkatesh Venkatesh Venkatesh Venkatesh Venkatesh Venkatesh Venkatesh Venkatesh Venkatesh Venkatesh Venkatesh Venkatesh Venkatesh Venkatesh Venkatesh Venkatesh Venkatesh Venkatesh Venkatesh Venkatesh Venkatesh Venkatesh Venkatesh Venkatesh Venkatesh Venkatesh Venkatesh Venkatesh Venkatesh Venkatesh Venkatesh Venkatesh Venkatesh Venkatesh Venkatesh Venkatesh Venkatesh Venkatesh Venkatesh Venkatesh Venkatesh Venkatesh Venkatesh Venkatesh Venkatesh Venkatesh Venkatesh Venkatesh Venkatesh Venkatesh Venkatesh Venkatesh Venkatesh Venkatesh Venkatesh Venkatesh Venkatesh Venkatesh Venkatesh Venkatesh Venkatesh Venkatesh Venkatesh Venkatesh Venkatesh Venkatesh Venkatesh Venkatesh Venkatesh Venkatesh Venkatesh Venkatesh Venkatesh Venkatesh Venkatesh Venkatesh Venkatesh Venkatesh Venkatesh Venkatesh Venkatesh Venkatesh Venkatesh Venkatesh Venkatesh Venkatesh Venkatesh Venkatesh Venkatesh Venkatesh Venkatesh Venkatesh Venkatesh Venkatesh Venkatesh Venkatesh Venkatesh Venkatesh Venkatesh Venkatesh Venkatesh Venkatesh Venkatesh Venkatesh Venkatesh Venkatesh Venkatesh Venkatesh Venkatesh Venkatesh Venkatesh Venkatesh Venkatesh Venkatesh Venkatesh Venkatesh Venkatesh Venkatesh Venkatesh Venkatesh Venkatesh Venkatesh Venkatesh Venkatesh Venkatesh Venkatesh Venkatesh Venkatesh Venkatesh Venkatesh Venkatesh Venkatesh Venkatesh Venkatesh Venkatesh Venkatesh Venkatesh Venkatesh Venkatesh Venkatesh Venkatesh Venkatesh Venkatesh Venkatesh Venkatesh Venkatesh Venkatesh Venkatesh Venkatesh Venkatesh Venkatesh Venkatesh Venkatesh Venkatesh Venkatesh Venkatesh Venkatesh Venkatesh Venkatesh Venkatesh Venkatesh Venkatesh Venkatesh Venkatesh Venkatesh Venkatesh Venkatesh Venkatesh Venkatesh Venkatesh Venkatesh Venkatesh Venkatesh Venkatesh Venkatesh Venkatesh Venkatesh Venkatesh Venkatesh Venkatesh Venkatesh Venkatesh Venkatesh Venkatesh Venkatesh Venkatesh Venkatesh Venkatesh Venkatesh Venkatesh Venkatesh Venkatesh Venkatesh Venkatesh Venkatesh Venkatesh Venkatesh Venkatesh Venkatesh Venkatesh Venkatesh Venkatesh Venkatesh Venkatesh Venkatesh Venkatesh Venkatesh Venkatesh Venkatesh Venkatesh Venkatesh Venkatesh Venkatesh Venkatesh Venkatesh Venkatesh Venkatesh Venkatesh Venkatesh Venkatesh Venkatesh Venkatesh Venkatesh Venkatesh Venkatesh Venkatesh Venkatesh Venkatesh Venkatesh Venkatesh Venkatesh Venkatesh Venkatesh Venkatesh Venkatesh Venkatesh Venkatesh Venkatesh Venkatesh Venkatesh Venkatesh Venkatesh Venkatesh Venkatesh Ven",unknown,unknown,unknown,POPULAR BOOK CO. (M) SDN BHD,05/03/18,"NO 8, JALAN 7/118B, DESA TUN RAZAK 56000 KUALA LUMPUR, MALAYSIA",9.90
X51006008091,multimodal_ocr_llm,"Popular Book Co., Ltd.",unknown,unknown,unknown,POPULAR BOOK CO. (M) SDN BHD,05/03/18,"NO 8, JALAN 7/118B, DESA TUN RAZAK 56000 KUALA LUMPUR, MALAYSIA",9.90
X51006557208,raw_ocr,GAKDAMIA MAKEKIES (KL) SIA BIID) (1.9.386 X),07/10/2017,"Jalan Felabur 28/4,",unknown,GARDENIA BAKERIES (KL) SDN BHD,07/10/2017,"LOT 3, JALAN PELABUR 23/1, 40300 SHAH ALAM, SELANGOR.",32.12
X51006557208,raw_ocr_llm,Gardenia Makekies (KL) SIA,07/10/2017,"4 & 6, Jalan SS 15/48, Subang Jaya, Selangor",32.32,GARDENIA BAKERIES (KL) SDN BHD,07/10/2017,"LOT 3, JALAN PELABUR 23/1, 40300 SHAH ALAM, SELANGOR.",32.12
X51006557208,multimodal_ocr,1. Gardina Bakeries & Bakery (Lebanon) LRSD 036 KJ06,unknown,unknown,unknown,GARDENIA BAKERIES (KL) SDN BHD,07/10/2017,"LOT 3, JALAN PELABUR 23/1, 40300 SHAH ALAM, SELANGOR.",32.12
X51006557208,multimodal_ocr_llm,Gardina Bakeries & Bakery,unknown,(Lebanon),unknown,GARDENIA BAKERIES (KL) SDN BHD,07/10/2017,"LOT 3, JALAN PELABUR 23/1, 40300 SHAH ALAM, SELANGOR.",32.12
X51006556840,raw_ocr,signate,7/09/2017,GAKIKNAA MKi SA Mn) (!39.B86 X),unknown,GARDENIA BAKERIES (KL) SDN BHD,17/09/2017,"LOT 3, JALAN PELABUR 23/1, 40300 SHAH ALAM, SELANGOR.",40.18
X51006556840,raw_ocr_llm,GAKIKNAA MKi SA Mn,09/07/2017,"Jalan r labu 2MI, 40.uu Shah Anin , Selaugor.",40.18,GARDENIA BAKERIES (KL) SDN BHD,17/09/2017,"LOT 3, JALAN PELABUR 23/1, 40300 SHAH ALAM, SELANGOR.",40.18
X51006556840,multimodal_ocr,"1. Gardenia Bazar Fresh Market Sdn Bhd. (1906) Nl. 2-3, Semarang, Sarawak, Sabah, Malaysia.",unknown,unknown,unknown,GARDENIA BAKERIES (KL) SDN BHD,17/09/2017,"LOT 3, JALAN PELABUR 23/1, 40300 SHAH ALAM, SELANGOR.",40.18
X51006556840,multimodal_ocr_llm,Gardenia Bazaar Fresh Market Sdn Bhd,unknown,"No. 2-3, Semarang, Sarawak, Sabah, Malaysia",unknown,GARDENIA BAKERIES (KL) SDN BHD,17/09/2017,"LOT 3, JALAN PELABUR 23/1, 40300 SHAH ALAM, SELANGOR.",40.18
X51008030563,raw_ocr,RESTORAN WAN SHENG,unknown,002043319-W,unknown,RESTORAN WAN SHENG,02-04-2018,"NO.2, JALAN TEMENGGUNG 19/9, SEKSYEN 9, BANDAR MAHKOTA CHERAS, 43200 CHERAS, SELANGOR",6.00
X51008030563,raw_ocr_llm,Wan Sheng,02/04/2018,"Jalan Temenggung 19/9, Seksyen 9, Bandar Mahkota Cheras, 43200 Cheras; Selangor",6.00,RESTORAN WAN SHENG,02-04-2018,"NO.2, JALAN TEMENGGUNG 19/9, SEKSYEN 9, BANDAR MAHKOTA CHERAS, 43200 CHERAS, SELANGOR",6.00
X51008030563,multimodal_ocr,Restaurant Wa Cheng Namiu Tenengah - Saksa Banyak Batukan - Mokta Cheros - GST No. 2 - 0 20 - 18 - 1977 - 0 30 - 0 - 0 - 0 - 0 - 0 - 0 - 0 - 0 - 0 - 0 - 0 - 0 - 0 - 0 - 0 - 0 - 0 - 0 - 0 - 0 - 0 - 0 - 0 - 0 - 0 - 0 - 0 - 0 - 0 - 0 - 0 - 0 - 0 - 0 - 0 - 0 - 0 - 0 - 0 - 0 - 0 - 0 - 0 - 0 - 0 - 0 - 0 - 0 - 0 - 0 - 0 - 0 - 0 - 0 - 0 - 0 - 0 - 0 - 0 - 0 - 0 - 0 - 0 - 0 - 0 - 0 - 0 - 0 - 0 - 0 - 0 - 0 - 0 - 0 - 0 - 0 - 0 - 0 - 0 - 0 - 0 - 0 - 0 - 0 - 0 - 0 - 0 - 0 - 0 - 0 - 0 - 0 - 0 - 0 - 0 - 0 - 0 - 0 - 0 - 0 - 0 - 0 - 0 - 0 - 0 - 0 - 0 - 0 - 0 - 0 - 0 - 0 - 0 - 0 - 0 - 0 - 0 - 0 - 0 - 0 - 0 - 0 - 0 - 0 - 0 - 0 - 0 - 0 - 0 - 0 - 0 - 0 - 0 - 0 - 0 - 0 - 0 - 0 - 0 - 0 - 0 - 0 - 0 - 0 - 0 - 0 - 0 - 0 - 0 - 0 - 0 - 0 - 0 - 0 - 0 - 0 - 0 - 0 - 0 - 0 - 0 - 0 - 0 - 0 - 0 - 0 - 0 - 0 - 0 - 0 - 0 - 0 - 0 - 0 - 0 - 0 - 0 - 0 - 0 - 0 - 0 - 0 - 0 - 0 - 0 - 0 - 0 - 0 - 0 - 0 - 0 - 0 - 0 - 0 - 0 - 0 - 0 - 0 - 0 - 0 - 0 - 0 - 0 - 0 - 0 - 0 - 0 - 0 - 0 - 0 - 0 - 0 - 0 - 0 - 0 - 0 - 0 - 0 - 0 - 0 - 0 - 0 - 0 - 0 - 0 - 0 - 0 - 0 - 0 - 0 - 0 - 0 - 0 - 0 - 0 - 0 - 0 - 0 - 0 - 0 - 0 - 0 - 0 - 0 - 0 - 0 - 0 - 0 - 0 - 0 - 0 - 0 - 0 - 0 - 0 - 0 - 0 - 0 - 0 - 0 - 0 - 0 - 0 - 0 - 0 - 0 - 0 - 0 - 0 - 0 - 0 - 0 - 0 - 0 - 0 - 0 - 0 - 0 - 0 - 0 - 0 - 0 - 0 - 0 - 0 - 0 - 0 - 0 - 0 - 0 - 0 - 0 - 0 - 0 - 0 - 0 - 0 - 0 - 0 - 0 - 0 - 0 - 0 - 0 - 0 - 0 - 0 - 0 - 0 - 0 - 0 - 0 - 0 - 0 - 0 - 0 - 0 - 0 - 0 - 0 - 0 - 0 - 0 - 0 - 0 - 0 - 0 - 0 - 0 - 0 - 0 - 0 - 0 - 0 - 0 - 0 - 0 - 0 - 0 - 0 - 0 - 0 - 0 - 0 - 0 - 0 - 0 - 0 - 0 - 0 - 0 - 0 - 0 - 0 - 0 - 0 - 0 - 0 - 0 - 0 - 0 - 0 - 0 - 0 - 0 - 0 - 0 - 0 - 0 - 0 - 0 - 0 - 0 - 0 - 0 - 0 - 0 - 0 - 0 - 0 - 0 - 0 - 0 - 0 - 0 - 0 - 0 - 0 - 0 - 0 - 0 - 0 - 0 - 0 - 0 - 0 - 0 - 0 - 0 - 0 - 0 - 0 - 0 - 0 - 0 - 0 - 0 - 0 - 0 - 0 - 0 - 0 - 0 - 0 - 0 - 0 - 0 - 0 - 0 - 0 - 0 - 0 - 0 - 0 - 0 - 0 - 0 - 0 - 0 - 0 - 0 - 0 - 0 - 0 - 0 - 0 - 0 - 0 - 0 - 0 - 0 - 0 - 0 - 0 - 0 - 0 - 0 - 0 - 0 - 0 - 0 - 0 - 0 - 0 - 0 - 0 - 0 - 0 - 0 - 0 - 0 - 0 - 0 - 0 - 0 - 0 - 0 - 0 - 0 - 0 - 0 - 0 - 0 - 0 - 0 - 0 - 0 - 0 - 0 - 0 - 0 - 0 - 0 - 0 - 0 - 0 - 0 - 0 - 0 - 0 - 0 - 0 - 0 - 0 - 0 - 0 - 0 - 0 - 0 - 0 - 0 - 0 - 0 - 0 - 0 - 0 - 0 - 0 - 0 - 0 - 0 - 0 - 0 - 0 - 0 - 0 - 0 - 0 - 0 - 0 - 0 - 0 - 0 - 0 - 0 - 0 - 0 - 0 - 0 - 0 - 0 - 0 - 0 - 0 - 0 - 0 - 0 - 0 - 0 - 0 - 0 - 0 - 0 - 0 - 0 - 0 - 0 - 0 - 0 - 0 - 0 - 0 - 0 - 0 - 0 - 0 - 0 - 0 - 0 - 0 - 0 - 0 - 0 - 0 - 0 - 0 - 0 - 0 - 0 - 0 - 0 - 0 - 0 - 0 - 0 - 0 - 0 - 0 - 0 - 0 - 0 - 0 - 0 - 0 - 0 - 0 - 0 - 0 - 0 - 0 - 0 - 0 - 0 - 0 - 0 - 0 - 0 - 0 - 0 - 0 - 0 - 0 - 0 - 0,unknown,unknown,unknown,RESTORAN WAN SHENG,02-04-2018,"NO.2, JALAN TEMENGGUNG 19/9, SEKSYEN 9, BANDAR MAHKOTA CHERAS, 43200 CHERAS, SELANGOR",6.00
X51008030563,multimodal_ocr_llm,Wa Cheng Namiu Tenengah,20/18/1977,Saksa Banyak Batukan - Mokta Cheros,0.00,RESTORAN WAN SHENG,02-04-2018,"NO.2, JALAN TEMENGGUNG 19/9, SEKSYEN 9, BANDAR MAHKOTA CHERAS, 43200 CHERAS, SELANGOR",6.00
X51006913073,raw_ocr,Aoslly,unknown,27 May 2018 18.25,10.70,UNIHAKKA INTERNATIONAL SDN BHD,27 MAY 2018,"12, JALAN TAMPOI 7/4,KAWASAN PERINDUSTRIAN TAMPOI,81200 JOHOR BAHRU,JOHOR",$10.70
X51006913073,raw_ocr_llm,Unihakka International Sdn Bhd,27/05/2018,"12, Jalan Tampoi 7/4, Kawasan Perindustrian, Tampoi, 81200 Johor Bahru, Johor",10.70,UNIHAKKA INTERNATIONAL SDN BHD,27 MAY 2018,"12, JALAN TAMPOI 7/4,KAWASAN PERINDUSTRIAN TAMPOI,81200 JOHOR BAHRU,JOHOR",$10.70
X51006913073,multimodal_ocr,"1. U.S. Department of Justice - Office of the Attorney General - Office of the Attorney General (U.S. Department of Justice)  - Washington, D.C. - January 31, 2012 - End of Year Report - Section of the Treasury - Table of contents - Table of contents - Table of contents - Table of contents - Table of contents - Table of contents - Table of contents - Table of contents - Table of contents - Table of contents - Table of contents - Table of contents - Table of contents - Table of contents - Table of contents - Table of contents - Table of contents - Table of contents - Table of contents - Table of contents - Table of contents - Table of contents - Table of contents - Table of contents - Table of contents - Table of contents - Table of contents - Table of contents - Table of contents - Table of contents - Table of contents - Table of contents - Table of contents - Table of contents - Table of contents - Table of contents - Table of contents - Table of contents - Table of contents - Table of contents - Table of contents - Table of contents - Table of contents - Table of contents - Table of contents - Table of contents - Table of contents - Table of contents - Table of contents - Table of contents - Table of contents - Table of contents - Table of contents - Table of contents - Table of contents - Table of contents - Table of contents - Table of contents - Table of contents - Table of contents - Table of contents - Table of contents - Table of contents - Table of contents - Table of contents - Table of contents - Table of contents - Table of contents - Table of contents - Table of contents - Table of contents - Table of contents - Table of contents - Table of contents - Table of contents - Table of contents - Table of contents - Table of contents - Table of contents - Table of contents - Table of contents - Table of contents - Table of contents - Table of contents - Table of contents - Table of contents - Table of contents - Table of contents - Table of contents - Table of contents - Table of contents - Table of contents - Table of contents - Table of contents - Table of contents - Table of contents - Table of contents - Table of contents - Table of contents - Table of contents - Table of contents - Table of contents - Table of contents - Table of contents - Table of contents - Table of contents - Table of contents - Table of contents - Table of contents - Table of contents - Table of contents - Table of contents - Table of contents - Table of contents - Table of contents - Table of contents - Table of contents - Table of contents - Table of contents - Table of contents - Table of contents - Table of contents - Table of contents - Table of contents - Table of contents - Table of contents - Table of contents - Table of contents - Table of contents - Table of contents - Table of contents - Table of contents - Table of contents - Table of contents - Table of contents - Table of contents - Table of contents - Table of contents - Table of contents - Table of contents - Table of contents - Table of contents - Table of contents - Table of contents - Table of contents - Table of contents - Table of contents - Table of contents - Table of contents - Table of contents - Table of contents - Table of contents - Table of contents - Table of contents - Table of contents - Table of contents - Table of contents - Table of contents - Table of contents - Table of contents - Table of contents - Table of contents - Table of contents - Table of contents - Table of contents - Table of contents - Table of contents - Table of contents - Table of contents - Table of contents - Table of contents - Table of contents - Table of contents - Table of contents - Table of contents - Table of contents - Table of contents - Table of contents - Table of contents - Table of contents - Table of contents - Table of contents - Table of contents - Table of contents - Table of contents - Table of contents - Table of contents - Table of contents - Table of contents - Table of contents - Table of contents - Table of contents - Table of contents - Table of contents - Table of contents - Table of contents - Table of contents - Table of contents - Table of contents - Table of contents - Table of contents - Table of contents - Table of contents - Table of contents - Table of contents - Table of contents - Table of contents - Table of contents - Table of contents - Table of contents - Table of contents - Table of contents - Table of contents - Table of contents - Table of contents - Table of contents - Table of contents - Table of contents - Table of contents - Table of contents - Table of contents - Table of contents - Table of contents - Table of contents - Table of contents - Table of contents - Table of contents - Table of contents - Table of contents - Table of contents - Table of contents - Table of contents - Table of contents - Table of contents - Table of contents - Table of contents - Table of contents - Table of contents - Table of contents - Table of contents - Table of contents - Table of contents - Table of contents - Table of contents - Table of contents - Table of contents - Table of contents - Table of contents - Table of contents - Table of contents - Table of contents - Table of contents - Table of contents - Table of contents - Table of contents - Table of contents - Table of contents - Table of contents - Table of contents - Table of contents - Table of contents - Table of contents - Table of contents - Table of contents - Table of contents - Table of contents - Table of contents - Table of contents - Table of contents - Table of contents - Table of contents - Table of contents - Table of contents - Table of contents - Table of contents - Table of contents - Table of contents - Table of contents - Table of contents - Table of contents - Table of contents - Table of contents - Table of contents - Table of contents - Table of contents - Table of contents - Table of contents - Table of contents - Table of contents - Table of contents - Table of contents - Table of contents - Table of contents - Table of contents - Table of contents - Table of contents - Table of contents - Table of contents - Table of contents -",unknown,unknown,unknown,UNIHAKKA INTERNATIONAL SDN BHD,27 MAY 2018,"12, JALAN TAMPOI 7/4,KAWASAN PERINDUSTRIAN TAMPOI,81200 JOHOR BAHRU,JOHOR",$10.70
X51006913073,multimodal_ocr_llm,U.S. Department of Justice,31/01/2012,"Washington, D.C.",unknown,UNIHAKKA INTERNATIONAL SDN BHD,27 MAY 2018,"12, JALAN TAMPOI 7/4,KAWASAN PERINDUSTRIAN TAMPOI,81200 JOHOR BAHRU,JOHOR",$10.70
X51007103681,raw_ocr,2184 0 5l,unknown,860671-D ),unknown,MR. D.I.Y. (M) SDN BHD,26-04-18,"LOT 1851-A & 1851-B, JALAN KPB 6, KAWASAN PERINDUSTRIAN BALAKONG, 43300 SERI KEMBANGAN, SELANGOR",2.10
X51007103681,raw_ocr_llm,MR D.I.Y. (SDN) BHD,26/04/2018,"LOT 1851 - 4, JALAN KPB 6, Kawasan Perindustrian Balakong, 43300 Seri Kembangan, Selangor",2.10,MR. D.I.Y. (M) SDN BHD,26-04-18,"LOT 1851-A & 1851-B, JALAN KPB 6, KAWASAN PERINDUSTRIAN BALAKONG, 43300 SERI KEMBANGAN, SELANGOR",2.10
X51007103681,multimodal_ocr,1. Mr Dizi Yang Sdn Bhd. (co) - Mr Dizi Yang Sdn Bhd. (co) - Mr Dizi Yang Sdn Bhd. (co) - Mr Dizi Yang Sdn Bhd. (co) - Mr Dizi Yang Sdn Bhd. (co) - Mr Dizi Yang Sdn Bhd. (co) - Mr Dizi Yang Sdn Bhd. (co) - Mr Dizi Yang Sdn Bhd. (co) - Mr Dizi Yang Sdn Bhd. (co) - Mr Dizi Yang Sdn Bhd. (co) - Mr Dizi Yang Sdn Bhd. (co) - Mr Dizi Yang Sdn Bhd. (co) - Mr Dizi Yang Sdn Bhd. (co) - Mr Dizi Yang Sdn Bhd. (co) - Mr Dizi Yang Sdn Bhd. (co) - Mr Dizi Yang Sdn Bhd. (co) - Mr Dizi Yang Sdn Bhd. (co) - Mr Dizi Yang Sdn Bhd. (co) - Mr Dizi Yang Sdn Bhd. (co) - Mr Dizi Yang Sdn Bhd. (co) - Mr Dizi Yang Sdn Bhd. (co) - Mr Dizi Yang Sdn Bhd. (co) - Mr Dizi Yang Sdn Bhd. (co) - Mr Dizi Yang Sdn Bhd. (co) - Mr Dizi Yang Sdn Bhd. (co) - Mr Dizi Yang Sdn Bhd. (co) - Mr Dizi Yang Sdn Bhd. (co) - Mr Dizi Yang Sdn Bhd. (co) - Mr Dizi Yang Sdn Bhd. (co) - Mr Dizi Yang Sdn Bhd. (co) - Mr Dizi Yang Sdn Bhd. (co) - Mr Dizi Yang Sdn Bhd. (co) - Mr Dizi Yang Sdn Bhd. (co) - Mr Dizi Yang Sdn Bhd. (co) - Mr Dizi Yang Sdn Bhd. (co) - Mr Dizi Yang Sdn Bhd. (co) - Mr Dizi Yang Sdn Bhd. (co) - Mr Dizi Yang Sdn Bhd. (co) - Mr Dizi Yang Sdn Bhd. (co) - Mr Dizi Yang Sdn Bhd. (co) - Mr Dizi Yang Sdn Bhd. (co) - Mr Dizi Yang Sdn Bhd. (co) - Mr Dizi Yang Sdn Bhd. (co) - Mr Dizi Yang Sdn Bhd. (co) - Mr Dizi Yang Sdn Bhd. (co) - Mr Dizi Yang Sdn Bhd. (co) - Mr Dizi Yang Sdn Bhd. (co) - Mr Dizi Yang Sdn Bhd. (co) - Mr Dizi Yang Sdn Bhd. (co) - Mr Dizi Yang Sdn Bhd. (co) - Mr Dizi Yang Sdn Bhd. (co) - Mr Dizi Yang Sdn Bhd. (co) - Mr Dizi Yang Sdn Bhd. (co) - Mr Dizi Yang Sdn Bhd. (co) - Mr Dizi Yang Sdn Bhd. (co) - Mr Dizi Yang Sdn Bhd. (co) - Mr Dizi Yang Sdn Bhd. (co) - Mr Dizi Yang Sdn Bhd. (co) - Mr Dizi Yang Sdn Bhd. (co) - Mr Dizi Yang Sdn Bhd. (co) - Mr Dizi Yang Sdn Bhd. (co) - Mr Dizi Yang Sdn Bhd. (co) - Mr Dizi Yang Sdn Bhd. (co) - Mr Dizi Yang Sdn Bhd. (co) - Mr Dizi Yang Sdn Bhd. (co) - Mr Dizi Yang Sdn Bhd. (co) - Mr Dizi Yang Sdn Bhd. (co) - Mr Dizi Yang Sdn Bhd. (co) - Mr Dizi Yang Sdn Bhd. (co) - Mr Dizi Yang Sdn Bhd. (co) - Mr Dizi Yang Sdn Bhd. (co) - Mr Dizi Yang Sdn Bhd. (co) - Mr Dizi Yang Sdn Bhd. (co) - Mr Dizi Yang Sdn Bhd. (co) - Mr Dizi Yang Sdn Bhd. (co) - Mr Dizi Yang Sdn Bhd. (co) - Mr Dizi Yang Sdn Bhd. (co) - Mr Dizi Yang Sdn Bhd. (co) - Mr Dizi Yang Sdn Bhd. (co) - Mr Dizi Yang Sdn Bhd. (co) - Mr Dizi Yang Sdn Bhd. (co) - Mr Dizi Yang Sdn Bhd. (co) - Mr Dizi Yang Sdn Bhd. (co) - Mr Diz,unknown,unknown,unknown,MR. D.I.Y. (M) SDN BHD,26-04-18,"LOT 1851-A & 1851-B, JALAN KPB 6, KAWASAN PERINDUSTRIAN BALAKONG, 43300 SERI KEMBANGAN, SELANGOR",2.10
X51007103681,multimodal_ocr_llm,Mr Dizi Yang Sdn Bhd.,unknown,unknown,unknown,MR. D.I.Y. (M) SDN BHD,26-04-18,"LOT 1851-A & 1851-B, JALAN KPB 6, KAWASAN PERINDUSTRIAN BALAKONG, 43300 SERI KEMBANGAN, SELANGOR",2.10
X51005663300,raw_ocr,3 !8 0 ),02/02/2018,0 | 3,"7,00",LIM SENG THO HARDWARE TRADING,02/02/2018,"NO 7, SIMPANG OFF BATU VILLAGE, JALAN IPOH BATU 5, 51200 KUALA LUMPUR MALAYSIA",7.00
X51005663300,raw_ocr_llm,LIM SENG THO HARDWARE TRADING,02/02/2018,"Jalan Ipoh Batu 5, Kuala Lumpur MALAYSIA",7.00,LIM SENG THO HARDWARE TRADING,02/02/2018,"NO 7, SIMPANG OFF BATU VILLAGE, JALAN IPOH BATU 5, 51200 KUALA LUMPUR MALAYSIA",7.00
X51005663300,multimodal_ocr,3/28/2010  LIM SEG HARDWARE TRADEING JALI SANG KATHARINE VILLAGE JALI SANG KATHARINE JALI SANG KATHARINE JALI SANG KATHARINE JALI SANG KATHARINE JALI SANG KATHARINE JALI SANG KATHARINE JALI SANG KATHARINE JALI SANG KATHARINE JALI SANG KATHARINE JALI SANG KATHARINE JALI SANG KATHARINE JALI SANG KATHARINE JALI SANG KATHARINE JALI SANG KATHARINE JALI SANG KATHARINE JALI SANG KATHARINE JALI SANG KATHARINE JALI SANG KATHARINE JALI SANG KATHARINE JALI SANG KATHARINE JALI SANG KATHARINE JALI SANG KATHARINE JALI SANG KATHARINE JALI SANG KATHARINE JALI SANG KATHARINE JALI SANG KATHARINE JALI SANG KATHARINE JALI SANG KATHARINE JALI SANG KATHARINE JALI SANG KATHARINE JALI SANG KATHARINE JALI SANG KATHARINE JALI SANG KATHARINE JALI SANG KATHARINE JALI SANG KATHARINE JALI SANG KATHARINE JALI SANG KATHARINE JALI SANG KATHARINE JALI SANG KATHARINE JALI SANG KATHARINE JALI SANG KATHARINE JALI SANG KATHARINE JALI SANG KATHARINE JALI SANG KATHARINE JALI SANG KATHARINE JALI SANG KATHARINE JALI SANG KATHARINE JALI SANG KATHARINE JALI SANG KATHARINE JALI SANG KATHARINE JALI SANG KATHARINE JALI SANG KATHARINE JALI SANG KATHARINE JALI SANG KATHARINE JALI SANG KATHARINE JALI SANG KATHARINE JALI SANG KATHARINE JALI SANG KATHARINE JALI SANG KATHARINE JALI SANG KATHARINE JALI SANG KATHARINE JALI SANG KATHARINE JALI SANG KATHARINE JALI SANG KATHARINE JALI SANG KATHARINE JALI SANG KATHARINE JALI SANG KATHARINE JALI SANG KATHARINE JALI SANG KATHARINE JALI SANG KATHARINE JALI SANG KATHARINE JALI SANG KATHARINE JALI SANG KATHARINE JALI SANG KATHARINE JALI SANG KATHARINE JALI SANG KATHARINE JALI SANG KATHARINE JALI SANG KATHARINE JALI SANG KATHARINE JALI SANG KATHARINE JALI SANG KATHARINE JALI SANG KATHARINE JALI SANG KATHARINE JALI SANG KATHARINE JALI SANG KATHARINE JALI SANG KATHARINE JALI SANG KATHARINE JALI SANG KATHARINE JALI SANG KATHARINE JALI SANG KATHARINE JALI SANG KATHARINE JALI SANG KATHARINE JALI SANG KATHARINE JALI SANG KATHARINE JALI SANG KATHARINE JALI SANG KATHARINE JALI SANG KATHARINE JALI SANG KATHARINE JALI SANG KATHARINE JALI SANG KATHARINE JALI SANG KATHARINE JALI SANG KATHARINE JALI SANG KATHARINE JALI SANG KATHARINE JALI SANG KATHARINE JALI SANG KATHARINE JALI SANG KATHARINE JALI SANG KATHARINE JALI SANG KATHARINE JALI SANG KATHARINE JALI SANG KATHARINE JALI SANG KATHARINE JALI SANG KATHARINE JALI SANG KATHARINE JALI SANG KATHARINE JALI SANG KATHARINE JALI SANG KATHARINE JALI SANG KATHARINE JALI SANG KATHARINE JALI SANG KATHARINE JALI SANG KATHARINE JALI SANG KATHARINE JALI SANG KATHARINE JALI SANG KATHARINE JALI SANG KATHARINE JALI SANG KATHARINE JALI SANG KATHARINE JALI SANG KATHARINE JALI SANG KATHARINE JALI SANG KATHARINE JALI SANG KATHARINE JALI SANG KATHARINE JALI SANG KATHARINE JALI SANG KATHARINE JALI SANG KATHARINE JALI SANG KATH,3/28/2010,unknown,unknown,LIM SENG THO HARDWARE TRADING,02/02/2018,"NO 7, SIMPANG OFF BATU VILLAGE, JALAN IPOH BATU 5, 51200 KUALA LUMPUR MALAYSIA",7.00
X51005663300,multimodal_ocr_llm,LIM SEG HARDWARE TRADEING,28/03/2010,"Jali Sang Katharine Village, Jali Sang Katharine",unknown,LIM SENG THO HARDWARE TRADING,02/02/2018,"NO 7, SIMPANG OFF BATU VILLAGE, JALAN IPOH BATU 5, 51200 KUALA LUMPUR MALAYSIA",7.00
X51006619564,raw_ocr,97 SPEED HArt S/6 (519577-(),06-12-16,"T: 2811, JaLAr PnGsA;",unknown,99 SPEED MART S/B,06-12-16,"LOT P.T. 2811, JALAN ANGSA, TAMAN BERKELEY 41150 KLANG, SELANGOR 1605-TMN SRI BINTANG",85.45
X51006619564,raw_ocr_llm,Taran BERKELEV,06/12/2016,41150 KLANC; SELANDOR,85.45,99 SPEED MART S/B,06-12-16,"LOT P.T. 2811, JALAN ANGSA, TAMAN BERKELEY 41150 KLANG, SELANGOR 1605-TMN SRI BINTANG",85.45
X51006619564,multimodal_ocr,1. Speed Mart Super Market - Tustan Berri - Tunku Pangkat - Tunku Pangkat - Tunku Pangkat - Tunku Pangkat - Tunku Pangkat - Tunku Pangkat - Tunku Pangkat - Tunku Pangkat - Tunku Pangkat - Tunku Pangkat - Tunku Pangkat - Tunku Pangkat - Tunku Pangkat - Tunku Pangkat - Tunku Pangkat - Tunku Pangkat - Tunku Pangkat - Tunku Pangkat - Tunku Pangkat - Tunku Pangkat - Tunku Pangkat - Tunku Pangkat - Tunku Pangkat - Tunku Pangkat - Tunku Pangkat - Tunku Pangkat - Tunku Pangkat - Tunku Pangkat - Tunku Pangkat - Tunku Pangkat - Tunku Pangkat - Tunku Pangkat - Tunku Pangkat - Tunku Pangkat - Tunku Pangkat - Tunku Pangkat - Tunku Pangkat - Tunku Pangkat - Tunku Pangkat - Tunku Pangkat - Tunku Pangkat - Tunku Pangkat - Tunku Pangkat - Tunku Pangkat - Tunku Pangkat - Tunku Pangkat - Tunku Pangkat - Tunku Pangkat - Tunku Pangkat - Tunku Pangkat - Tunku Pangkat - Tunku Pangkat - Tunku Pangkat - Tunku Pangkat - Tunku Pangkat - Tunku Pangkat - Tunku Pangkat - Tunku Pangkat - Tunku Pangkat - Tunku Pangkat - Tunku Pangkat - Tunku Pangkat - Tunku Pangkat - Tunku Pangkat - Tunku Pangkat - Tunku Pangkat - Tunku Pangkat - Tunku Pangkat - Tunku Pangkat - Tunku Pangkat - Tunku Pangkat - Tunku Pangkat - Tunku Pangkat - Tunku Pangkat - Tunku Pangkat - Tunku Pangkat - Tunku Pangkat - Tunku Pangkat - Tunku Pangkat - Tunku Pangkat - Tunku Pangkat - Tunku Pangkat - Tunku Pangkat - Tunku Pangkat - Tunku Pangkat - Tunku Pangkat - Tunku Pangkat - Tunku Pangkat - Tunku Pangkat - Tunku Pangkat - Tunku Pangkat - Tunku Pangkat - Tunku Pangkat - Tunku Pangkat - Tunku Pangkat - Tunku Pangkat - Tunku Pangkat - Tunku Pangkat - Tunku Pangkat - Tunku Pangkat - Tunku Pangkat - Tunku Pangkat - Tunku Pangkat - Tunku Pangkat - Tunku Pangkat - Tunku Pangkat - Tunku Pangkat - Tunku Pangkat - Tunku Pangkat - Tunku Pangkat - Tunku Pangkat - Tunku Pangkat - Tunku Pangkat - Tunku Pangkat - Tunku Pangkat - Tunku Pangkat - Tunku Pangkat - Tunku Pangkat - Tunku Pangkat - Tunku Pangkat - Tunku Pangkat - Tunku Pangkat - Tunku Pangkat - Tunku Pangkat - Tunku Pangkat - Tunku Pangkat - Tunku Pangkat - Tunku Pangkat - Tunku Pangkat - Tunku Pangkat - Tunku Pangkat - Tunku Pangkat - Tunku Pangkat - Tunku Pangkat - Tunku Pangkat - Tunku Pangkat - Tunku Pangkat - Tunku Pangkat - Tunku Pangkat - Tunku Pangkat - Tunku Pangkat - Tunku Pangkat - Tunku Pangkat - Tunku Pangkat - Tunku Pangkat - Tunku Pangkat - Tunku Pangkat - Tunku Pangkat - Tunku Pangkat - Tunku Pangkat - Tunku Pangkat - Tunku Pangkat - Tunku Pangkat - Tunku Pangkat - Tunku Pangkat - Tunku Pangkat - Tunku Pangkat - Tunku Pangkat - Tunku Pangkat - Tunku Pangkat - Tunku Pangkat - Tunku Pangkat - Tunku Pangkat - Tunku Pangkat - Tunku Pangkat - Tunku Pangkat - Tunku Pangkat - Tunku Pangkat - Tunku Pangkat - Tunku Pangkat - Tunku Pangkat - Tunku Pangkat - Tunku Pangkat - Tunku Pangkat - Tunku Pangkat - Tunku Pangkat - Tunku Pang,unknown,unknown,unknown,99 SPEED MART S/B,06-12-16,"LOT P.T. 2811, JALAN ANGSA, TAMAN BERKELEY 41150 KLANG, SELANGOR 1605-TMN SRI BINTANG",85.45
X51006619564,multimodal_ocr_llm,Speed Mart Super Market,unknown,"Tustan Berri, Tunku Pangkat",unknown,99 SPEED MART S/B,06-12-16,"LOT P.T. 2811, JALAN ANGSA, TAMAN BERKELEY 41150 KLANG, SELANGOR 1605-TMN SRI BINTANG",85.45
X51007339150,raw_ocr,SANYU STATIONERY SHOP,18/07/2017,"NO. 3168336, JALAN SETIA INDAH X ,U13/X",35.00,SANYU STATIONERY SHOP,18/07/2017,"NO. 31G&33G, JALAN SETIA INDAH X ,U13/X 40170 SETIA ALAM",35.00
X51007339150,raw_ocr_llm,SANYU STATIONERY SHOP,18/07/2017,"NO. 3168336, JALAN SETIA INDAH X , U13/X, 40170 SETIA ALAM",35.00,SANYU STATIONERY SHOP,18/07/2017,"NO. 31G&33G, JALAN SETIA INDAH X ,U13/X 40170 SETIA ALAM",35.00
X51007339150,multimodal_ocr,SAMYU TIKTELERI YANG SAWASI KA PERTANG GARAKAN PERTANG GARAKAN PERTANG GARAKAN PERTANG GARAKAN PERTANG GARAKAN PERTANG GARAKAN PERTANG GARAKAN PERTANG GARAKAN PERTANG GARAKAN PERTANG GARAKAN PERTANG GARAKAN PERTANG GARAKAN PERTANG GARAKAN PERTANG GARAKAN PERTANG GARAKAN PERTANG GARAKAN PERTANG GARAKAN PERTANG GARAKAN PERTANG GARAKAN PERTANG GARAKAN PERTANG GARAKAN PERTANG GARAKAN PERTANG GARAKAN PERTANG GARAKAN PERTANG GARAKAN PERTANG GARAKAN PERTANG GARAKAN PERTANG GARAKAN PERTANG GARAKAN PERTANG GARAKAN PERTANG GARAKAN PERTANG GARAKAN PERTANG GARAKAN PERTANG GARAKAN PERTANG GARAKAN PERTANG GARAKAN PERTANG GARAKAN PERTANG GARAKAN PERTANG GARAKAN PERTANG GARAKAN PERTANG GARAKAN PERTANG GARAKAN PERTANG GARAKAN PERTANG GARAKAN PERTANG GARAKAN PERTANG GARAKAN PERTANG GARAKAN PERTANG GARAKAN PERTANG GARAKAN PERTANG GARAKAN PERTANG GARAKAN PERTANG GARAKAN PERTANG GARAKAN PERTANG GARAKAN PERTANG GARAKAN PERTANG GARAKAN PERTANG GARAKAN PERTANG GARAKAN PERTANG GARAKAN PERTANG GARAKAN PERTANG GARAKAN PERTANG GARAKAN PERTANG GARAKAN PERTANG GARAKAN PERTANG GARAKAN PERTANG GARAKAN PERTANG GARAKAN PERTANG GARAKAN PERTANG GARAKAN PERTANG GARAKAN PERTANG GARAKAN PERTANG GARAKAN PERTANG GARAKAN PERTANG GARAKAN PERTANG GARAKAN PERTANG GARAKAN PERTANG GARAKAN PERTANG GARAKAN PERTANG GARAKAN PERTANG GARAKAN PERTANG GARAKAN PERTANG GARAKAN PERTANG GARAKAN PERTANG GARAKAN PERTANG GARAKAN PERTANG GARAKAN PERTANG GARAKAN PERTANG GARAKAN PERTANG GARAKAN PERTANG GARAKAN PERTANG GARAKAN PERTANG GARAKAN PERTANG GARAKAN PERTANG GARAKAN PERTANG GARAKAN PERTANG GARAKAN PERTANG GARAKAN PERTANG GARAKAN PERTANG GARAKAN PERTANG GARAKAN PERTANG GARAKAN PERTANG GARAKAN PERTANG GARAKAN PERTANG GARAKAN PERTANG GARAKAN PERTANG GARAKAN PERTANG GARAKAN PERTANG GARAKAN PERTANG GARAKAN PERTANG GARAKAN PERTANG GARAKAN PERTANG GARAKAN PERTANG GARAKAN PERTANG GARAKAN PERTANG GARAKAN PERTANG GARAKAN PERTANG GARAKAN PERTANG GARAKAN PERTANG GARAKAN PERTANG GARAKAN PERTANG GARAKAN PERTANG GARAKAN PERTANG GARAKAN PERTANG GARAKAN PERTANG GARAKAN PERTANG GARAKAN PERTANG GARAKAN PERTANG GARAKAN PERTANG GARAKAN PERTANG GARAKAN PERTANG GARAKAN PERTANG GARAKAN PERTANG GARAKAN PERTANG GARAKAN PERTANG GARAKAN PERTANG GARAKAN PERTANG GARAKAN PERTANG GARAKAN PERTANG GARAKAN PERTANG GARAKAN PERTANG GARAKAN PERTANG GARAKAN PERTANG GARAKAN PERTANG GARAKAN PERTANG GARAKAN PERTANG GARAKAN PERTANG GARAKAN PERTANG GARAKAN PERTANG GARAKAN PERTANG GARAKAN PERTANG GARAKAN PERTANG GARAKAN PERTANG GARAKAN PERTANG GARAKAN PERTANG GARAKAN PERTANG GARAKAN PERTANG GARAKAN PERTANG GARAKAN PERTANG GARAKAN PERTANG GARAKAN PERTANG GARAKAN PERTANG GARAKAN PERTANG GARAKAN PERTANG GARAKAN PERTANG GARAKAN PERTANG GARAKAN PERTANG GARAKAN PERTANG GARAKAN PERTANG GARAKAN PERTANG GARAKAN PERTANG GARAKAN PERTANG GARAKAN PERTANG GARAKAN PERTANG GARAKAN PERTANG GARAKAN PERTANG GARAKAN P,unknown,unknown,unknown,SANYU STATIONERY SHOP,18/07/2017,"NO. 31G&33G, JALAN SETIA INDAH X ,U13/X 40170 SETIA ALAM",35.00
X51007339150,multimodal_ocr_llm,Samyu Tiketleri Yang Sawasi,unknown,unknown,unknown,SANYU STATIONERY SHOP,18/07/2017,"NO. 31G&33G, JALAN SETIA INDAH X ,U13/X 40170 SETIA ALAM",35.00
X51008142065,raw_ocr,KEDAI PAPAN YEW CHUAN,23/05/2018,(0005583085-K),9.21,KEDAI PAPAN YEW CHUAN,23/05/2018,"LOT 276 JALAN BANTING 43800 DENGKIL, SELANGOR.",162.71
X51008142065,raw_ocr_llm,Kedai Papan Yew Chuan,23/05/2018,"LOT 276 JALAN BANTING, TAMAN DESA 43800 DENGKIL SELANGOR",162.71,KEDAI PAPAN YEW CHUAN,23/05/2018,"LOT 276 JALAN BANTING 43800 DENGKIL, SELANGOR.",162.71
X51008142065,multimodal_ocr,1. Keaidai papay chuan 461-1301-2011 10:06,unknown,unknown,unknown,KEDAI PAPAN YEW CHUAN,23/05/2018,"LOT 276 JALAN BANTING 43800 DENGKIL, SELANGOR.",162.71
X51008142065,multimodal_ocr_llm,Keaidai,10/06/2011,unknown,unknown,KEDAI PAPAN YEW CHUAN,23/05/2018,"LOT 276 JALAN BANTING 43800 DENGKIL, SELANGOR.",162.71
X51007339111,raw_ocr,SANYU STATIONERY SHOP,12/08/2017,NO. 3168336,3.00,SANYU STATIONERY SHOP,12/08/2017,"NO. 31G&33G, JALAN SETIA INDAH X ,U13/X 40170 SETIA ALAM",3.00
X51007339111,raw_ocr_llm,SANYU STATIONERY SHOP,12/08/2017,"NO. 3168336, JALAN SETIA INDAH X , U13/X, 40170 SETIA ALAM",3.00,SANYU STATIONERY SHOP,12/08/2017,"NO. 31G&33G, JALAN SETIA INDAH X ,U13/X 40170 SETIA ALAM",3.00
X51007339111,multimodal_ocr,"Sanyostationeryshop No. 3, No. 3, No. 3, No. 3, No. 3, No. 3, No. 3, No. 3, No. 3, No. 3, No. 3, No. 3, No. 3, No. 3, No. 3, No. 3, No. 3, No. 3, No. 3, No. 3, No. 3, No. 3, No. 3, No. 3, No. 3, No. 3, No. 3, No. 3, No. 3, No. 3, No. 3, No. 3, No. 3, No. 3, No. 3, No. 3, No. 3, No. 3, No. 3, No. 3, No. 3, No. 3, No. 3, No. 3, No. 3, No. 3, No. 3, No. 3, No. 3, No. 3, No. 3, No. 3, No. 3, No. 3, No. 3, No. 3, No. 3, No. 3, No. 3, No. 3, No. 3, No. 3, No. 3, No. 3, No. 3, No. 3, No. 3, No. 3, No. 3, No. 3, No. 3, No. 3, No. 3, No. 3, No. 3, No. 3, No. 3, No. 3, No. 3, No. 3, No. 3, No. 3, No. 3, No. 3, No. 3, No. 3, No. 3, No. 3, No. 3, No. 3, No. 3, No. 3, No. 3, No. 3, No. 3, No. 3, No. 3, No. 3, No. 3, No. 3, No. 3, No. 3, No. 3, No. 3, No. 3, No. 3, No. 3, No. 3, No. 3, No. 3, No. 3, No. 3, No. 3, No. 3, No. 3, No. 3, No. 3, No. 3, No. 3, No. 3, No. 3, No. 3, No. 3, No. 3, No. 3, No. 3, No. 3, No. 3, No. 3, No. 3, No. 3, No. 3, No. 3, No. 3, No. 3, No. 3, No. 3, No. 3, No. 3, No. 3, No. 3, No. 3, No. 3, No. 3, No. 3, No. 3, No. 3, No. 3, No. 3, No. 3, No. 3, No. 3, No. 3, No. 3, No. 3, No. 3, No. 3, No. 3, No. 3, No. 3, No. 3, No. 3, No. 3, No. 3, No. 3, No. 3, No. 3, No. 3, No. 3, No. 3, No. 3, No. 3, No. 3, No. 3, No. 3, No. 3, No. 3, No. 3, No. 3, No. 3, No. 3, No. 3, No. 3, No. 3, No. 3, No. 3, No. 3, No. 3, No. 3, No. 3, No. 3, No. 3, No. 3, No. 3, No. 3, No. 3, No. 3, No. 3, No. 3, No. 3, No. 3, No. 3, No. 3, No. 3, No. 3, No. 3, No. 3, No. 3, No. 3, No. 3, No. 3, No. 3, No. 3, No. 3, No. 3, No. 3, No. 3, No. 3, No. 3, No. 3, No. 3, No. 3, No. 3, No. 3, No. 3, No. 3, No. 3, No. 3, No. 3, No. 3, No. 3, No. 3, No. 3, No. 3, No. 3, No. 3, No. 3, No. 3, No. 3, No. 3, No. 3, No. 3, No. 3, No. 3, No. 3, No. 3, No. 3, No. 3, No. 3, No. 3, No. 3, No. 3, No. 3, No. 3, No. 3, No. 3, No. 3, No. 3, No. 3, No. 3, No. 3, No. 3, No. 3, No. 3, No. 3, No. 3, No. 3, No. 3, No. 3, No. 3, No. 3, No. 3, No. 3, No. 3, No. 3, No. 3, No. 3, No. 3, No. 3, No. 3, No. 3, No. 3, No. 3, No. 3, No. 3, No. 3, No. 3, No. 3, No. 3, No. 3, No. 3, No. 3, No. 3, No. 3, No. 3, No. 3, No. 3, No. 3, No. 3, No. 3, No. 3, No. 3, No. 3, No. 3, No. 3, No. 3, No. 3, No. 3, No. 3, No. 3, No. 3,",unknown,unknown,unknown,SANYU STATIONERY SHOP,12/08/2017,"NO. 31G&33G, JALAN SETIA INDAH X ,U13/X 40170 SETIA ALAM",3.00
X51007339111,multimodal_ocr_llm,Sanyo Stationery Shop,unknown,No. 3,unknown,SANYU STATIONERY SHOP,12/08/2017,"NO. 31G&33G, JALAN SETIA INDAH X ,U13/X 40170 SETIA ALAM",3.00
X51007846372,raw_ocr,Ao 6072,unknown,14 Jun 2018 18.27,unknown,UNIHAKKA INTERNATIONAL SDN BHD,14 JUN 2018,"12, JALAN TAMPOI 7/4,KAWASAN PERINDUSTRIAN TAMPOI,81200 JOHOR BAHRU, JOHOR",RM10.15
X51007846372,raw_ocr_llm,Unihakka International Sdn Bhd,14/06/2018,"12, Jalan Tampoi 7/4, Kawasan Perindustrian Tampoi, Johor Bahru, Johor",10.15,UNIHAKKA INTERNATIONAL SDN BHD,14 JUN 2018,"12, JALAN TAMPOI 7/4,KAWASAN PERINDUSTRIAN TAMPOI,81200 JOHOR BAHRU, JOHOR",RM10.15
X51007846372,multimodal_ocr,1. U.S. Department of State - Washington DC - 10/25/2013,10/25/2013,unknown,unknown,UNIHAKKA INTERNATIONAL SDN BHD,14 JUN 2018,"12, JALAN TAMPOI 7/4,KAWASAN PERINDUSTRIAN TAMPOI,81200 JOHOR BAHRU, JOHOR",RM10.15
X51007846372,multimodal_ocr_llm,U.S. Department of State,25/10/2013,Washington DC,unknown,UNIHAKKA INTERNATIONAL SDN BHD,14 JUN 2018,"12, JALAN TAMPOI 7/4,KAWASAN PERINDUSTRIAN TAMPOI,81200 JOHOR BAHRU, JOHOR",RM10.15
X51005447832,raw_ocr,PETRODELIENTERPRISE,26/02/18,Sonpan2395,unknown,PETRODELI ENTERPRISE,26/02/18,"LOT 485, TMN LEMBAH KERAMAT JLN ULU KELANG,  54200 KUALA LUMPUR",85.54
X51005447832,raw_ocr_llm,PETRODELIENTERPRISE,26/02/18,"JLN ULU KELANG, 54200 KUALA LUMPUR",85.54,PETRODELI ENTERPRISE,26/02/18,"LOT 485, TMN LEMBAH KERAMAT JLN ULU KELANG,  54200 KUALA LUMPUR",85.54
X51005447832,multimodal_ocr,Petrol Enterprise Company No. SA127059-D Lot 483 TRN Lehan Ceramic Kuala Lumpur Kadang Perus.,unknown,unknown,unknown,PETRODELI ENTERPRISE,26/02/18,"LOT 485, TMN LEMBAH KERAMAT JLN ULU KELANG,  54200 KUALA LUMPUR",85.54
X51005447832,multimodal_ocr_llm,Petrol Enterprise Company,unknown,"Lot 483, TRN Lehan Ceramic, Kuala Lumpur, Kadang Perus.",unknown,PETRODELI ENTERPRISE,26/02/18,"LOT 485, TMN LEMBAH KERAMAT JLN ULU KELANG,  54200 KUALA LUMPUR",85.54
X51007103610,raw_ocr,UOC 8,14-04-18,"(C0,REG",unknown,MR. D.I.Y. (M) SDN BHD,14-04-18,"LOT 1851-A & 1851-B, JALAN KPB 6, KAWASAN PERINDUSTRIAN BALAKONG, 43300 SERI KEMBANGAN, SELANGOR",RM 5.00
X51007103610,raw_ocr_llm,D.I.Y (M) SDN BHD,14/04/18,"JALAN KPB 8, Kamasan PERINDUSTRIAN BALAKONG, 43300 SERI KEMBANGAN, SELANGOR",5.28,MR. D.I.Y. (M) SDN BHD,14-04-18,"LOT 1851-A & 1851-B, JALAN KPB 6, KAWASAN PERINDUSTRIAN BALAKONG, 43300 SERI KEMBANGAN, SELANGOR",RM 5.00
X51007103610,multimodal_ocr,"31387026 Mr. Ditut Unifan Sdn Bhd. Colombo, Sri Lanka. Tel: (61) 898-7777.",unknown,unknown,unknown,MR. D.I.Y. (M) SDN BHD,14-04-18,"LOT 1851-A & 1851-B, JALAN KPB 6, KAWASAN PERINDUSTRIAN BALAKONG, 43300 SERI KEMBANGAN, SELANGOR",RM 5.00
X51007103610,multimodal_ocr_llm,Mr. Dutto Unifan Sdn Bhd,unknown,"Colombo, Sri Lanka",unknown,MR. D.I.Y. (M) SDN BHD,14-04-18,"LOT 1851-A & 1851-B, JALAN KPB 6, KAWASAN PERINDUSTRIAN BALAKONG, 43300 SERI KEMBANGAN, SELANGOR",RM 5.00
X51005676535,raw_ocr,3 | & 00/+,30/12/2017,(81109-A),5.04,SYARIKAT PERNIAGAAN GIN KEE,30/12/2017,"NO 290, JALAN AIR PANAS, SETAPAK, 53200, KUALA LUMPUR",89.04
X51005676535,raw_ocr_llm,Gin Kee,30/12/2017,"No 290, Jalan Air Panas, Setapak, 53200 Kuala Lumpur;",89.04,SYARIKAT PERNIAGAAN GIN KEE,30/12/2017,"NO 290, JALAN AIR PANAS, SETAPAK, 53200, KUALA LUMPUR",89.04
X51005676535,multimodal_ocr,1. Store Name: Syarikat Pernanangan Gin Ke Ee (English and Malay script),unknown,unknown,unknown,SYARIKAT PERNIAGAAN GIN KEE,30/12/2017,"NO 290, JALAN AIR PANAS, SETAPAK, 53200, KUALA LUMPUR",89.04
X51005676535,multimodal_ocr_llm,Syarikat Perananang Gin Ke Ee,unknown,unknown,unknown,SYARIKAT PERNIAGAAN GIN KEE,30/12/2017,"NO 290, JALAN AIR PANAS, SETAPAK, 53200, KUALA LUMPUR",89.04
X51006556851,raw_ocr,GARDENA BAKEKIES (KLLSDN BHD ( [39386 X),12/09/2017,3,84.78,GARDENIA BAKERIES (KL) SDN BHD,12/09/2017,"LOT 3, JALAN PELABUR 23/1, 40300 SHAH ALAM, SELANGOR.",84.78
X51006556851,raw_ocr_llm,Gardena Bakes,12/09/2017,"Jalan Pelabur 28/1, Puchong, Selangor: Tel: 03-55423228",84.78,GARDENIA BAKERIES (KL) SDN BHD,12/09/2017,"LOT 3, JALAN PELABUR 23/1, 40300 SHAH ALAM, SELANGOR.",84.78
X51006556851,multimodal_ocr,1. Gardenia Bakery & Restaurant Biz XI XJ 084 001 XC XCD XCD XCD XCD,unknown,unknown,unknown,GARDENIA BAKERIES (KL) SDN BHD,12/09/2017,"LOT 3, JALAN PELABUR 23/1, 40300 SHAH ALAM, SELANGOR.",84.78
X51006556851,multimodal_ocr_llm,Gardenia Bakery & Restaurant,unknown,"Biz XI, XJ 084 001 XC XCD",unknown,GARDENIA BAKERIES (KL) SDN BHD,12/09/2017,"LOT 3, JALAN PELABUR 23/1, 40300 SHAH ALAM, SELANGOR.",84.78
X51006327978,raw_ocr,Soon Fatt S/B (81497-P),9/2/2017,"BATU 8 1/2, JaLAN KLANG LanA,",362.50,Y SOON FATT S/B,9/2/2017,"LOT 1504, BATU 8 1/2, JALAN KLANG LAMA, 46000 PETALING JAYA, SELANGOR.",362.50
X51006327978,raw_ocr_llm,Soon Fatt S/B,09/02/2017,"BATU 8 1/2, JALAN KLANG LANA, 46000 PETALING JAYA, SELANGOR",362.50,Y SOON FATT S/B,9/2/2017,"LOT 1504, BATU 8 1/2, JALAN KLANG LAMA, 46000 PETALING JAYA, SELANGOR.",362.50
X51006327978,multimodal_ocr,"1. Store Name: Sona ey Isang Petting Petting Plant, Inc. Address: Leleu, Indonesia. Phone Number: (09) 898-7778. Email: sona ey isang petting plant, inc.",unknown,unknown,unknown,Y SOON FATT S/B,9/2/2017,"LOT 1504, BATU 8 1/2, JALAN KLANG LAMA, 46000 PETALING JAYA, SELANGOR.",362.50
X51006327978,multimodal_ocr_llm,"Sona ey Isang Petting Plant, Inc.",unknown,"Leleu, Indonesia",unknown,Y SOON FATT S/B,9/2/2017,"LOT 1504, BATU 8 1/2, JALAN KLANG LAMA, 46000 PETALING JAYA, SELANGOR.",362.50
X51006619697,raw_ocr,OLD ASIA,13-02-2016,(458592-T),unknown,CHEF LEE SDN BHD,13-02-2016,"LG226, LGF, 1 UTAMA SHOPPING CENTRE, LEBUH BANDAR UTAMA, 47800 PETALING JAYA.",RM96.20
X51006619697,raw_ocr_llm,Chef Lee Sdn Bhd,13/02/2016,"Utama Shopping Centre, Lembu Bandar Utama, 47800 Petaling Java",3.80,CHEF LEE SDN BHD,13-02-2016,"LG226, LGF, 1 UTAMA SHOPPING CENTRE, LEBUH BANDAR UTAMA, 47800 PETALING JAYA.",RM96.20
X51006619697,multimodal_ocr,"Old Asia Restaurant, Bali, Indonesia, Larga Banjar Itu Shopping Centre, Lebur Barang Ilit, Ipoh, Petaling Jaya, Indonesia, Sep 1 2016 - Sep 30 2016, RM 10.00",unknown,unknown,unknown,CHEF LEE SDN BHD,13-02-2016,"LG226, LGF, 1 UTAMA SHOPPING CENTRE, LEBUH BANDAR UTAMA, 47800 PETALING JAYA.",RM96.20
X51006619697,multimodal_ocr_llm,Old Asia Restaurant,01/09/2016 - 30/09/2016,"Larga Banjar Itu Shopping Centre, Lebur Barang Ilit, Ipoh, Petaling Jaya, Indonesia, Bali, Indonesia",10.00,CHEF LEE SDN BHD,13-02-2016,"LG226, LGF, 1 UTAMA SHOPPING CENTRE, LEBUH BANDAR UTAMA, 47800 PETALING JAYA.",RM96.20
X51007846371,raw_ocr,A6bo/2,unknown,13 Jun 2018 18.28,8.85,UNIHAKKA INTERNATIONAL SDN BHD,13 JUN 2018,"12, JALAN TAMPOI 7/4,KAWASAN PERINDUSTRIAN TAMPOI,81200 JOHOR BAHRU, JOHOR",RM8.85
X51007846371,raw_ocr_llm,UniHakka International Sdn Bhd,13/06/2018,"12, Jalan Tampoi 7/4, Kawasan Perindustrian, Tampoi, Johor Bahru, Johor",8.85,UNIHAKKA INTERNATIONAL SDN BHD,13 JUN 2018,"12, JALAN TAMPOI 7/4,KAWASAN PERINDUSTRIAN TAMPOI,81200 JOHOR BAHRU, JOHOR",RM8.85
X51007846371,multimodal_ocr,"1. Store Name: ""Lloyd's"" (case sensitive)",unknown,unknown,unknown,UNIHAKKA INTERNATIONAL SDN BHD,13 JUN 2018,"12, JALAN TAMPOI 7/4,KAWASAN PERINDUSTRIAN TAMPOI,81200 JOHOR BAHRU, JOHOR",RM8.85
X51007846371,multimodal_ocr_llm,Lloyd's,unknown,unknown,unknown,UNIHAKKA INTERNATIONAL SDN BHD,13 JUN 2018,"12, JALAN TAMPOI 7/4,KAWASAN PERINDUSTRIAN TAMPOI,81200 JOHOR BAHRU, JOHOR",RM8.85
X51006556865,raw_ocr,GARDEMIA MARERIES (KLASDN 6lIH) (139.J86 X),unknown,"Jalan Velabut 28L,",62.82,GARDENIA BAKERIES (KL) SDN BHD,06/09/2017,"LOT 3, JALAN PELABUR 23/1, 40300 SHAH ALAM, SELANGOR",62.82
X51006556865,raw_ocr_llm,MAKASSAR Fresh Market SDN Bhd,15/06/2023,"JALAN ::5,45 SUBANG Jaya XLANGOR",62.82,GARDENIA BAKERIES (KL) SDN BHD,06/09/2017,"LOT 3, JALAN PELABUR 23/1, 40300 SHAH ALAM, SELANGOR",62.82
X51006556865,multimodal_ocr,1. Gardenia Bakery & Deli (Sarawakan) Sdn Bhd. (1908 X 10),unknown,unknown,unknown,GARDENIA BAKERIES (KL) SDN BHD,06/09/2017,"LOT 3, JALAN PELABUR 23/1, 40300 SHAH ALAM, SELANGOR",62.82
X51006556865,multimodal_ocr_llm,Gardenia Bakery & Deli Sarawakan Sdn Bhd,10/XX/YYYY,unknown,1908.00,GARDENIA BAKERIES (KL) SDN BHD,06/09/2017,"LOT 3, JALAN PELABUR 23/1, 40300 SHAH ALAM, SELANGOR",62.82
X51006554833,raw_ocr,BIMPLIFIED TaX INVOCC,29/10/2017,1118250-K,27.27,SUBANG HEALTHCARE SDN BHD,29/10/2017,"B-8, JALAN SS15/4D, 47500 SUBANG JAYA, SELANGOR",28.90
X51006554833,raw_ocr_llm,SUBANG HEALTHCARE SDN BHD,29/10/2017,"B-8 JALAN SSi574D, 47500 SUBaNG-JaYA; SELANGOR",28.90,SUBANG HEALTHCARE SDN BHD,29/10/2017,"B-8, JALAN SS15/4D, 47500 SUBANG JAYA, SELANGOR",28.90
X51006554833,multimodal_ocr,"1. Transcribe ALL text visible on this receipt image exactly as it appears, line by line, top to bottom.",unknown,unknown,unknown,SUBANG HEALTHCARE SDN BHD,29/10/2017,"B-8, JALAN SS15/4D, 47500 SUBANG JAYA, SELANGOR",28.90
X51006554833,multimodal_ocr_llm,unknown,unknown,unknown,unknown,SUBANG HEALTHCARE SDN BHD,29/10/2017,"B-8, JALAN SS15/4D, 47500 SUBANG JAYA, SELANGOR",28.90
X51005719886,raw_ocr,SUNFISH,05/01/2018,<484297-M>,28.70,SUNFISH,05/01/2018,22 LRG PERUSAHAAN 4 KIMPAL INDS.PARK B.CAVES,28.70
X51005719886,raw_ocr_llm,Sunfish,05/01/2018,unknown,72.14,SUNFISH,05/01/2018,22 LRG PERUSAHAAN 4 KIMPAL INDS.PARK B.CAVES,28.70
X51005719886,multimodal_ocr,Sunfish Restaurant - Kota Kinabalu - 22 Lgft - Pernian - 4th Floor - Telang Merupakan - 3rd Floor - Kota Kinabalu - Telang Merupakan - 3rd Floor - Kota Kinabalu - Telang Merupakan - 3rd Floor - Kota Kinabalu - Telang Merupakan - 3rd Floor - Kota Kinabalu - Telang Merupakan - 3rd Floor - Kota Kinabalu - Telang Merupakan - 3rd Floor - Kota Kinabalu - Telang Merupakan - 3rd Floor - Kota Kinabalu - Telang Merupakan - 3rd Floor - Kota Kinabalu - Telang Merupakan - 3rd Floor - Kota Kinabalu - Telang Merupakan - 3rd Floor - Kota Kinabalu - Telang Merupakan - 3rd Floor - Kota Kinabalu - Telang Merupakan - 3rd Floor - Kota Kinabalu - Telang Merupakan - 3rd Floor - Kota Kinabalu - Telang Merupakan - 3rd Floor - Kota Kinabalu - Telang Merupakan - 3rd Floor - Kota Kinabalu - Telang Merupakan - 3rd Floor - Kota Kinabalu - Telang Merupakan - 3rd Floor - Kota Kinabalu - Telang Merupakan - 3rd Floor - Kota Kinabalu - Telang Merupakan - 3rd Floor - Kota Kinabalu - Telang Merupakan - 3rd Floor - Kota Kinabalu - Telang Merupakan - 3rd Floor - Kota Kinabalu - Telang Merupakan - 3rd Floor - Kota Kinabalu - Telang Merupakan - 3rd Floor - Kota Kinabalu - Telang Merupakan - 3rd Floor - Kota Kinabalu - Telang Merupakan - 3rd Floor - Kota Kinabalu - Telang Merupakan - 3rd Floor - Kota Kinabalu - Telang Merupakan - 3rd Floor - Kota Kinabalu - Telang Merupakan - 3rd Floor - Kota Kinabalu - Telang Merupakan - 3rd Floor - Kota Kinabalu - Telang Merupakan - 3rd Floor - Kota Kinabalu - Telang Merupakan - 3rd Floor - Kota Kinabalu - Telang Merupakan - 3rd Floor - Kota Kinabalu - Telang Merupakan - 3rd Floor - Kota Kinabalu - Telang Merupakan - 3rd Floor - Kota Kinabalu - Telang Merupakan - 3rd Floor - Kota Kinabalu - Telang Merupakan - 3rd Floor - Kota Kinabalu - Telang Merupakan - 3rd Floor - Kota Kinabalu - Telang Merupakan - 3rd Floor - Kota Kinabalu - Telang Merupakan - 3rd Floor - Kota Kinabalu - Telang Merupakan - 3rd Floor - Kota Kinabalu - Telang Merupakan - 3rd Floor - Kota Kinabalu - Telang Merupakan - 3rd Floor - Kota Kinabalu - Telang Merupakan - 3rd Floor - Kota Kinabalu - Telang Merupakan - 3rd Floor - Kota Kinabalu - Telang Merupakan - 3rd Floor - Kota Kinabalu - Telang Merupakan - 3rd Floor - Kota Kinabalu - Telang Merupakan - 3rd Floor - Kota Kinabalu - Telang Merupakan - 3rd Floor - Kota Kinabalu - Telang Merupakan - 3rd Floor - Kota Kinabalu - Telang Merupakan - 3rd Floor - Kota Kinabalu - Telang Merupakan - 3rd Floor - Kota Kinabalu - Telang Merupakan - 3rd Floor - Kota Kinabalu - Telang Merupakan - 3rd Floor - Kota Kinabalu - Telang Merupakan - 3rd Floor - Kota Kinabalu - Telang Merupakan - 3rd Floor - Kota Kinabalu - Telang Merupakan - 3rd Floor - Kota Kinabalu - Telang Merupakan - 3rd Floor - Kota Kinabalu - Telang Merupakan - 3rd Floor - Kota Kinabalu - Telang Merupakan - 3rd Floor - Kota Kinabalu - Telang Merupakan - 3rd Floor - Kota Kinabalu - Telang Merupakan - 3rd Floor - Kota Kinabalu - Telang Merupakan - 3rd Floor - Kota Kinabalu - Telang Merupakan - 3rd Floor - Kota Kinabalu - Telang Merupakan - 3rd Floor - Kota Kinabalu - Telang Merupakan - 3rd Floor - Kota Kinabalu - Telang Merupakan - 3rd Floor - Kota Kinabalu - Telang Merupakan - 3rd Floor - Kota Kinabalu - Telang Merupakan - 3rd Floor - Kota Kinabalu - Telang Merupakan - 3rd Floor - Kota Kinabalu - Telang Merupakan - 3rd Floor - Kota Kinabalu - Telang Merupakan - 3rd Floor - Kota Kinabalu - Telang Merupakan - 3rd Floor - Kota Kinabalu - Telang Mer,unknown,unknown,unknown,SUNFISH,05/01/2018,22 LRG PERUSAHAAN 4 KIMPAL INDS.PARK B.CAVES,28.70
X51005719886,multimodal_ocr_llm,Sunfish Restaurant,unknown,"Kota Kinabalu, 22 Lgft Pernian, 4th Floor (Telang)",unknown,SUNFISH,05/01/2018,22 LRG PERUSAHAAN 4 KIMPAL INDS.PARK B.CAVES,28.70
X51005442394,raw_ocr,Yxo3126,unknown,30 Mar 2018 18;17,8.20,UNIHAKKA INTERNATIONAL SDN BHD,30 MAR 2018,"12, JALAN TAMPOI 7/4,KAWASAN PERINDUSTRIAN TAMPOI,81200 JOHOR BAHRU,JOHOR",$8.20
X51005442394,raw_ocr_llm,Unihacka International Sdn Bhd,30/03/2018,"12, Jalan Tampoi 7/4,Kavasah Perindustrian Tampol, 81200 Johor Bahru,Johor",8.20,UNIHAKKA INTERNATIONAL SDN BHD,30 MAR 2018,"12, JALAN TAMPOI 7/4,KAWASAN PERINDUSTRIAN TAMPOI,81200 JOHOR BAHRU,JOHOR",$8.20
X51005442394,multimodal_ocr,"1. Itemized list of charges for a bill from a company named ""International"" with an address in ""New York"".",unknown,unknown,unknown,UNIHAKKA INTERNATIONAL SDN BHD,30 MAR 2018,"12, JALAN TAMPOI 7/4,KAWASAN PERINDUSTRIAN TAMPOI,81200 JOHOR BAHRU,JOHOR",$8.20
X51005442394,multimodal_ocr_llm,International,unknown,New York,unknown,UNIHAKKA INTERNATIONAL SDN BHD,30 MAR 2018,"12, JALAN TAMPOI 7/4,KAWASAN PERINDUSTRIAN TAMPOI,81200 JOHOR BAHRU,JOHOR",$8.20
X51006414733,raw_ocr,49toy,01/04/2018,(M) BHD   ( 126926-H),122.78,AEON CO. (M) BHD,01/04/2018,"3RD FLR, AEON TAMAN MALURI SC JLN JEJAKA, TAMAN MALURI CHERAS, 55100 KUALA LUMPUR",122.80
X51006414733,raw_ocr_llm,AEON CO. (M) BHD,01/04/2018,"PJ NUR AYU, AEON PERMAS JAYA",122.80,AEON CO. (M) BHD,01/04/2018,"3RD FLR, AEON TAMAN MALURI SC JLN JEJAKA, TAMAN MALURI CHERAS, 55100 KUALA LUMPUR",122.80
X51006414733,multimodal_ocr,1. Store Name: Asics Inc.,unknown,"2. Address: 1068 North Center St,",7.00,AEON CO. (M) BHD,01/04/2018,"3RD FLR, AEON TAMAN MALURI SC JLN JEJAKA, TAMAN MALURI CHERAS, 55100 KUALA LUMPUR",122.80
X51006414733,multimodal_ocr_llm,Asics Inc.,20/05/2013,1068 North Center St,7.00,AEON CO. (M) BHD,01/04/2018,"3RD FLR, AEON TAMAN MALURI SC JLN JEJAKA, TAMAN MALURI CHERAS, 55100 KUALA LUMPUR",122.80
X51005676547,raw_ocr,3,13/01/2018,"1'8 0'| 0, !F",0.72,SYARIKAT PERNIAGAAN GIN KEE,13/01/2018,"NO 290, JALAN AIR PANAS, SETAPAK, 53200, KUALA LUMPUR.",12.72
X51005676547,raw_ocr_llm,SYARIKAT PERNIAGAAN GIN KEE,13/01/2018,"NO 290,JALAN AIR PANAS,SETAPAK53200, KUALA LUMPUR;",12.72,SYARIKAT PERNIAGAAN GIN KEE,13/01/2018,"NO 290, JALAN AIR PANAS, SETAPAK, 53200, KUALA LUMPUR.",12.72
X51005676547,multimodal_ocr,Syarikat Pernianan Gin Kee (No. 3) - S-P-T-A-K-E - S-P-T-A-K-E - S-P-T-A-K-E - S-P-T-A-K-E - S-P-T-A-K-E - S-P-T-A-K-E - S-P-T-A-K-E),unknown,unknown,unknown,SYARIKAT PERNIAGAAN GIN KEE,13/01/2018,"NO 290, JALAN AIR PANAS, SETAPAK, 53200, KUALA LUMPUR.",12.72
X51005676547,multimodal_ocr_llm,Syarikat Perniagaan Gin Kee (No. 3),unknown,unknown,unknown,SYARIKAT PERNIAGAAN GIN KEE,13/01/2018,"NO 290, JALAN AIR PANAS, SETAPAK, 53200, KUALA LUMPUR.",12.72
X51006327960,raw_ocr,KING '5  CONFECTIONERY 8/B 27350U-0 (GkJ ),unknown,"Lot No. 623, GIANT KELANA JaYA",unknown,KING'S CONFECTIONERY S/B,07/02/17,"LOT NO. G23, GIANT KELANA JAYA LOT PT244, JLN PERBANDARAN SS6/4 PUSAT BANDAR KELANA JAYA, PETALING",9.90
X51006327960,raw_ocr_llm,KING'S CONFECTIONERY,07/11/2021,"LOT PT244, JLN PERBANDARAN 536/4, Pusat BANDAR KELANA JAYA",42.55,KING'S CONFECTIONERY S/B,07/02/17,"LOT NO. G23, GIANT KELANA JAYA LOT PT244, JLN PERBANDARAN SS6/4 PUSAT BANDAR KELANA JAYA, PETALING",9.90
X51006327960,multimodal_ocr,King's Confectionery SBS-Sudan (Jakarta) Lottery Voucher Lottery Ticket Lottery Cash Incentive Lottery Cashback Lottery Cash prize Money Cash prize money cash prize money,unknown,unknown,unknown,KING'S CONFECTIONERY S/B,07/02/17,"LOT NO. G23, GIANT KELANA JAYA LOT PT244, JLN PERBANDARAN SS6/4 PUSAT BANDAR KELANA JAYA, PETALING",9.90
X51006327960,multimodal_ocr_llm,King's Confectionery,unknown,"SBS Sudan, Jakarta",unknown,KING'S CONFECTIONERY S/B,07/02/17,"LOT NO. G23, GIANT KELANA JAYA LOT PT244, JLN PERBANDARAN SS6/4 PUSAT BANDAR KELANA JAYA, PETALING",9.90
X51006913060,raw_ocr,Hlostol,unknown,2018 18.26,58.20,UNIHAKKA INTERNATIONAL SDN BHD,21 MAY 2018,"2, JALAN TAMPOI 7/4,KAWASAN PERINDUSTRIAN TAMPOI,81200 JOHOR BAHRU,JOHOR",$8.20
X51006913060,raw_ocr_llm,Unihakka International Sdn Bhd,18/03/2018,"2, Jalan Tampoi 7/4, Kawasan Perindustrian, Tampoi, Johor Bahru, Johor",108.20,UNIHAKKA INTERNATIONAL SDN BHD,21 MAY 2018,"2, JALAN TAMPOI 7/4,KAWASAN PERINDUSTRIAN TAMPOI,81200 JOHOR BAHRU,JOHOR",$8.20
X51006913060,multimodal_ocr,unknown,unknown,unknown,unknown,UNIHAKKA INTERNATIONAL SDN BHD,21 MAY 2018,"2, JALAN TAMPOI 7/4,KAWASAN PERINDUSTRIAN TAMPOI,81200 JOHOR BAHRU,JOHOR",$8.20
X51006913060,multimodal_ocr_llm,unknown,unknown,unknown,unknown,UNIHAKKA INTERNATIONAL SDN BHD,21 MAY 2018,"2, JALAN TAMPOI 7/4,KAWASAN PERINDUSTRIAN TAMPOI,81200 JOHOR BAHRU,JOHOR",$8.20
X51008164991,raw_ocr,ONE   ONE   THREE   SEAFOOD RESTAURANT   SON BHD,13-06-2018,(1120908-M),"15,00",ONE ONE THREE SEAFOOD RESTAURANT SDN BHD,13-06-2018,"NO.1, TAMAN SRI DENGKIL, JALAN AIR HITAM 43800 DENGKIL, SELANGOR.",35.00
X51008164991,raw_ocr_llm,Three Seafood Restaurant Son BHD,13/06/2018,"NO.1, TAMAN SRI DENCKIL, JALAN AIR HITAM, 43800 DENGKIL, SELANGOR",35.00,ONE ONE THREE SEAFOOD RESTAURANT SDN BHD,13-06-2018,"NO.1, TAMAN SRI DENGKIL, JALAN AIR HITAM 43800 DENGKIL, SELANGOR.",35.00
X51008164991,multimodal_ocr,One Three Seafood Restaurant Tanahaw Street Kuala Lumpur Malaysia - No 1 - Taan Tanah Air Tanah - Selangor - 08/24/2018 - 10:00am - 5:00pm,08/24/2018,unknown,unknown,ONE ONE THREE SEAFOOD RESTAURANT SDN BHD,13-06-2018,"NO.1, TAMAN SRI DENGKIL, JALAN AIR HITAM 43800 DENGKIL, SELANGOR.",35.00
X51008164991,multimodal_ocr_llm,One Three Seafood Restaurant,24/08/2018,"Tanahaw Street, Kuala Lumpur, Malaysia, No. 1, Taan Tanah Air Tanah, Selangor",unknown,ONE ONE THREE SEAFOOD RESTAURANT SDN BHD,13-06-2018,"NO.1, TAMAN SRI DENGKIL, JALAN AIR HITAM 43800 DENGKIL, SELANGOR.",35.00
X51006620182,raw_ocr,Win,08/05/2016,Pacific Asian Food Delights S/8,"70,50",PACIFIC ASIAN FOOD DELIGHTS S/B,08/05/2016,"NO.35,GROUND FLOOR JLN METRO PERDANA BARAT 1 TAMAN USAHAWAN KEPONG 52100 KL",78.50
X51006620182,raw_ocr_llm,Pacific Asian Food Delights,08/05/2016,"No.35, Ground Floor, Jln Metra Perdana, Barat, Taman Usahawan Kepong 52100 KL",100.00,PACIFIC ASIAN FOOD DELIGHTS S/B,08/05/2016,"NO.35,GROUND FLOOR JLN METRO PERDANA BARAT 1 TAMAN USAHAWAN KEPONG 52100 KL",78.50
X51006620182,multimodal_ocr,"1. Win Soon Cafe Pacific Food Restaurant 828 Pacific Ave. Portland, ME 06101-0",unknown,unknown,unknown,PACIFIC ASIAN FOOD DELIGHTS S/B,08/05/2016,"NO.35,GROUND FLOOR JLN METRO PERDANA BARAT 1 TAMAN USAHAWAN KEPONG 52100 KL",78.50
X51006620182,multimodal_ocr_llm,Win Soon Cafe Pacific Food Restaurant,unknown,"Pacific Food Restaurant 828 Pacific Ave. Portland, ME 04101",unknown,PACIFIC ASIAN FOOD DELIGHTS S/B,08/05/2016,"NO.35,GROUND FLOOR JLN METRO PERDANA BARAT 1 TAMAN USAHAWAN KEPONG 52100 KL",78.50
X51006828217,raw_ocr,99 SPEED MART S/0 (519537-X),14-08-17,"Lot P,t. 2811, JALAN",unknown,99 SPEED MART S/B,14-08-17,"LOT P.T. 2811, JALAN ANGSA, TAMAN BERKELEY 41150 KLANG, SELANGOR 1243-JLN PUDU ULU",14.40
X51006828217,raw_ocr_llm,Speed Mart,14/08/17,"Lot P,t. 2811, Jalan Tanan Berkelev, 41150 Klang, Selangor",14.78,99 SPEED MART S/B,14-08-17,"LOT P.T. 2811, JALAN ANGSA, TAMAN BERKELEY 41150 KLANG, SELANGOR 1243-JLN PUDU ULU",14.40
X51006828217,multimodal_ocr,Speed Mart Sdn Bhd. (No. 5) - Speed Mart Sdn Bhd. (No. 6) - Speed Mart Sdn Bhd. (No. 7) - Speed Mart Sdn Bhd. (No. 8) - Speed Mart Sdn Bhd. (No. 9) - Speed Mart Sdn Bhd. (No. 10) - Speed Mart Sdn Bhd. (No. 11) - Speed Mart Sdn Bhd. (No. 12) - Speed Mart Sdn Bhd. (No. 13) - Speed Mart Sdn Bhd. (No. 14) - Speed Mart Sdn Bhd. (No. 15) - Speed Mart Sdn Bhd. (No. 16) - Speed Mart Sdn Bhd. (No. 17) - Speed Mart Sdn Bhd. (No. 18) - Speed Mart Sdn Bhd. (No. 19) - Speed Mart Sdn Bhd. (No. 20) - Speed Mart Sdn Bhd. (No. 21) - Speed Mart Sdn Bhd. (No. 22) - Speed Mart Sdn Bhd. (No. 23) - Speed Mart Sdn Bhd. (No. 24) - Speed Mart Sdn Bhd. (No. 25) - Speed Mart Sdn Bhd. (No. 26) - Speed Mart Sdn Bhd. (No. 27) - Speed Mart Sdn Bhd. (No. 28) - Speed Mart Sdn Bhd. (No. 29) - Speed Mart Sdn Bhd. (No. 30) - Speed Mart Sdn Bhd. (No. 31) - Speed Mart Sdn Bhd. (No. 32) - Speed Mart Sdn Bhd. (No. 33) - Speed Mart Sdn Bhd. (No. 34) - Speed Mart Sdn Bhd. (No. 35) - Speed Mart Sdn Bhd. (No. 36) - Speed Mart Sdn Bhd. (No. 37) - Speed Mart Sdn Bhd. (No. 38) - Speed Mart Sdn Bhd. (No. 39) - Speed Mart Sdn Bhd. (No. 40) - Speed Mart Sdn Bhd. (No. 41) - Speed Mart Sdn Bhd. (No. 42) - Speed Mart Sdn Bhd. (No. 43) - Speed Mart Sdn Bhd. (No. 44) - Speed Mart Sdn Bhd. (No. 45) - Speed Mart Sdn Bhd. (No. 46) - Speed Mart Sdn Bhd. (No. 47) - Speed Mart Sdn Bhd. (No. 48) - Speed Mart Sdn Bhd. (No. 49) - Speed Mart Sdn Bhd. (No. 50) - Speed Mart Sdn Bhd. (No. 51) - Speed Mart Sdn Bhd. (No. 52) - Speed Mart Sdn Bhd. (No. 53) - Speed Mart Sdn Bhd. (No. 54) - Speed Mart Sdn Bhd. (No. 55) - Speed Mart Sdn Bhd. (No. 56) - Speed Mart Sdn Bhd. (No. 57) - Speed Mart Sdn Bhd. (No. 58) - Speed Mart Sdn Bhd. (No. 59) - Speed Mart Sdn Bhd. (No. 60) - Speed Mart Sdn Bhd. (No. 61) - Speed Mart Sdn Bhd. (No. 62) - Speed Mart Sdn Bhd. (No. 63) - Speed Mart Sdn Bhd. (No. 64) - Speed Mart Sdn Bhd. (No. 65) - Speed Mart Sdn Bhd. (No. 66) - Speed Mart Sdn Bhd. (No. 67) - Speed Mart Sdn Bhd. (No. 68) - Speed Mart Sdn Bhd. (No. 69) - Speed Mart Sdn Bhd. (No. 70) - Speed Mart Sdn Bhd. (No. 71) - Speed Mart Sdn Bhd. (No. 72) - Speed Mart Sdn Bhd. (No. 73) - Speed Mart Sdn Bhd. (No. 74) - Speed Mart Sdn Bhd. (No. 75) - Speed Mart Sdn Bhd. (No. 76) - Speed Mart Sdn Bhd. (No. 77) - Speed Mart Sdn Bhd. (No. 78) - Speed Mart Sdn Bhd. (No. 79) - Speed Mart Sdn Bhd. (No. 80) - Speed Mart Sdn Bhd. (No. 81) - Speed Mart Sdn Bhd. (No. 82) - Speed Mart Sdn Bhd. (No. 83) - Speed Mart Sdn Bhd. (No. 84) - Speed Mart Sdn Bhd. (No. 85) - Speed Mart Sdn Bhd. (No. 86) - Speed Mart Sdn Bhd. (No. 87) - Speed Mart Sdn Bhd. (No. 88) - Speed Mart Sdn Bhd. (No. 89) - Speed Mart Sdn Bhd. (No. 90) - Speed Mart Sdn Bhd. (No. 91) - Speed Mart Sdn Bhd. (No. 92) - Speed Mart Sdn Bhd. (No. 93) - Speed Mart Sdn Bhd. (No. 94) - Speed Mart Sdn Bhd. (No. 95) - Speed Mart Sdn Bhd. (No. 96) - Speed Mart Sdn Bhd. (No. 97) - Speed Mart Sdn Bhd. (No. 98),unknown,unknown,unknown,99 SPEED MART S/B,14-08-17,"LOT P.T. 2811, JALAN ANGSA, TAMAN BERKELEY 41150 KLANG, SELANGOR 1243-JLN PUDU ULU",14.40
X51006828217,multimodal_ocr_llm,Speed Mart Sdn Bhd,unknown,unknown,unknown,99 SPEED MART S/B,14-08-17,"LOT P.T. 2811, JALAN ANGSA, TAMAN BERKELEY 41150 KLANG, SELANGOR 1243-JLN PUDU ULU",14.40
X51008142034,raw_ocr,MEGAH RETAIL SDn bhd,09/05/2018,3-7. Grqund FLooR;,unknown,MEGAH RETAIL SDN BHD,09/05/2018,"3-7, GROUND FLOOR, JLN PURTA DENGKIL 1 TMN PUTRA DENGKIL 43800 DENGKIL, SELANGOR DARUL EHSAN",4.70
X51008142034,raw_ocr_llm,MEGAH RETAIL SDN BHD,03/02/2018,"3-7, Ground Floor; Jln Putra Dengkil, Tmn Putra Dengkil, 43800 Denokil: Selangor Darul Ehsan",1212.47,MEGAH RETAIL SDN BHD,09/05/2018,"3-7, GROUND FLOOR, JLN PURTA DENGKIL 1 TMN PUTRA DENGKIL 43800 DENGKIL, SELANGOR DARUL EHSAN",4.70
X51008142034,multimodal_ocr,unknown,unknown,unknown,unknown,MEGAH RETAIL SDN BHD,09/05/2018,"3-7, GROUND FLOOR, JLN PURTA DENGKIL 1 TMN PUTRA DENGKIL 43800 DENGKIL, SELANGOR DARUL EHSAN",4.70
X51008142034,multimodal_ocr_llm,Unknown,Unknown,Unknown,Unknown,MEGAH RETAIL SDN BHD,09/05/2018,"3-7, GROUND FLOOR, JLN PURTA DENGKIL 1 TMN PUTRA DENGKIL 43800 DENGKIL, SELANGOR DARUL EHSAN",4.70
X51005757324,raw_ocr,3180207,25-03-18,86067 1-D ),unknown,MR. D.I.Y. (M) SDN BHD,25-03-18,"LOT 1851-A & 1851-B, JALAN KPB 6, KAWASAN PERINDUSTRIAN BALAKONG, 43300 SERI KEMBANGAN, SELANGOR",50.80
X51005757324,raw_ocr_llm,M R. D . I.Y. (M) SDN BHD,25-03-18,"Jalan KPB 6, Kahasan PERINDUSTRIAN BaLAKONG, 43300 SERI KEMBANGAN, SELANGOR",50.80,MR. D.I.Y. (M) SDN BHD,25-03-18,"LOT 1851-A & 1851-B, JALAN KPB 6, KAWASAN PERINDUSTRIAN BALAKONG, 43300 SERI KEMBANGAN, SELANGOR",50.80
X51005757324,multimodal_ocr,Mr. Oly Ibu Hdn. Bhd. Lotatiksan Perahan Balikang Sdn Bhd. 456945454545454545454545454545454545454545454545454545454545454545,unknown,unknown,unknown,MR. D.I.Y. (M) SDN BHD,25-03-18,"LOT 1851-A & 1851-B, JALAN KPB 6, KAWASAN PERINDUSTRIAN BALAKONG, 43300 SERI KEMBANGAN, SELANGOR",50.80
X51005757324,multimodal_ocr_llm,Oly Ibu Holdings (BHD) / Lotatiksan Perahan Balikang Sdn Bhd.,unknown,unknown,unknown,MR. D.I.Y. (M) SDN BHD,25-03-18,"LOT 1851-A & 1851-B, JALAN KPB 6, KAWASAN PERINDUSTRIAN BALAKONG, 43300 SERI KEMBANGAN, SELANGOR",50.80
X51006913018,raw_ocr,A OSoy,11/05/2018,AEON CO . (M) BHD  (126926-H),432.60,AEON CO. (M) BHD,11/05/2018,"3RD FLR, AEON TAMAN MALURI SC JLN JEJAKA, TAMAN MALURI CHERAS, 55100 KUALA LUMPUR",458.55
X51006913018,raw_ocr_llm,AEON CO. (M) BHD,11/05/2018,"AFON TEBRAU CITY, JLN JEJAKA, TAMAN MALURI, CHERAS, 55100 KUALA LUMPUR",458.55,AEON CO. (M) BHD,11/05/2018,"3RD FLR, AEON TAMAN MALURI SC JLN JEJAKA, TAMAN MALURI CHERAS, 55100 KUALA LUMPUR",458.55
X51006913018,multimodal_ocr,1. Store Name: Bathroom supplies,unknown,unknown,unknown,AEON CO. (M) BHD,11/05/2018,"3RD FLR, AEON TAMAN MALURI SC JLN JEJAKA, TAMAN MALURI CHERAS, 55100 KUALA LUMPUR",458.55
X51006913018,multimodal_ocr_llm,Bathroom supplies,unknown,unknown,unknown,AEON CO. (M) BHD,11/05/2018,"3RD FLR, AEON TAMAN MALURI SC JLN JEJAKA, TAMAN MALURI CHERAS, 55100 KUALA LUMPUR",458.55
X51006857071,raw_ocr,KSTATIONERY & OFFICE SUPPLIES,15/07/2017,"Na.9, JALAN MANIS 3, TAMAN SEGAR",148.00,K STATIONERY & OFFICE SUPPLIES,15/07/2017,"NO.9, JALAN MANIS 3, TAMAN SEGAR CHERAS, 56100 KUALA LUMPUR.",148.00
X51006857071,raw_ocr_llm,KSTATIONERY & OFFICE SUPPLIES,15/07/2017,"No.9, Jalan Manis 3, Taman Segar, Cheras, 56100 Kuala Lumpur",148.00,K STATIONERY & OFFICE SUPPLIES,15/07/2017,"NO.9, JALAN MANIS 3, TAMAN SEGAR CHERAS, 56100 KUALA LUMPUR.",148.00
X51006857071,multimodal_ocr,K Stationery & Office Supplies No. NALA-MUNI-TUS-SAR-LAMBDA-KU-LIMA P/S. NO. 10346101010101010101010101010101010101010101010101010101010101010101,unknown,unknown,unknown,K STATIONERY & OFFICE SUPPLIES,15/07/2017,"NO.9, JALAN MANIS 3, TAMAN SEGAR CHERAS, 56100 KUALA LUMPUR.",148.00
X51006857071,multimodal_ocr_llm,K Stationery & Office Supplies,unknown,NALA-MUNI-TUS-SAR-LAMBDA-KU-LIMA P/S. NO.,unknown,K STATIONERY & OFFICE SUPPLIES,15/07/2017,"NO.9, JALAN MANIS 3, TAMAN SEGAR CHERAS, 56100 KUALA LUMPUR.",148.00
X51006387740,raw_ocr,ARTRANGE STATIONERS & PRINT SDN BHD,10/04/2017,(1122327-U),0.87,ARTRANGE STATIONERS & PRINT SDN BHD,10/04/2017,44 JALAN SS21/58 DAMANSARA UTAMA 47400 PETALING JAYA,15.40
X51006387740,raw_ocr_llm,ARTRANGE STATIONERS & PRINT SDN BHD,10/04/2017,44 JALAN SS21/58 DAMANSARA UTAMA PETALINGI JAYA,15.40,ARTRANGE STATIONERS & PRINT SDN BHD,10/04/2017,44 JALAN SS21/58 DAMANSARA UTAMA 47400 PETALING JAYA,15.40
X51006387740,multimodal_ocr,Artrange Stationers & Paintings Pty Ltd. - Post Office Box 447 Jalan Sarawak Rizal Putra Yogyakarta Malaysia - 1097-9076-9087 - 07700,unknown,unknown,unknown,ARTRANGE STATIONERS & PRINT SDN BHD,10/04/2017,44 JALAN SS21/58 DAMANSARA UTAMA 47400 PETALING JAYA,15.40
X51006387740,multimodal_ocr_llm,Artrange Stationers & Paintings Pty Ltd.,unknown,Post Office Box 447 Jalan Sarawak Rizal Putra Yogyakarta Malaysia,unknown,ARTRANGE STATIONERS & PRINT SDN BHD,10/04/2017,44 JALAN SS21/58 DAMANSARA UTAMA 47400 PETALING JAYA,15.40
X51005587267,raw_ocr,MYDIN,4/02/2017,TRI   SHHAAS SDN BHD (728515-M),unknown,TRI SHAAS SDN BHD,4/02/2017,"4-20, JALAN RIA 25/62 TAMAN SRI MUDA SEKSYEN 25, 40400 SHAH ALAM SELANGOR",85.10
X51005587267,raw_ocr_llm,Mydin,04/02/2017,"4-20, Jalan Ria 25/62 Taman Sri Muda, Seksyen 25, 40400 Shah Alam Selangor",85.10,TRI SHAAS SDN BHD,4/02/2017,"4-20, JALAN RIA 25/62 TAMAN SRI MUDA SEKSYEN 25, 40400 SHAH ALAM SELANGOR",85.10
X51005587267,multimodal_ocr,Mydin Inc. - Customer Service Center - Customer Service Desk - Customer Service Desk - Customer Service Desk - Customer Service Desk,unknown,unknown,unknown,TRI SHAAS SDN BHD,4/02/2017,"4-20, JALAN RIA 25/62 TAMAN SRI MUDA SEKSYEN 25, 40400 SHAH ALAM SELANGOR",85.10
X51005587267,multimodal_ocr_llm,Mydin Inc.,unknown,"Customer Service Center, Customer Service Desk",unknown,TRI SHAAS SDN BHD,4/02/2017,"4-20, JALAN RIA 25/62 TAMAN SRI MUDA SEKSYEN 25, 40400 SHAH ALAM SELANGOR",85.10
X51006350763,raw_ocr,GL kandicRAFT & AILORING,unknown,"X9,JALANEANCIL.",unknown,GL HANDICRAFT & TAII ORING,09/04/2018,"19, JALAN KANCIL, OFF JALAN PUDU, 55100 KUALA LUMPUR MALAYSIA",104.00
X51006350763,raw_ocr_llm,Kandicraft & Tailoring,10/04/2018,"Off Jalan Pudu, 55100 Kuala Lumpur Malaysia",104.00,GL HANDICRAFT & TAII ORING,09/04/2018,"19, JALAN KANCIL, OFF JALAN PUDU, 55100 KUALA LUMPUR MALAYSIA",104.00
X51006350763,multimodal_ocr,1. Store Name: Ondangcraft & Tailoring (Jalandong),unknown,unknown,unknown,GL HANDICRAFT & TAII ORING,09/04/2018,"19, JALAN KANCIL, OFF JALAN PUDU, 55100 KUALA LUMPUR MALAYSIA",104.00
X51006350763,multimodal_ocr_llm,Ondangcraft & Tailoring,unknown,unknown,unknown,GL HANDICRAFT & TAII ORING,09/04/2018,"19, JALAN KANCIL, OFF JALAN PUDU, 55100 KUALA LUMPUR MALAYSIA",104.00
X51005444037,raw_ocr,Nandos,00-88-6555,"Unit G-13, Ground Floor , No,1","129,30",NANDO'S CHICKENLAND MALAYSIA SDN BHD,28 MAR 18,"UNIT G-13, GROUND FLOOR, NO.1 JLN KIARA, MONT KIARA 50480 KUALA LUMPUR",129.30
X51005444037,raw_ocr_llm,Nandos,28/03/2018,"Unit G-13, Ground Floor, No.1 JIn Kiara, Mont Kiara, 50480 Kuala Lumpur",129.30,NANDO'S CHICKENLAND MALAYSIA SDN BHD,28 MAR 18,"UNIT G-13, GROUND FLOOR, NO.1 JLN KIARA, MONT KIARA 50480 KUALA LUMPUR",129.30
X51005444037,multimodal_ocr,1. NANDO'S PAST MEAT CHEES Restaurant Malaysia - Looong Kwaan Street - 1st Floor - No 2,unknown,unknown,unknown,NANDO'S CHICKENLAND MALAYSIA SDN BHD,28 MAR 18,"UNIT G-13, GROUND FLOOR, NO.1 JLN KIARA, MONT KIARA 50480 KUALA LUMPUR",129.30
X51005444037,multimodal_ocr_llm,Nando's,unknown,"Lorong Kwaan Street, 1st Floor, No 2",unknown,NANDO'S CHICKENLAND MALAYSIA SDN BHD,28 MAR 18,"UNIT G-13, GROUND FLOOR, NO.1 JLN KIARA, MONT KIARA 50480 KUALA LUMPUR",129.30
X51008042792,raw_ocr,RESTORAN WAN SHENG,06-05-2018,002043319-W,unknown,RESTORAN WAN SHENG,06-05-2018,"NO.2, JALAN TEMENGGUNG 19/9, SEKSYEN 9, BANDAR MAHKOTA CHERAS, 43200 CHERAS, SELANGOR",5.00
X51008042792,raw_ocr_llm,Restoran Wan Sheng,06/05/2018,"No.2, Jalan Temerggung 19/9, Seksyen 9, Bandar Mahkota Cheras, Selangor, 43200 Cheras",5.00,RESTORAN WAN SHENG,06-05-2018,"NO.2, JALAN TEMENGGUNG 19/9, SEKSYEN 9, BANDAR MAHKOTA CHERAS, 43200 CHERAS, SELANGOR",5.00
X51008042792,multimodal_ocr,"Restaurant Wan Shen, No. 2, Jalan Tanjungan, Batu Cebu, Malaysia, 2013-2013, Sepak Takraw, Batu Cebu, Selangor, Indonesia, 12/22/2013, 10:00 am - 4:00 pm",12/22/2013,unknown,unknown,RESTORAN WAN SHENG,06-05-2018,"NO.2, JALAN TEMENGGUNG 19/9, SEKSYEN 9, BANDAR MAHKOTA CHERAS, 43200 CHERAS, SELANGOR",5.00
X51008042792,multimodal_ocr_llm,Restaurant Wan Shen,22/12/2013,"No. 2, Jalan Tanjungan, Batu Cebu",unknown,RESTORAN WAN SHENG,06-05-2018,"NO.2, JALAN TEMENGGUNG 19/9, SEKSYEN 9, BANDAR MAHKOTA CHERAS, 43200 CHERAS, SELANGOR",5.00
X51007339648,raw_ocr,Ccten ~,12/09/2017,'822737-X,30.00,AIK HUAT HARDWARE ENTERPRISE (SETIA ALAM) SDN BHD,12/09/2017,"NO. 17-G, JALAN SETIA INDAH (X) U13/X, SETIA ALAM, SEKSYEN U13, 40170 SHAH ALAM,",30.00
X51007339648,raw_ocr_llm,AIK HUAT HARDWARE ENTERPRISE,12/09/2017,"No. 40170, Setia Alam Seksyen U8, Shah Alam",30.00,AIK HUAT HARDWARE ENTERPRISE (SETIA ALAM) SDN BHD,12/09/2017,"NO. 17-G, JALAN SETIA INDAH (X) U13/X, SETIA ALAM, SEKSYEN U13, 40170 SHAH ALAM,",30.00
X51007339648,multimodal_ocr,1. Capaire - Exeter Hardware - Total Change Due - Itemized Receipt - Address - Date - Total - Itemized Receipt - Total - Itemized Receipt - Total - Itemized Receipt - Total - Itemized Receipt - Total - Itemized Receipt - Total - Itemized Receipt - Total - Itemized Receipt - Total - Itemized Receipt - Total - Itemized Receipt - Total - Itemized Receipt - Total - Itemized Receipt - Total - Itemized Receipt - Total - Itemized Receipt - Total - Itemized Receipt - Total - Itemized Receipt - Total - Itemized Receipt - Total - Itemized Receipt - Total - Itemized Receipt - Total - Itemized Receipt - Total - Itemized Receipt - Total - Itemized Receipt - Total - Itemized Receipt - Total - Itemized Receipt - Total - Itemized Receipt - Total - Itemized Receipt - Total - Itemized Receipt - Total - Itemized Receipt - Total - Itemized Receipt - Total - Itemized Receipt - Total - Itemized Receipt - Total - Itemized Receipt - Total - Itemized Receipt - Total - Itemized Receipt - Total - Itemized Receipt - Total - Itemized Receipt - Total - Itemized Receipt - Total - Itemized Receipt - Total - Itemized Receipt - Total - Itemized Receipt - Total - Itemized Receipt - Total - Itemized Receipt - Total - Itemized Receipt - Total - Itemized Receipt - Total - Itemized Receipt - Total - Itemized Receipt - Total - Itemized Receipt - Total - Itemized Receipt - Total - Itemized Receipt - Total - Itemized Receipt - Total - Itemized Receipt - Total - Itemized Receipt - Total - Itemized Receipt - Total - Itemized Receipt - Total - Itemized Receipt - Total - Itemized Receipt - Total - Itemized Receipt - Total - Itemized Receipt - Total - Itemized Receipt - Total - Itemized Receipt - Total - Itemized Receipt - Total - Itemized Receipt - Total - Itemized Receipt - Total - Itemized Receipt - Total - Itemized Receipt - Total - Itemized Receipt - Total - Itemized Receipt - Total - Itemized Receipt - Total - Itemized Receipt - Total - Itemized Receipt - Total - Itemized Receipt - Total - Itemized Receipt - Total - Itemized Receipt - Total - Itemized Receipt - Total - Itemized Receipt - Total - Itemized Receipt - Total - Itemized Receipt - Total - Itemized Receipt - Total - Itemized Receipt - Total - Itemized Receipt - Total - Itemized Receipt - Total - Itemized Receipt - Total - Itemized Receipt - Total - Itemized Receipt - Total - Itemized Receipt - Total - Itemized Receipt - Total - Itemized Receipt - Total - Itemized Receipt - Total - Itemized Receipt - Total - Itemized Receipt - Total - Itemized Receipt - Total - Itemized Receipt - Total - Itemized Receipt - Total - Itemized Receipt - Total - Itemized Receipt - Total - Itemized Receipt - Total - Itemized Receipt - Total - Itemized Receipt - Total - Itemized Receipt - Total - Itemized Receipt - Total - Itemized Receipt - Total - Itemized Receipt - Total - Itemized Receipt - Total - Itemized Receipt - Total - Itemized Receipt - Total - Itemized Receipt - Total - Itemized Receipt - Total - Itemized Receipt - Total - Itemized Receipt - Total - Itemized Receipt - Total - Itemized Receipt - Total - Itemized Receipt - Total - Itemized Receipt - Total - Itemized Receipt - Total - Itemized Receipt - Total - Itemized Receipt - Total - Itemized Receipt - Total - Itemized Receipt - Total - Itemized Receipt - Total - Itemized Receipt - Total - Itemized Receipt - Total - Itemized Receipt - Total - Itemized Receipt - Total - Itemized Receipt - Total - Itemized Receipt - Total - Itemized Receipt - Total - Itemized Receipt - Total - Itemized Receipt - Total - Itemized Receipt - Total - Itemized Receipt - Total - Itemized Receipt - Total - Itemized Receipt - Total - Itemized Receipt - Total - Itemized Receipt - Total - Itemized Receipt - Total - Itemized Receipt - Total - Itemized Receipt - Total - Itemized Receipt - Total - Itemized Receipt - Total - Itemized Receipt - Total - Itemized Receipt - Total - Itemized Receipt - Total - Itemized Receipt - Total - Itemized Receipt - Total - Itemized Receipt - Total - Itemized Receipt - Total - Itemized Receipt - Total - Itemized Receipt - Total - Itemized Receipt - Total - Itemized Receipt - Total - Itemized Receipt - Total - Itemized Receipt - Total - Itemized Receipt - Total - Itemized Receipt - Total - Itemized Receipt - Total - Itemized Receipt - Total - Itemized Receipt - Total - Itemized Receipt - Total - Itemized Receipt - Total - Itemized Receipt - Total - Itemized Receipt - Total - Itemized Receipt - Total - Itemized Receipt - Total - Itemized Receipt - Total - Itemized Receipt - Total - Itemized Receipt - Total - Itemized Receipt - Total - Itemized Receipt - Total - Itemized Receipt - Total - Itemized Receipt - Total - Itemized Receipt - Total - Itemized Receipt - Total - Itemized Receipt - Total - Itemized Receipt - Total - Itemized Receipt - Total - Itemized Receipt - Total - Item,unknown,unknown,unknown,AIK HUAT HARDWARE ENTERPRISE (SETIA ALAM) SDN BHD,12/09/2017,"NO. 17-G, JALAN SETIA INDAH (X) U13/X, SETIA ALAM, SEKSYEN U13, 40170 SHAH ALAM,",30.00
X51007339648,multimodal_ocr_llm,Capaire Exeter Hardware,unknown,unknown,0.00,AIK HUAT HARDWARE ENTERPRISE (SETIA ALAM) SDN BHD,12/09/2017,"NO. 17-G, JALAN SETIA INDAH (X) U13/X, SETIA ALAM, SEKSYEN U13, 40170 SHAH ALAM,",30.00
X51006008166,raw_ocr,Tax Invoice,14/01/2018,FLORISM DE ART (940075-X),750.00,FLORISM DE ART,14/01/2018,"LOT 2.70.00,LEVEL 2, PAVILION KUALA LUMPUR, 168, JALAN BUKIT BINTANG, 55100 KUALA LUMPUR, MALAYSIA.",750.00
X51006008166,raw_ocr_llm,Florism De Art,14/01/2018,"Level 2, Pavilion Kuala Lumpur, 168 Jalan Bukit Bintang, 55100 Kuala Lumpur, Malaysia",750.00,FLORISM DE ART,14/01/2018,"LOT 2.70.00,LEVEL 2, PAVILION KUALA LUMPUR, 168, JALAN BUKIT BINTANG, 55100 KUALA LUMPUR, MALAYSIA.",750.00
X51006008166,multimodal_ocr,1. Florism de Art (2010) xxx xxx xxx xxx xxx xxx xxx xxx xxx xxx xxx xxx xxx xxx xxx xxx xxx xxx xxx xxx xxx xxx xxx xxx xxx xxx xxx xxx xxx xxx xxx xxx xxx xxx xxx xxx xxx xxx xxx xxx xxx xxx xxx xxx xxx xxx xxx xxx xxx xxx xxx xxx xxx xxx xxx xxx xxx xxx xxx xxx xxx xxx xxx xxx xxx xxx xxx xxx xxx xxx xxx xxx xxx xxx xxx xxx xxx xxx xxx xxx xxx xxx xxx xxx xxx xxx xxx xxx xxx xxx xxx xxx xxx xxx xxx xxx xxx xxx xxx xxx xxx xxx xxx xxx xxx xxx xxx xxx xxx xxx xxx xxx xxx xxx xxx xxx xxx xxx xxx xxx xxx xxx xxx xxx xxx xxx xxx xxx xxx xxx xxx xxx xxx xxx xxx xxx xxx xxx xxx xxx xxx xxx xxx xxx xxx xxx xxx xxx xxx xxx xxx xxx xxx xxx xxx xxx xxx xxx xxx xxx xxx xxx xxx xxx xxx xxx xxx xxx xxx xxx xxx xxx xxx xxx xxx xxx xxx xxx xxx xxx xxx xxx xxx xxx xxx xxx xxx xxx xxx xxx xxx xxx xxx xxx xxx xxx xxx xxx xxx xxx xxx xxx xxx xxx xxx xxx xxx xxx xxx xxx xxx xxx xxx xxx xxx xxx xxx xxx xxx xxx xxx xxx xxx xxx xxx xxx xxx xxx xxx xxx xxx xxx xxx xxx xxx xxx xxx xxx xxx xxx xxx xxx xxx xxx xxx xxx xxx xxx xxx xxx xxx xxx xxx xxx xxx xxx xxx xxx xxx xxx xxx xxx xxx xxx xxx xxx xxx xxx xxx xxx xxx xxx xxx xxx xxx xxx xxx xxx xxx xxx xxx xxx xxx xxx xxx xxx xxx xxx xxx xxx xxx xxx xxx xxx xxx xxx xxx xxx xxx xxx xxx xxx xxx xxx xxx xxx xxx xxx xxx xxx xxx xxx xxx xxx xxx xxx xxx xxx xxx xxx xxx xxx xxx xxx xxx xxx xxx xxx xxx xxx xxx xxx xxx xxx xxx xxx xxx xxx xxx xxx xxx xxx xxx xxx xxx xxx xxx xxx xxx xxx xxx xxx xxx xxx xxx xxx xxx xxx xxx xxx xxx xxx xxx xxx xxx xxx xxx xxx xxx xxx xxx xxx xxx xxx xxx xxx xxx xxx xxx xxx xxx xxx xxx xxx xxx xxx xxx xxx xxx xxx xxx xxx xxx xxx xxx xxx xxx xxx xxx xxx xxx xxx xxx xxx xxx xxx xxx xxx xxx xxx xxx xxx xxx xxx xxx xxx xxx xxx xxx xxx xxx xxx xxx xxx xxx xxx xxx xxx xxx xxx xxx xxx xxx xxx xxx xxx xxx xxx xxx xxx xxx xxx xxx xxx xxx xxx xxx xxx xxx xxx xxx xxx xxx xxx xxx xxx xxx xxx xxx xxx xxx xxx xxx xxx xxx xxx xxx xxx xxx xxx xxx xxx xxx xxx xxx xxx xxx xxx xxx xxx xxx xxx xxx xxx xxx xxx xxx xxx xxx xxx xxx xxx xxx xxx xxx xxx xxx xxx xxx xxx xxx xxx xxx xxx xxx xxx xxx xxx xxx xxx xxx xxx xxx xxx xxx xxx xxx xxx xxx xxx xxx xxx xxx xxx xxx xxx xxx xxx xxx xxx xxx xxx xxx xxx xxx xxx xxx xxx xxx xxx xxx xxx xxx xxx xxx xxx xxx xxx xxx xxx xxx xxx xxx xxx xxx xxx xxx xxx xxx xxx xxx xxx xxx xxx xxx xxx xxx xxx xxx xxx xxx xxx xxx xxx xxx xxx xxx xxx xxx xxx xxx xxx xxx xxx xxx xxx xxx xxx xxx xxx xxx xxx xxx xxx xxx xxx xxx xxx xxx xxx xxx xxx xxx xxx xxx xxx xxx xxx xxx xxx xxx xxx xxx xxx xxx xxx xxx xxx xxx xxx x,unknown,unknown,unknown,FLORISM DE ART,14/01/2018,"LOT 2.70.00,LEVEL 2, PAVILION KUALA LUMPUR, 168, JALAN BUKIT BINTANG, 55100 KUALA LUMPUR, MALAYSIA.",750.00
X51006008166,multimodal_ocr_llm,Florism de Art,01/01/2010,unknown,1234.56,FLORISM DE ART,14/01/2018,"LOT 2.70.00,LEVEL 2, PAVILION KUALA LUMPUR, 168, JALAN BUKIT BINTANG, 55100 KUALA LUMPUR, MALAYSIA.",750.00
X51005722668,raw_ocr,MY HAPPY PHARMACY PLT,01/02/2018,(LLP0007299-LGN),1.16,MY HAPPY PHARMACY PLT,01/02/2018,"NO 12 GF, JALAN MAMANDA 5, TAMAN DATO AHMAD RAZALI, JALAN AMPANG, 68000 AMPANG, SELANGOR.",20.50
X51005722668,raw_ocr_llm,My Happy Pharmacy PLT,01/02/2018,"12 GF Jalan Mamanda 5, Taman Dato' Ahmad Razali, Jalan Ampang, 68000 Ampang, Selangor",20.50,MY HAPPY PHARMACY PLT,01/02/2018,"NO 12 GF, JALAN MAMANDA 5, TAMAN DATO AHMAD RAZALI, JALAN AMPANG, 68000 AMPANG, SELANGOR.",20.50
X51005722668,multimodal_ocr,1. My happy pharmacy pt. (My happy pharmacy pln.),unknown,2. Nc008038bgr. (No. of the account),unknown,MY HAPPY PHARMACY PLT,01/02/2018,"NO 12 GF, JALAN MAMANDA 5, TAMAN DATO AHMAD RAZALI, JALAN AMPANG, 68000 AMPANG, SELANGOR.",20.50
X51005722668,multimodal_ocr_llm,My Happy Pharmacy,unknown,unknown,39.40,MY HAPPY PHARMACY PLT,01/02/2018,"NO 12 GF, JALAN MAMANDA 5, TAMAN DATO AHMAD RAZALI, JALAN AMPANG, 68000 AMPANG, SELANGOR.",20.50
X51005719862,raw_ocr,79 SPEED MarT 5/8 (519537-X),03-02-18,"2811, JalAN ANGSA,",unknown,99 SPEED MART S/B,03-02-18,"LOT P. T. 2811, JALAN ANGSA, TAMAN BERKELEY 41150 KLANG, SELANGOR 1934-LAMAN RIMBUNAN",3.70
X51005719862,raw_ocr_llm,Speed Mart,03/02/18,"Lot P.Te, 2811 JalAN ANGSA, TAMAN BERKELEY 41150 KLANG, SELANGOR",3.70,99 SPEED MART S/B,03-02-18,"LOT P. T. 2811, JALAN ANGSA, TAMAN BERKELEY 41150 KLANG, SELANGOR 1934-LAMAN RIMBUNAN",3.70
X51005719862,multimodal_ocr,Speed Mart 598/9/1937 XU XU XU XU XU XU XU XU XU XU XU XU XU XU XU XU XU XU XU XU XU XU XU XU XU XU XU XU XU XU XU XU XU XU XU XU XU XU XU XU XU XU XU XU XU XU XU XU XU XU XU XU XU XU XU XU XU XU XU XU XU XU XU XU XU XU XU XU XU XU XU XU XU XU XU XU XU XU XU XU XU XU XU XU XU XU XU XU XU XU XU XU XU XU XU XU XU XU XU XU XU XU XU XU XU XU XU XU XU XU XU XU XU XU XU XU XU XU XU XU XU XU XU XU XU XU XU XU XU XU XU XU XU XU XU XU XU XU XU XU XU XU XU XU XU XU XU XU XU XU XU XU XU XU XU XU XU XU XU XU XU XU XU XU XU XU XU XU XU XU XU XU XU XU XU XU XU XU XU XU XU XU XU XU XU XU XU XU XU XU XU XU XU XU XU XU XU XU XU XU XU XU XU XU XU XU XU XU XU XU XU XU XU XU XU XU XU XU XU XU XU XU XU XU XU XU XU XU XU XU XU XU XU XU XU XU XU XU XU XU XU XU XU XU XU XU XU XU XU XU XU XU XU XU XU XU XU XU XU XU XU XU XU XU XU XU XU XU XU XU XU XU XU XU XU XU XU XU XU XU XU XU XU XU XU XU XU XU XU XU XU XU XU XU XU XU XU XU XU XU XU XU XU XU XU XU XU XU XU XU XU XU XU XU XU XU XU XU XU XU XU XU XU XU XU XU XU XU XU XU XU XU XU XU XU XU XU XU XU XU XU XU XU XU XU XU XU XU XU XU XU XU XU XU XU XU XU XU XU XU XU XU XU XU XU XU XU XU XU XU XU XU XU XU XU XU XU XU XU XU XU XU XU XU XU XU XU XU XU XU XU XU XU XU XU XU XU XU XU XU XU XU XU XU XU XU XU XU XU XU XU XU XU XU XU XU XU XU XU XU XU XU XU XU XU XU XU XU XU XU XU XU XU XU XU XU XU XU XU XU XU XU XU XU XU XU XU XU XU XU XU XU XU XU XU XU XU XU XU XU XU XU XU XU XU XU XU XU XU XU XU XU XU XU XU XU XU XU XU XU XU XU XU XU XU XU XU XU XU XU XU XU XU XU XU XU XU XU XU XU XU XU XU XU XU XU XU XU XU XU XU XU XU XU XU XU XU XU XU XU XU XU XU XU XU XU XU XU XU XU XU XU XU XU XU XU XU XU XU XU XU XU XU XU XU XU XU XU XU XU XU XU XU XU XU XU XU XU XU XU XU XU XU XU XU XU XU XU XU XU XU XU XU XU XU XU XU XU XU XU XU XU XU XU XU XU XU XU XU XU XU XU XU XU XU XU XU XU XU XU XU XU XU XU XU XU XU XU XU XU XU XU XU XU XU XU XU XU XU XU X,98/9/1937,unknown,unknown,99 SPEED MART S/B,03-02-18,"LOT P. T. 2811, JALAN ANGSA, TAMAN BERKELEY 41150 KLANG, SELANGOR 1934-LAMAN RIMBUNAN",3.70
X51005719862,multimodal_ocr_llm,Speed Mart,09/03/1937,XU XU,0.00,99 SPEED MART S/B,03-02-18,"LOT P. T. 2811, JALAN ANGSA, TAMAN BERKELEY 41150 KLANG, SELANGOR 1934-LAMAN RIMBUNAN",3.70
X51005719889,raw_ocr,HENG,04/01/2018,N031,unknown,HENG KEE DELIGHTS BAK KUT TEH.,04/01/2018,"NO31 , JALAN 3/62A , BANDAR MENJALARA KEPONG. 52100 KUALA LUMPUR",42.00
X51005719889,raw_ocr_llm,Heng Kee Delight S Bak Kut Teh,04/01/2018,"Jalan 3/62A, Bandar MZNjalarajah, Kepong, 52100 Kuala Lumpur",42.00,HENG KEE DELIGHTS BAK KUT TEH.,04/01/2018,"NO31 , JALAN 3/62A , BANDAR MENJALARA KEPONG. 52100 KUALA LUMPUR",42.00
X51005719889,multimodal_ocr,1. Heng Deli's Bar & Restaurant - Bandasan Terrace - Bandung - Kuala Lumpur - Dengan Barang Syariah - Tanjung Payuk - Tanjung Payuk - Tanjung Payuk - Tanjung Payuk - Tanjung Payuk - Tanjung Payuk - Tanjung Payuk - Tanjung Payuk - Tanjung Payuk - Tanjung Payuk - Tanjung Payuk - Tanjung Payuk - Tanjung Payuk - Tanjung Payuk - Tanjung Payuk - Tanjung Payuk - Tanjung Payuk - Tanjung Payuk - Tanjung Payuk - Tanjung Payuk - Tanjung Payuk - Tanjung Payuk - Tanjung Payuk - Tanjung Payuk - Tanjung Payuk - Tanjung Payuk - Tanjung Payuk - Tanjung Payuk - Tanjung Payuk - Tanjung Payuk - Tanjung Payuk - Tanjung Payuk - Tanjung Payuk - Tanjung Payuk - Tanjung Payuk - Tanjung Payuk - Tanjung Payuk - Tanjung Payuk - Tanjung Payuk - Tanjung Payuk - Tanjung Payuk - Tanjung Payuk - Tanjung Payuk - Tanjung Payuk - Tanjung Payuk - Tanjung Payuk - Tanjung Payuk - Tanjung Payuk - Tanjung Payuk - Tanjung Payuk - Tanjung Payuk - Tanjung Payuk - Tanjung Payuk - Tanjung Payuk - Tanjung Payuk - Tanjung Payuk - Tanjung Payuk - Tanjung Payuk - Tanjung Payuk - Tanjung Payuk - Tanjung Payuk - Tanjung Payuk - Tanjung Payuk - Tanjung Payuk - Tanjung Payuk - Tanjung Payuk - Tanjung Payuk - Tanjung Payuk - Tanjung Payuk - Tanjung Payuk - Tanjung Payuk - Tanjung Payuk - Tanjung Payuk - Tanjung Payuk - Tanjung Payuk - Tanjung Payuk - Tanjung Payuk - Tanjung Payuk - Tanjung Payuk - Tanjung Payuk - Tanjung Payuk - Tanjung Payuk - Tanjung Payuk - Tanjung Payuk - Tanjung Payuk - Tanjung Payuk - Tanjung Payuk - Tanjung Payuk - Tanjung Payuk - Tanjung Payuk - Tanjung Payuk - Tanjung Payuk - Tanjung Payuk - Tanjung Payuk - Tanjung Payuk - Tanjung Payuk - Tanjung Payuk - Tanjung Payuk - Tanjung Payuk - Tanjung Payuk - Tanjung Payuk - Tanjung Payuk - Tanjung Payuk - Tanjung Payuk - Tanjung Payuk - Tanjung Payuk - Tanjung Payuk - Tanjung Payuk - Tanjung Payuk - Tanjung Payuk - Tanjung Payuk - Tanjung Payuk - Tanjung Payuk - Tanjung Payuk - Tanjung Payuk - Tanjung Payuk - Tanjung Payuk - Tanjung Payuk - Tanjung Payuk - Tanjung Payuk - Tanjung Payuk - Tanjung Payuk - Tanjung Payuk - Tanjung Payuk - Tanjung Payuk - Tanjung Payuk - Tanjung Payuk - Tanjung Payuk - Tanjung Payuk - Tanjung Payuk - Tanjung Payuk - Tanjung Payuk - Tanjung Payuk - Tanjung Payuk - Tanjung Payuk - Tanjung Payuk - Tanjung Payuk - Tanjung Payuk - Tanjung Payuk - Tanjung Payuk - Tanjung Payuk - Tanjung Payuk - Tanjung Payuk - Tanjung Payuk - Tanjung Payuk - Tanjung Payuk - Tanjung Payuk - Tanjung Payuk - Tanjung Payuk - Tanjung Payuk - Tanjung Payuk - Tanjung Payuk - Tanjung Payuk - Tanjung Payuk - Tanjung Payuk - Tanjung Payuk - Tanjung Payuk - Tanjung Payuk - Tanjung Payuk - Tanjung Payuk - Tanjung Payuk - Tanjung Payuk - Tanjung Payuk - Tanjung Payuk - Tanjung Payuk - Tanjung Payuk - Tanjung Payuk - Tanjung Payuk - Tanjung Payuk - Tanjung Payuk - Tanjung Payuk - Tanjung Payuk - Tanjung Payuk - Tanjung Payuk - Tanjung Payuk - Tanjung Payuk - Tanjung Payuk - Tanjung Payuk - Tanjung Payuk - Tanjung Payuk - Tanjung Payuk - Tanjung Payuk - Tanjung Payuk - Tanjung Payuk - Tanjung Payuk - Tanjung Payuk - Tanjung Payuk - Tanjung Payuk - Tanjung Payuk - Tanjung Payuk - Tanjung Payuk - Tanjung Payuk - Tanjung Payuk - Tanjung Payuk - Tanjung Payuk - Tanjung Payuk - Tanjung Payuk - Tanjung Payuk - Tanjung Payuk - Tanjung Payuk - Tanjung Payuk - Tanjung Payuk - Tanjung Payuk - Tan,unknown,unknown,unknown,HENG KEE DELIGHTS BAK KUT TEH.,04/01/2018,"NO31 , JALAN 3/62A , BANDAR MENJALARA KEPONG. 52100 KUALA LUMPUR",42.00
X51005719889,multimodal_ocr_llm,Heng Deli's Bar & Restaurant,unknown,"Bandasan Terrace, Bandung, Kuala Lumpur",unknown,HENG KEE DELIGHTS BAK KUT TEH.,04/01/2018,"NO31 , JALAN 3/62A , BANDAR MENJALARA KEPONG. 52100 KUALA LUMPUR",42.00
X51006913007,raw_ocr,"AEON CO , (M) BHD (128928-H)",27/05/2018,"3RD FLR , AEON  TAMAN MALURI SC",unknown,AEON CO. (M) BHD,27/05/2018,"3RD FLR, AEON TAMAN MALURI SC JLN JEJAKA, TAMAN MALURI CHERAS, 55100 KUALA LUMPUR",99.90
X51006913007,raw_ocr_llm,"AEON CO., (M) BHD",27/05/2018,"JLN JEJAKA, TAMAN MALURI, CHERAS, 55100 KUALA LUMPUR",99.90,AEON CO. (M) BHD,27/05/2018,"3RD FLR, AEON TAMAN MALURI SC JLN JEJAKA, TAMAN MALURI CHERAS, 55100 KUALA LUMPUR",99.90
X51006913007,multimodal_ocr,1. John Smith - Inc. - Florida - 9/1/2013 - 10/31/2013 - $2.00 - $2.25 - $2.75 - $2.85,9/1/2013,unknown,unknown,AEON CO. (M) BHD,27/05/2018,"3RD FLR, AEON TAMAN MALURI SC JLN JEJAKA, TAMAN MALURI CHERAS, 55100 KUALA LUMPUR",99.90
X51006913007,multimodal_ocr_llm,John Smith - Inc.,09/01/2013,Florida,2.00,AEON CO. (M) BHD,27/05/2018,"3RD FLR, AEON TAMAN MALURI SC JLN JEJAKA, TAMAN MALURI CHERAS, 55100 KUALA LUMPUR",99.90
X51005568895,raw_ocr,VIVOPAC MARKETING SDN BHD (1070687-M),13/09/2017,14 JALAN MANIS 4 TAMAN SEGAR 56100 KL,52.45,VIVOPAC MARKETING SDN BHD,13/09/2017,14 JALAN MANIS 4 TAMAN SEGAR 56100 KL,52.45
X51005568895,raw_ocr_llm,Vivopac Marketing Sdn Bhd,13/09/2017,"14 Jalan Manis 4, Taman Segar, 56100 KL",52.45,VIVOPAC MARKETING SDN BHD,13/09/2017,14 JALAN MANIS 4 TAMAN SEGAR 56100 KL,52.45
X51005568895,multimodal_ocr,"Vooacic Marketing Signing Tanasan Borneo, Malaysia - Tax Invoice",unknown,unknown,unknown,VIVOPAC MARKETING SDN BHD,13/09/2017,14 JALAN MANIS 4 TAMAN SEGAR 56100 KL,52.45
X51005568895,multimodal_ocr_llm,VOOACIC MARKETING,unknown,"Tanasan, Borneo, Malaysia",unknown,VIVOPAC MARKETING SDN BHD,13/09/2017,14 JALAN MANIS 4 TAMAN SEGAR 56100 KL,52.45
X51005746204,raw_ocr,(Q,unknown,"No.49, Jaiai @ Ivar G U3 ,",308.70,BEMED (SP) SDN BHD.,27/MAR/2018,"NO.49, JALAN DLNARG U3/G, SUBANG PERDANA, 40150 SHAH ALAM, SELANGOR D.E.",308.70
X51005746204,raw_ocr_llm,BERED (SP) SDN BHD,27/03/2018,"No.49, Jalan Ivar G U3, Sibuig Perdaia, 40150 Selangor @ Bigor DE.",308.70,BEMED (SP) SDN BHD.,27/MAR/2018,"NO.49, JALAN DLNARG U3/G, SUBANG PERDANA, 40150 SHAH ALAM, SELANGOR D.E.",308.70
X51005746204,multimodal_ocr,PENANG SELUAN PENANG SELUAN PENANG SELUAN PENANG SELUAN PENANG SELUAN PENANG SELUAN PENANG SELUAN PENANG SELUAN PENANG SELUAN PENANG SELUAN PENANG SELUAN PENANG SELUAN PENANG SELUAN PENANG SELUAN PENANG SELUAN PENANG SELUAN PENANG SELUAN PENANG SELUAN PENANG SELUAN PENANG SELUAN PENANG SELUAN PENANG SELUAN PENANG SELUAN PENANG SELUAN PENANG SELUAN PENANG SELUAN PENANG SELUAN PENANG SELUAN PENANG SELUAN PENANG SELUAN PENANG SELUAN PENANG SELUAN PENANG SELUAN PENANG SELUAN PENANG SELUAN PENANG SELUAN PENANG SELUAN PENANG SELUAN PENANG SELUAN PENANG SELUAN PENANG SELUAN PENANG SELUAN PENANG SELUAN PENANG SELUAN PENANG SELUAN PENANG SELUAN PENANG SELUAN PENANG SELUAN PENANG SELUAN PENANG SELUAN PENANG SELUAN PENANG SELUAN PENANG SELUAN PENANG SELUAN PENANG SELUAN PENANG SELUAN PENANG SELUAN PENANG SELUAN PENANG SELUAN PENANG SELUAN PENANG SELUAN PENANG SELUAN PENANG SELUAN PENANG SELUAN PENANG SELUAN PENANG SELUAN PENANG SELUAN PENANG SELUAN PENANG SELUAN PENANG SELUAN PENANG SELUAN PENANG SELUAN PENANG SELUAN PENANG SELUAN PENANG SELUAN PENANG SELUAN PENANG SELUAN PENANG SELUAN PENANG SELUAN PENANG SELUAN PENANG SELUAN PENANG SELUAN PENANG SELUAN PENANG SELUAN PENANG SELUAN PENANG SELUAN PENANG SELUAN PENANG SELUAN PENANG SELUAN PENANG SELUAN PENANG SELUAN PENANG SELUAN PENANG SELUAN PENANG SELUAN PENANG SELUAN PENANG SELUAN PENANG SELUAN PENANG SELUAN PENANG SELUAN PENANG SELUAN PENANG SELUAN PENANG SELUAN PENANG SELUAN PENANG SELUAN PENANG SELUAN PENANG SELUAN PENANG SELUAN PENANG SELUAN PENANG SELUAN PENANG SELUAN PENANG SELUAN PENANG SELUAN PENANG SELUAN PENANG SELUAN PENANG SELUAN PENANG SELUAN PENANG SELUAN PENANG SELUAN PENANG SELUAN PENANG SELUAN PENANG SELUAN PENANG SELUAN PENANG SELUAN PENANG SELUAN PENANG SELUAN PENANG SELUAN PENANG SELUAN PENANG SELUAN PENANG SELUAN PENANG SELUAN PENANG SELUAN PENANG SELUAN PENANG SELUAN PENANG SELUAN PENANG SELUAN PENANG SELUAN PENANG SELUAN PENANG SELUAN PENANG SELUAN PENANG SELUAN PENANG SELUAN PENANG SELUAN PENANG SELUAN PENANG SELUAN PENANG SELUAN PENANG SELUAN PENANG SELUAN PENANG SELUAN PENANG SELUAN PENANG SELUAN PENANG SELUAN PENANG SELUAN PENANG SELUAN PENANG SELUAN PENANG SELUAN PENANG SELUAN PENANG SELUAN PENANG SELUAN PENANG SELUAN PENANG SELUAN PENANG SELUAN PENANG SELUAN PENANG SELUAN PENANG SELUAN PENANG SELUAN PENANG SELUAN PENANG SELUAN PENANG SELUAN PENANG SELUAN PENANG SELUAN PENANG SELUAN PENANG SELUAN PENANG SELUAN PENANG SELUAN PENANG SELUAN PENANG SELUAN PENANG SELUAN PENANG SELUAN PENANG S,unknown,unknown,unknown,BEMED (SP) SDN BHD.,27/MAR/2018,"NO.49, JALAN DLNARG U3/G, SUBANG PERDANA, 40150 SHAH ALAM, SELANGOR D.E.",308.70
X51005746204,multimodal_ocr_llm,Penang Seluan,unknown,unknown,unknown,BEMED (SP) SDN BHD.,27/MAR/2018,"NO.49, JALAN DLNARG U3/G, SUBANG PERDANA, 40150 SHAH ALAM, SELANGOR D.E.",308.70
X51006334770,raw_ocr,s&y STATIONERY,unknown,(002050590-H),unknown,S&Y STATIONERY,09-JAN-2017,"NO.36G JALAN BULAN BM U5/BM, BANDAR PINGGIRAN SUBANG, SEKSYEN U5, 40150 SHAH ALAM, SELANGOR.",1.40
X51006334770,raw_ocr_llm,s&y Stationery,01/Jan/2017,"No. 36G Jalan Bulan BM U5/BM, Bandar Pinggi Ran Subang, Seksyen U5, 40150 Shah Alam, Selangor.",48.60,S&Y STATIONERY,09-JAN-2017,"NO.36G JALAN BULAN BM U5/BM, BANDAR PINGGIRAN SUBANG, SEKSYEN U5, 40150 SHAH ALAM, SELANGOR.",1.40
X51006334770,multimodal_ocr,1-4400,unknown,unknown,unknown,S&Y STATIONERY,09-JAN-2017,"NO.36G JALAN BULAN BM U5/BM, BANDAR PINGGIRAN SUBANG, SEKSYEN U5, 40150 SHAH ALAM, SELANGOR.",1.40
X51006334770,multimodal_ocr_llm,unknown,unknown,unknown,14400.00,S&Y STATIONERY,09-JAN-2017,"NO.36G JALAN BULAN BM U5/BM, BANDAR PINGGIRAN SUBANG, SEKSYEN U5, 40150 SHAH ALAM, SELANGOR.",1.40
X51006414671,raw_ocr,0,unknown,4olb,9.90,UNIHAKKA INTERNATIONAL SDN BHD,19 APR 2018,"12, JALAN TAMPOI 7/4,KAWASAN PERINDUSTRIAN TAMPOI,81200 JOHOR BAHRU,JOHOR",$9.90
X51006414671,raw_ocr_llm,Unihakka International Sdn Bhd,19/04/2018,"12, Jalan Tampoi, Kawasan Perindustrian, Tampoi, 81200 Johor Bahru, Johor",9.90,UNIHAKKA INTERNATIONAL SDN BHD,19 APR 2018,"12, JALAN TAMPOI 7/4,KAWASAN PERINDUSTRIAN TAMPOI,81200 JOHOR BAHRU,JOHOR",$9.90
X51006414671,multimodal_ocr,1. Llanas de servicio de servicios de servicios de servicios de servicios de servicios de servicios de servicios de servicios de servicios de servicios de servicios de servicios de servicios de servicios de servicios de servicios de servicios de servicios de servicios de servicios de servicios de servicios de servicios de servicios de servicios de servicios de servicios de servicios de servicios de servicios de servicios de servicios de servicios de servicios de servicios de servicios de servicios de servicios de servicios de servicios de servicios de servicios de servicios de servicios de servicios de servicios de servicios de servicios de servicios de servicios de servicios de servicios de servicios de servicios de servicios de servicios de servicios de servicios de servicios de servicios de servicios de servicios de servicios de servicios de servicios de servicios de servicios de servicios de servicios de servicios de servicios de servicios de servicios de servicios de servicios de servicios de servicios de servicios de servicios de servicios de servicios de servicios de servicios de servicios de servicios de servicios de servicios de servicios de servicios de servicios de servicios de servicios de servicios de servicios de servicios de servicios de servicios de servicios de servicios de servicios de servicios de servicios de servicios de servicios de servicios de servicios de servicios de servicios de servicios de servicios de servicios de servicios de servicios de servicios de servicios de servicios de servicios de servicios de servicios de servicios de servicios de servicios de servicios de servicios de servicios de servicios de servicios de servicios de servicios de servicios de servicios de servicios de servicios de servicios de servicios de servicios de servicios de servicios de servicios de servicios de servicios de servicios de servicios de servicios de servicemenos de servicios de servicios de servicios de servicios de servicios de servicios de servicios de servicios de servicios de servicios de servicios de servicios de servicios de servicios de servicios de servicios de servicios de servicios de servicios de servicios de servicios de servicios de servicios de servicios de servicios de servicios de servicios de servicios de servicios de servicios de servicios de servicios de servicios de servicios de servicios de servicios de servicios de servicios de servicios de servicios de servicios de servicios de servicios de servicios de servicios de servicios de servicios de servicios de servicios de servicios de servicios de servicios de servicios de servicios de servicios de servicios de servicios de servicios de servicios de servicios de servicios de servicios de servicemenos de servicios de servicios de servicios de servicios de servicios de servicios de servicios de servicios de servicios de servicios de servicios de servicios de servicios de servicios de servicios de servicios de servicios de servicios de servicios de servicios de servicios de servicemenos de servicios de servicios de servicios de servicians de servicios de servicios de serviciers de servicemenos de servicios de servicios de servicios de servicios de servicios de servicemenos de servicios de servicies de servicemios de servicemenos de servicios de servicemenos de servicios de servicemenos de servicios de servicemenos de servicios de servicemenos de servicios de servicemenos de servicios de servicemenos de servicios de servicios de servicemenos de servicios de servicemenos de servicios de servicemenos de servicios de servicemenos de servicios de servicemenos de servicios de servicemenos de servicios de servicios de servicemenos de servicios de servicios de servicemenos de servicios de servicios de servicemenos de servicios de servicios de servicios de servicemenos de servicios de servicios de servicios de servicios de servicios de servicios de servicios de servicios de servicios de servicios de servicios de servicios de servicios de servicios de servicios de servicios de servicios de servicios de servicios de servicios de servicios de servicemenos de servicios de servicios de servicios de servicemenos de servicios de servicios de servicios de servicemenos de servicios de servicios de servicios de servicemenos de servicios de servicios de servicios de servicios de servicios de servicemenos de servicios de servicios de servicios de servicemenos de servicios de servicios de servicemenos de servicios de servicios de servicios de servicios de servicios de servicios de servicemenos de servicios de servicios de servicemenos de servicios de servicemenos de servicios de servicemenos de servicios de servicemenos de servicios de servicemenos de servicios de servicemenos de servicios de servicios de servicemenos de servicios de servicios de servicemenos de servicios de servicios de servicemenos de servicios de servicemenos de servicios de servicemenos de servicios de servicemenos de servicios de servicemenos de servicios de servicemenos de servicios de servicemenos de servicios de servicemenos de servicios de servicemenos de servicios de servicemenos de servicios de servicemenos de servicemenos de servicios de servicemenos de servicemenos de servicios de servicemenos de servicemenos de servicios de servicemenos de servicemenos de servicios de servicemenos de servic,unknown,unknown,unknown,UNIHAKKA INTERNATIONAL SDN BHD,19 APR 2018,"12, JALAN TAMPOI 7/4,KAWASAN PERINDUSTRIAN TAMPOI,81200 JOHOR BAHRU,JOHOR",$9.90
X51006414671,multimodal_ocr_llm,Servicios Llanas,15/02/2023,"Calle Primera, #123, Ciudad de México",142.50,UNIHAKKA INTERNATIONAL SDN BHD,19 APR 2018,"12, JALAN TAMPOI 7/4,KAWASAN PERINDUSTRIAN TAMPOI,81200 JOHOR BAHRU,JOHOR",$9.90
X51008123447,raw_ocr,Dion Rea]ties Sdn Bhd (Co. Ho;20154-T),28/05/18,000850247680),unknown,DION REALTIES SDN BHD,28/05/18,"MENARA DION #02-03, LEVEL 2, 27, JALAN SULTAN ISMAIL, 50250 KUALA LUMPUR.",5.00
X51008123447,raw_ocr_llm,Dion Rea]ties Sdn Bhd,28/05/18,"Kenara Diqn #02-03, Leveh 2, Jelan Sultan Isnajl, 50250 Kuala Lumpur",10.00,DION REALTIES SDN BHD,28/05/18,"MENARA DION #02-03, LEVEL 2, 27, JALAN SULTAN ISMAIL, 50250 KUALA LUMPUR.",5.00
X51008123447,multimodal_ocr,From: Onnur Reza Atanlidin. Tan Sri Dato' Najatul Diti Jalan Tan Sri Rama Pernell Tan Sri Tan Sri Tan Sri Tan Sri Tan Sri Tan Sri Tan Sri Tan Sri Tan Sri Tan Sri Tan Sri Tan Sri Tan Sri Tan Sri Tan Sri Tan Sri Tan Sri Tan Sri Tan Sri Tan Sri Tan Sri Tan Sri Tan Sri Tan Sri Tan Sri Tan Sri Tan Sri Tan Sri Tan Sri Tan Sri Tan Sri Tan Sri Tan Sri Tan Sri Tan Sri Tan Sri Tan Sri Tan Sri Tan Sri Tan Sri Tan Sri Tan Sri Tan Sri Tan Sri Tan Sri Tan Sri Tan Sri Tan Sri Tan Sri Tan Sri Tan Sri Tan Sri Tan Sri Tan Sri Tan Sri Tan Sri Tan Sri Tan Sri Tan Sri Tan Sri Tan Sri Tan Sri Tan Sri Tan Sri Tan Sri Tan Sri Tan Sri Tan Sri Tan Sri Tan Sri Tan Sri Tan Sri Tan Sri Tan Sri Tan Sri Tan Sri Tan Sri Tan Sri Tan Sri Tan Sri Tan Sri Tan Sri Tan Sri Tan Sri Tan Sri Tan Sri Tan Sri Tan Sri Tan Sri Tan Sri Tan Sri Tan Sri Tan Sri Tan Sri Tan Sri Tan Sri Tan Sri Tan Sri Tan Sri Tan Sri Tan Sri Tan Sri Tan Sri Tan Sri Tan Sri Tan Sri Tan Sri Tan Sri Tan Sri Tan Sri Tan Sri Tan Sri Tan Sri Tan Sri Tan Sri Tan Sri Tan Sri Tan Sri Tan Sri Tan Sri Tan Sri Tan Sri Tan Sri Tan Sri Tan Sri Tan Sri Tan Sri Tan Sri Tan Sri Tan Sri Tan Sri Tan Sri Tan Sri Tan Sri Tan Sri Tan Sri Tan Sri Tan Sri Tan Sri Tan Sri Tan Sri Tan Sri Tan Sri Tan Sri Tan Sri Tan Sri Tan Sri Tan Sri Tan Sri Tan Sri Tan Sri Tan Sri Tan Sri Tan Sri Tan Sri Tan Sri Tan Sri Tan Sri Tan Sri Tan Sri Tan Sri Tan Sri Tan Sri Tan Sri Tan Sri Lanka,unknown,unknown,unknown,DION REALTIES SDN BHD,28/05/18,"MENARA DION #02-03, LEVEL 2, 27, JALAN SULTAN ISMAIL, 50250 KUALA LUMPUR.",5.00
X51008123447,multimodal_ocr_llm,Onnur Reza Atanlidin,unknown,"Jalan Tan Sri Rama Pernell, Tan Sri Najatul Diti, Malaysia",unknown,DION REALTIES SDN BHD,28/05/18,"MENARA DION #02-03, LEVEL 2, 27, JALAN SULTAN ISMAIL, 50250 KUALA LUMPUR.",5.00
X51006556828,raw_ocr,GAKDAMIA BAKKKIES (KLSDN KlID) {439386 X),25/09/2017,"L.0t $,","36,55",GARDENIA BAKERIES (KL) SDN BHD,25/09/2017,"LOT 3, JALAN PELABUR 23/1, 40300 SHAH ALAM, SELANGOR.",36.55
X51006556828,raw_ocr_llm,MAKASSAR Fresh Market SDN Bhd,25/09/2017,"GROUND FI OOk, NO. JALAN Ss 15/ 46, 47500 SUBANG, JaYA SELANGOR",36.55,GARDENIA BAKERIES (KL) SDN BHD,25/09/2017,"LOT 3, JALAN PELABUR 23/1, 40300 SHAH ALAM, SELANGOR.",36.55
X51006556828,multimodal_ocr,1. Gardena Bakeries of Sarawak ltd. (2025) XI  Sarawak Alang  Sarawak Alang  Sarawak Alang  Sarawak Alang  Sarawak Alang  Sarawak Alang  Sarawak Alang  Sarawak Alang  Sarawak Alang  Sarawak Alang  Sarawak Alang  Sarawak Alang  Sarawak Alang  Sarawak Alang  Sarawak Alang  Sarawak Alang  Sarawak Alang  Sarawak Alang  Sarawak Alang  Sarawak Alang  Sarawak Alang  Sarawak Alang  Sarawak Alang  Sarawak Alang  Sarawak Alang  Sarawak Alang  Sarawak Alang  Sarawak Alang  Sarawak Alang  Sarawak Alang  Sarawak Alang  Sarawak Alang  Sarawak Alang  Sarawak Alang  Sarawak Alang  Sarawak Alang  Sarawak Alang  Sarawak Alang  Sarawak Alang  Sarawak Alang  Sarawak Alang  Sarawak Alang  Sarawak Alang  Sarawak Alang  Sarawak Alang  Sarawak Alang  Sarawak Alang  Sarawak Alang  Sarawak Alang  Sarawak Alang  Sarawak Alang  Sarawak Alang  Sarawak Alang  Sarawak Alang  Sarawak Alang  Sarawak Alang  Sarawak Alang  Sarawak Alang  Sarawak Alang  Sarawak Alang  Sarawak Alang  Sarawak Alang  Sarawak Alang  Sarawak Alang  Sarawak Alang  Sarawak Alang  Sarawak Alang  Sarawak Alang  Sarawak Alang  Sarawak Alang  Sarawak Alang  Sarawak Alang  Sarawak Alang  Sarawak Alang  Sarawak Alang  Sarawak Alang  Sarawak Alang  Sarawak Alang  Sarawak Alang  Sarawak Alang  Sarawak Alang  Sarawak Alang  Sarawak Alang  Sarawak Alang  Sarawak Alang  Sarawak Alang  Sarawak Alang  Sarawak Alang  Sarawak Alang  Sarawak Alang  Sarawak Alang  Sarawak Alang  Sarawak Alang  Sarawak Alang  Sarawak Alang  Sarawak Alang  Sarawak Alang  Sarawak Alang  Sarawak Alang  Sarawak Alang  Sarawak Alang  Sarawak Alang  Sarawak Alang  Sarawak Alang  Sarawak Alang  Sarawak Alang  Sarawak Alang  Sarawak Alang  Sarawak Alang  Sarawak Alang  Sarawak Alang  Sarawak Alang  Sarawak Alang  Sarawak Alang  Sarawak Alang  Sarawak Alang  Sarawak Alang  Sarawak Alang  Sarawak Alang  Sarawak Alang  Sarawak Alang  Sarawak Alang  Sarawak Alang  Sarawak Alang  Sarawak Alang  Sarawak Alang  Sarawak Alang  Sarawak Alang  Sarawak Alang  Sarawak Alang  Sarawak Alang  Sarawak Alang  Sarawak Alang  Sarawak Alang  Sarawak Alang  Sarawak Alang  Sarawak Alang  Sarawak Alang  Sarawak Alang  Sarawak Alang  Sarawak Alang  Sarawak Alang  Sarawak Alang  Sarawak Alang  Sarawak Alang  Sarawak Alang  Sarawak Alang  Sarawak Alang  Sarawak Alang  Sarawak Alang  Sarawak Alang  Sarawak Alang  Sarawak Alang  Sarawak Alang  Sarawak Alang  Sarawak Alang  Sarawak Alang  Sarawak Alang  Sarawak Alang  Sarawak Alang  Sarawak Alang  Sarawak Alang  Sarawak Alang  Sarawak Alang  Sarawak Alang  Sarawak Alang  Sarawak Alang  Sarawak Alang  Sarawak Alang  Sarawak Alang  Sarawak Alang  Sarawak Alang  Sarawak Alang  Sarawak Alang  Sarawak Alang  Sarawak Al,unknown,unknown,unknown,GARDENIA BAKERIES (KL) SDN BHD,25/09/2017,"LOT 3, JALAN PELABUR 23/1, 40300 SHAH ALAM, SELANGOR.",36.55
X51006556828,multimodal_ocr_llm,Gardena Bakeries of Sarawak ltd.,01/11/2025,"Sarawak Alang, Sarawak Alang, Sarawak",0.00,GARDENIA BAKERIES (KL) SDN BHD,25/09/2017,"LOT 3, JALAN PELABUR 23/1, 40300 SHAH ALAM, SELANGOR.",36.55
X51008122920,raw_ocr,(481500-M),04-05-18,NO.5O,17.93,C W KHOO HARDWARE SDN BHD,04-05-18,"NO.50, JALAN PBS 14/11, KAWASAN PERINDUSTRIAN BUKIT SERDANG,",19.00
X51008122920,raw_ocr_llm,C w Khoo Hardware Sdn Bhd,04/05/2018,"Jalan PBS 14/11, Kawasan Perindustrian Bukit Serdang",19.00,C W KHOO HARDWARE SDN BHD,04-05-18,"NO.50, JALAN PBS 14/11, KAWASAN PERINDUSTRIAN BUKIT SERDANG,",19.00
X51008122920,multimodal_ocr,C W HOARDWARE Sdn Bhd. Tax Invoices for Businesses.,unknown,unknown,unknown,C W KHOO HARDWARE SDN BHD,04-05-18,"NO.50, JALAN PBS 14/11, KAWASAN PERINDUSTRIAN BUKIT SERDANG,",19.00
X51008122920,multimodal_ocr_llm,CW Hardware Sdn Bhd.,unknown,unknown,unknown,C W KHOO HARDWARE SDN BHD,04-05-18,"NO.50, JALAN PBS 14/11, KAWASAN PERINDUSTRIAN BUKIT SERDANG,",19.00
X51006388066,raw_ocr,p ),17/05/17,066770 1,unknown,HERO DISTRIBUTION SDN BHD,17/05/17,"4243,COMPLEKS PERNIAGAAN SRI GAYA, JLN TMN SUBANG JASA 3, 40150 SELANGOR",41.50
X51006388066,raw_ocr_llm,Hero Distribution Sdn Bhd,17/05/17,"MLR Tmn Subang Jasa 3, Corplel's Perniagaan St",16.96,HERO DISTRIBUTION SDN BHD,17/05/17,"4243,COMPLEKS PERNIAGAAN SRI GAYA, JLN TMN SUBANG JASA 3, 40150 SELANGOR",41.50
X51006388066,multimodal_ocr,unknown,unknown,unknown,unknown,HERO DISTRIBUTION SDN BHD,17/05/17,"4243,COMPLEKS PERNIAGAAN SRI GAYA, JLN TMN SUBANG JASA 3, 40150 SELANGOR",41.50
X51006388066,multimodal_ocr_llm,unknown,unknown,unknown,unknown,HERO DISTRIBUTION SDN BHD,17/05/17,"4243,COMPLEKS PERNIAGAAN SRI GAYA, JLN TMN SUBANG JASA 3, 40150 SELANGOR",41.50
X51005675914,raw_ocr,3,unknown,{872981-V),unknown,BEYOND BROTHERS HARDWARE,10/11/2017,"LOT 1-0-2, JLN 1/50, DIAMOND SQUARE, OFF JLN GOMBAK 53000 KUALA LUMPUR",67.85
X51005675914,raw_ocr_llm,Beyond Brothers Hardware,01/10/2017,"Lot 1-0-2,Jln 1/60, Diamond Square, Off Jln Gombak 53000 Kuala Lumpur",67.85,BEYOND BROTHERS HARDWARE,10/11/2017,"LOT 1-0-2, JLN 1/50, DIAMOND SQUARE, OFF JLN GOMBAK 53000 KUALA LUMPUR",67.85
X51005675914,multimodal_ocr,1. Beyond Brothers Hardware Inc.,unknown,2. Phone number: (847) 849-5200,unknown,BEYOND BROTHERS HARDWARE,10/11/2017,"LOT 1-0-2, JLN 1/50, DIAMOND SQUARE, OFF JLN GOMBAK 53000 KUALA LUMPUR",67.85
X51005675914,multimodal_ocr_llm,Beyond Brothers Hardware Inc.,unknown,unknown,unknown,BEYOND BROTHERS HARDWARE,10/11/2017,"LOT 1-0-2, JLN 1/50, DIAMOND SQUARE, OFF JLN GOMBAK 53000 KUALA LUMPUR",67.85
X51005442341,raw_ocr,RESTAURANT,09/03/2018,stur'1s,unknown,RESTAURANT SIN DU,09/03/2018,"K3-113, JL IBRAHIM SULTAN 80300 JOHOR BAHRU JOHOR",170.00
X51005442341,raw_ocr_llm,Restaurant,09/03/2018,"3-113, Jalan Ibrahim Sultan, Johor Bahru, Johor, 80300",170.00,RESTAURANT SIN DU,09/03/2018,"K3-113, JL IBRAHIM SULTAN 80300 JOHOR BAHRU JOHOR",170.00
X51005442341,multimodal_ocr,"1. Store Name: ""B&H""  2. Address: ""1707-06-01"" 3. Date: ""11/6/18"" 4. Line Items: [0.41, 0.63, 0.56, 0.74] 5. Total amount: $17.76",07-06-01,unknown,17.76,RESTAURANT SIN DU,09/03/2018,"K3-113, JL IBRAHIM SULTAN 80300 JOHOR BAHRU JOHOR",170.00
X51005442341,multimodal_ocr_llm,B&H,06/11/2018,1707-06-01,17.76,RESTAURANT SIN DU,09/03/2018,"K3-113, JL IBRAHIM SULTAN 80300 JOHOR BAHRU JOHOR",170.00
X51005441408,raw_ocr,32 PUB,10-03-2018,"78G,",190.00,32 PUB & BISTRO OWN BY CNU TRADING,10-03-2018,"78G, JALAN SS21/62, DAMANSARA UTAMA, 47400 PETALING JAYA.",190.00
X51005441408,raw_ocr_llm,CNU Trading,11/03/2018,No data available for address,190.00,32 PUB & BISTRO OWN BY CNU TRADING,10-03-2018,"78G, JALAN SS21/62, DAMANSARA UTAMA, 47400 PETALING JAYA.",190.00
X51005441408,multimodal_ocr,22nd July 2016 - Training - Tamarisk Town - Tamarisk Town - Tamarisk Town - Tamarisk Town - Tamarisk Town - Tamarisk Town - Tamarisk Town - Tamarisk Town - Tamarisk Town - Tamarisk Town - Tamarisk Town - Tamarisk Town - Tamarisk Town - Tamarisk Town - Tamarisk Town - Tamarisk Town - Tamarisk Town - Tamarisk Town - Tamarisk Town - Tamarisk Town - Tamarisk Town - Tamarisk Town - Tamarisk Town - Tamarisk Town - Tamarisk Town - Tamarisk Town - Tamarisk Town - Tamarisk Town - Tamarisk Town - Tamarisk Town - Tamarisk Town - Tamarisk Town - Tamarisk Town - Tamarisk Town - Tamarisk Town - Tamarisk Town - Tamarisk Town - Tamarisk Town - Tamarisk Town - Tamarisk Town - Tamarisk Town - Tamarisk Town - Tamarisk Town - Tamarisk Town - Tamarisk Town - Tamarisk Town - Tamarisk Town - Tamarisk Town - Tamarisk Town - Tamarisk Town - Tamarisk Town - Tamarisk Town - Tamarisk Town - Tamarisk Town - Tamarisk Town - Tamarisk Town - Tamarisk Town - Tamarisk Town - Tamarisk Town - Tamarisk Town - Tamarisk Town - Tamarisk Town - Tamarisk Town - Tamarisk Town - Tamarisk Town - Tamarisk Town - Tamarisk Town - Tamarisk Town - Tamarisk Town - Tamarisk Town - Tamarisk Town - Tamarisk Town - Tamarisk Town - Tamarisk Town - Tamarisk Town - Tamarisk Town - Tamarisk Town - Tamarisk Town - Tamarisk Town - Tamarisk Town - Tamarisk Town - Tamarisk Town - Tamarisk Town - Tamarisk Town - Tamarisk Town - Tamarisk Town - Tamarisk Town - Tamarisk Town - Tamarisk Town - Tamarisk Town - Tamarisk Town - Tamarisk Town - Tamarisk Town - Tamarisk Town - Tamarisk Town - Tamarisk Town - Tamarisk Town - Tamarisk Town - Tamarisk Town - Tamarisk Town - Tamarisk Town - Tamarisk Town - Tamarisk Town - Tamarisk Town - Tamarisk Town - Tamarisk Town - Tamarisk Town - Tamarisk Town - Tamarisk Town - Tamarisk Town - Tamarisk Town - Tamarisk Town - Tamarisk Town - Tamarisk Town - Tamarisk Town - Tamarisk Town - Tamarisk Town - Tamarisk Town - Tamarisk Town - Tamarisk Town - Tamarisk Town - Tamarisk Town - Tamarisk Town - Tamarisk Town - Tamarisk Town - Tamarisk Town - Tamarisk Town - Tamarisk Town - Tamarisk Town - Tamarisk Town - Tamarisk Town - Tamarisk Town - Tamarisk Town - Tamarisk Town - Tamarisk Town - Tamarisk Town - Tamarisk Town - Tamarisk Town - Tamarisk Town - Tamarisk Town - Tamarisk Town - Tamarisk Town - Tamarisk Town - Tamarisk Town - Tamarisk Town - Tamarisk Town - Tamarisk Town - Tamarisk Town - Tamarisk Town - Tamarisk Town - Tamarisk Town - Tamarisk Town - Tamarisk Town - Tamarisk Town - Tamarisk Town - Tamarisk Town - Tamarisk Town - Tamarisk Town - Tamarisk Town - Tamarisk Town - Tamarisk Town - Tamarisk Town - Tamarisk Town - Tamarisk Town - Tamarisk Town - Tamarisk Town - Tamarisk Town - Tamarisk Town - Tamarisk Town - Tamarisk Town - Tamarisk Town - Tamarisk Town - Tamarisk Town - Tamarisk Town - Tamarisk Town - Tamarisk Town - Tamarisk Town - Tamarisk Town - Tamarisk Town - Tamarisk Town - Tamarisk Town - Tamarisk Town - Tamarisk Town - Tamarisk Town - Tamarisk Town - Tamarisk Town - Tamarisk Town - Tamarisk Town - Tamarisk Town - Tamarisk Town - Tamarisk Town - Tamarisk Town - Tamarisk Town - Tamarisk Town - Tamarisk Town - Tamarisk Town - Tamarisk Town - Tamarisk Town - Tamarisk Town - Tamarisk Town - Tamarisk Town - Tamarisk Town - Tamarisk Town - Tamarisk Town - Tamarisk Town - Tamarisk Town - Tamarisk Town - Tamarisk Town - Tamarisk Town - Tamarisk Town - Tamarisk Town - Tamarisk Town - Tamarisk Town - Tamarisk Town - Tamarisk Town - Tamarisk Town - Tamarisk Town - Tamarisk Town - Tamarisk Town - Tamarisk Town - Tamarisk Town - Tamarisk Town - Tamarisk Town - Tamarisk Town - Tamarisk Town - Tamarisk Town - Tamarisk Town - Tamarisk Town - Tamarisk Town - Tamarisk Town - Tamarisk Town - Tamarisk Town - Tamarisk Town - Tamarisk Town - Tamarisk Town - Tamarisk Town - Tamarisk Town - Tamarisk Town - Tamarisk Town - Tamarisk Town - Tamarisk Town - Tamarisk Town - Tamarisk Town - Tamarisk Town - Tamarisk Town - Tamarisk Town - Tamarisk Town - Tamarisk Town - Tamarisk,unknown,unknown,unknown,32 PUB & BISTRO OWN BY CNU TRADING,10-03-2018,"78G, JALAN SS21/62, DAMANSARA UTAMA, 47400 PETALING JAYA.",190.00
X51005441408,multimodal_ocr_llm,Tamarisk Town,22/07/2016,Tamarisk Town,0.00,32 PUB & BISTRO OWN BY CNU TRADING,10-03-2018,"78G, JALAN SS21/62, DAMANSARA UTAMA, 47400 PETALING JAYA.",190.00
X51007228448,raw_ocr,KFA SUPPLY,27/05/2018,SA0416111-K ),"11,60",KFA SUPPLY,27/05/2018,125A TINGKAT BAWAH PT 1961 JALAN MALINJA SITE B 45400 SEKINCHAN SELANGOR,11.60
X51007228448,raw_ocr_llm,KFA Supply,27/05/2018,"125A TINGKAT BAWAH PT 1961 JALAN MALINJA, SITE B 45400 SEKINCHAN SELANGOR",12.00,KFA SUPPLY,27/05/2018,125A TINGKAT BAWAH PT 1961 JALAN MALINJA SITE B 45400 SEKINCHAN SELANGOR,11.60
X51007228448,multimodal_ocr,KFA Supply (Roc) S.A. (S.A.) Tax Invoices (Roc) S.A. (S.A.) Tax Invoices (Roc) S.A. (S.A.) Tax Invoices (Roc) S.A. (S.A.) Tax Invoices (Roc) S.A. (S.a.),unknown,unknown,unknown,KFA SUPPLY,27/05/2018,125A TINGKAT BAWAH PT 1961 JALAN MALINJA SITE B 45400 SEKINCHAN SELANGOR,11.60
X51007228448,multimodal_ocr_llm,KFA Supply,unknown,unknown,unknown,KFA SUPPLY,27/05/2018,125A TINGKAT BAWAH PT 1961 JALAN MALINJA SITE B 45400 SEKINCHAN SELANGOR,11.60
X51005685357,raw_ocr,3180301,02/03/18,S/B (587969-U),unknown,FARMASI MALURI S/B,02/03/18,"23, JIN BURUNG JENTAYU, TMN BUKIT MALURI, KEPONG, 52100 KL.",79.35
X51005685357,raw_ocr_llm,Trilon-E CRM,02/03/18,"Jin Burung Jentayu; Tmn Bukit Maluri, Kepong, 52100 KL.",79.35,FARMASI MALURI S/B,02/03/18,"23, JIN BURUNG JENTAYU, TMN BUKIT MALURI, KEPONG, 52100 KL.",79.35
X51005685357,multimodal_ocr,1. Farris Maturi S.p.a. - S.p.a. - Long Feng Poate - S.p.a. - S.p.a. - S.p.a. - S.p.a. - S.p.a. - S.p.a. - S.p.a. - S.p.a. - S.p.a. - S.p.a. - S.p.a. - S.p.a. - S.p.a. - S.p.a. - S.p.a. - S.p.a. - S.p.a. - S.p.a. - S.p.a. - S.p.a. - S.p.a. - S.p.a. - S.p.a. - S.p.a. - S.p.a. - S.p.a. - S.p.a. - S.p.a. - S.p.a. - S.p.a. - S.p.a. - S.p.a. - S.p.a. - S.p.a. - S.p.a. - S.p.a. - S.p.a. - S.p.a. - S.p.a. - S.p.a. - S.p.a. - S.p.a. - S.p.a. - S.p.a. - S.p.a. - S.p.a. - S.p.a. - S.p.a. - S.p.a. - S.p.a. - S.p.a. - S.p.a. - S.p.a. - S.p.a. - S.p.a. - S.p.a. - S.p.a. - S.p.a. - S.p.a. - S.p.a. - S.p.a. - S.p.a. - S.p.a. - S.p.a. - S.p.a. - S.p.a. - S.p.a. - S.p.a. - S.p.a. - S.p.a. - S.p.a. - S.p.a. - S.p.a. - S.p.a. - S.p.a. - S.p.a. - S.p.a. - S.p.a. - S.p.a. - S.p.a. - S.p.a. - S.p.a. - S.p.a. - S.p.a. - S.p.a. - S.p.a. - S.p.a. - S.p.a. - S.p.a. - S.p.a. - S.p.a. - S.p.a. - S.p.a. - S.p.a. - S.p.a. - S.p.a. - S.p.a. - S.p.a. - S.p.a. - S.p.a. - S.p.a. - S.p.a. - S.p.a. - S.p.a. - S.p.a. - S.p.a. - S.p.a. - S.p.a. - S.p.a. - S.p.a. - S.p.a. - S.p.a. - S.p.a. - S.p.a. - S.p.a. - S.p.a. - S.p.a. - S.p.a. - S.p.a. - S.p.a. - S.p.a. - S.p.a. - S.p.a. - S.p.a. - S.p.a. - S.p.a. - S.p.a. - S.p.a. - S.p.a. - S.p.a. - S.p.a. - S.p.a. - S.p.a. - S.p.a. - S.p.a. - S.p.a. - S.p.a. - S.p.a. - S.p.a. - S.p.a. - S.p.a. - S.p.a. - S.p.a. - S.p.a. - S.p.a. - S.p.a. - S.p.a. - S.p.a. - S.p.a. - S.p.a. - S.p.a. - S.p.a. - S.p.a. - S.p.a. - S.p.a. - S.p.a. - S.p.a. - S.p.a. - S.p.a. - S.p.a. - S.p.a. - S.p.a. - S.p.a. - S.p.a. - S.p.a. - S.p.a. - S.p.a. - S.p.a. - S.p.a. - S.p.a. - S.p.a. - S.p.a. - S.p.a. - S.p.a. - S.p.a.,unknown,unknown,unknown,FARMASI MALURI S/B,02/03/18,"23, JIN BURUNG JENTAYU, TMN BUKIT MALURI, KEPONG, 52100 KL.",79.35
X51005685357,multimodal_ocr_llm,Farris Maturi,unknown,unknown,unknown,FARMASI MALURI S/B,02/03/18,"23, JIN BURUNG JENTAYU, TMN BUKIT MALURI, KEPONG, 52100 KL.",79.35
X51005757201,raw_ocr,31803003,28/02/2018,"AEON CO , (M) BHD ( 126926-H)","88,97",AEON CO. (M) BHD.,28/02/2018,"3RD FLR, AEON TAMAN MALURI SC JLN JEJAKA, TAMAN MALURI CHERAS ,55100 KUALA LUMPUR",88.95
X51005757201,raw_ocr_llm,"Aeon Co., (M) Bhd.",28/02/2018,"Aeon Bandar Puchong, TEL: +603-300-80-AEON (2366)",100.00,AEON CO. (M) BHD.,28/02/2018,"3RD FLR, AEON TAMAN MALURI SC JLN JEJAKA, TAMAN MALURI CHERAS ,55100 KUALA LUMPUR",88.95
X51005757201,multimodal_ocr,1. Acme Bank,10/12/2013,2. Pkwy,unknown,AEON CO. (M) BHD.,28/02/2018,"3RD FLR, AEON TAMAN MALURI SC JLN JEJAKA, TAMAN MALURI CHERAS ,55100 KUALA LUMPUR",88.95
X51005757201,multimodal_ocr_llm,Acme Bank,unknown,Pkwy,unknown,AEON CO. (M) BHD.,28/02/2018,"3RD FLR, AEON TAMAN MALURI SC JLN JEJAKA, TAMAN MALURI CHERAS ,55100 KUALA LUMPUR",88.95
X51006733495,raw_ocr,99 SPEED MART S/8 (519537-X),19-10-16,"Lot P.T: 33198,",unknown,99 SPEED MART S/B,19-10-16,"LOT P.T. 33198, BATU 4 JALAN KAPAR, MUKIM KAPAR 42100 KLANG, SELANGOR 1558-TMN PUSAT KEPONG",14.20
X51006733495,raw_ocr_llm,99 Speed Mart,19/10/16,"JaLAN Kapar, MUKIM KAFAR, 42100 KLANG, SELANGOR",14.20,99 SPEED MART S/B,19-10-16,"LOT P.T. 33198, BATU 4 JALAN KAPAR, MUKIM KAPAR 42100 KLANG, SELANGOR 1558-TMN PUSAT KEPONG",14.20
X51006733495,multimodal_ocr,Speed Mart 5-5 pm (Sunset),unknown,unknown,unknown,99 SPEED MART S/B,19-10-16,"LOT P.T. 33198, BATU 4 JALAN KAPAR, MUKIM KAPAR 42100 KLANG, SELANGOR 1558-TMN PUSAT KEPONG",14.20
X51006733495,multimodal_ocr_llm,Speed Mart,unknown,unknown,unknown,99 SPEED MART S/B,19-10-16,"LOT P.T. 33198, BATU 4 JALAN KAPAR, MUKIM KAPAR 42100 KLANG, SELANGOR 1558-TMN PUSAT KEPONG",14.20
X51006008073,raw_ocr,PRINT EXPERT SDN BHD,12/01/2018,989625-A,5.66,PRINT EXPERT SDN BHD,12/01/2018,"NO 18, 20, 22, JALAN BUNGA TANJONG 2/16, 40000 SHAH ALAM, SELANGOR",100.00
X51006008073,raw_ocr_llm,Print Expert Sdn Bhd,12/01/2018,"No. 18, 20, 22, Jalan Bunga Tanjong 2/18, 40000 Shah Alam, Selangor",100.00,PRINT EXPERT SDN BHD,12/01/2018,"NO 18, 20, 22, JALAN BUNGA TANJONG 2/16, 40000 SHAH ALAM, SELANGOR",100.00
X51006008073,multimodal_ocr,Print Expert Sdn Bhd. (No 18) N18 20 JAN 2016.,unknown,unknown,unknown,PRINT EXPERT SDN BHD,12/01/2018,"NO 18, 20, 22, JALAN BUNGA TANJONG 2/16, 40000 SHAH ALAM, SELANGOR",100.00
X51006008073,multimodal_ocr_llm,Print Expert Sdn Bhd.,20/01/2016,(No 18) N18,unknown,PRINT EXPERT SDN BHD,12/01/2018,"NO 18, 20, 22, JALAN BUNGA TANJONG 2/16, 40000 SHAH ALAM, SELANGOR",100.00
X51005288570,raw_ocr,3180301,unknown,3,unknown,SECURE PARKING CORPORATION S/B,23.03.18,"RIVERWALK VILLAGE BATU 3, JALAN IPOH 51200 KL.",1.00
X51005288570,raw_ocr_llm,Secure Parking Corporation,23/03/18,Riverwalk Vinlage Batu Ipoh 512200 KL,1.94,SECURE PARKING CORPORATION S/B,23.03.18,"RIVERWALK VILLAGE BATU 3, JALAN IPOH 51200 KL.",1.00
X51005288570,multimodal_ocr,"310101 Secure Parking Corporation Sys. Batavia, Ill. - 5th Ave., Batavia, Ill. 60630 - Batavia, Ill. 60630",unknown,unknown,unknown,SECURE PARKING CORPORATION S/B,23.03.18,"RIVERWALK VILLAGE BATU 3, JALAN IPOH 51200 KL.",1.00
X51005288570,multimodal_ocr_llm,Secure Parking Corporation Systems,unknown,"Batavia, IL - 5th Ave., Batavia, IL 60630",unknown,SECURE PARKING CORPORATION S/B,23.03.18,"RIVERWALK VILLAGE BATU 3, JALAN IPOH 51200 KL.",1.00
X51007231338,raw_ocr,Aot 174,1/05/2018,(1219716-T),0.53,DIMILIKI OLEH T PLUS F&B SDN. BHD.,11/05/2018,"PARADIGM MALL LOT NO.: 4F-27 & 4FK-38, 4TH FLOOR",9.45
X51007231338,raw_ocr_llm,AMPHAWA THAI TEA & CO.,01/05/2018,"PARADIGM MALL LOT NO. 4F-27 & 4FK-38, 4TH FLOOR",9.45,DIMILIKI OLEH T PLUS F&B SDN. BHD.,11/05/2018,"PARADIGM MALL LOT NO.: 4F-27 & 4FK-38, 4TH FLOOR",9.45
X51007231338,multimodal_ocr,"April 1st, 2014 - Anthewa Thiamha T&T Co. - Store Address - Texas A&M University - Texas A&M University - Texas A&M University - Texas A&M University - Texas A&M University - Texas A&M University - Texas A&M University - Texas A&M University",unknown,unknown,unknown,DIMILIKI OLEH T PLUS F&B SDN. BHD.,11/05/2018,"PARADIGM MALL LOT NO.: 4F-27 & 4FK-38, 4TH FLOOR",9.45
X51007231338,multimodal_ocr_llm,Anthewa Thiamha T&T Co.,01/04/2014,"Store Address, Texas A&M University",unknown,DIMILIKI OLEH T PLUS F&B SDN. BHD.,11/05/2018,"PARADIGM MALL LOT NO.: 4F-27 & 4FK-38, 4TH FLOOR",9.45
X51006619758,raw_ocr,99 SPEED MART S/8 (519537-K),24-01-16,"33198,",unknown,99 SPEED MART S/B,24-01-16,"LOT P.T. 33198, BATU 4 JALAN KAPAR, MUKIM KAPAR 42100 KLANG, SELANGOR 1181-TMN SRI SINAR",13.60
X51006619758,raw_ocr_llm,99 Speed Mart Sdn Bhd,24/01/16,"33198, BATU JALAN Kapar, MUkin Kapar, 42100 KLANG, SELANGOR",42.82,99 SPEED MART S/B,24-01-16,"LOT P.T. 33198, BATU 4 JALAN KAPAR, MUKIM KAPAR 42100 KLANG, SELANGOR 1181-TMN SRI SINAR",13.60
X51006619758,multimodal_ocr,Speed Mart SBS (S19) 597K Lot P. 1349 K Batu Selangor Malam Uluyewa Alang Alang Klang Perusaha Salah Bilangan Alang Klang Selangor Alang Klang Selangor Alang Klang Selangor Alang Klang Selangor Alang Klang Selangor Alang Klang Selangor Alang Klang Selangor Alang Klang Selangor Alang Klang Selangor Alang Klang Selangor Alang Klang Selangor Alang Klang Selangor Alang Klang Selangor Alang Klang Selangor Alang Klang Selangor Alang Klang Selangor Alang Klang Selangor Alang Klang Selangor Alang Klang Selangor Alang Klang Selangor Alang Klang Selangor Alang Klang Selangor Alang Klang Selangor Alang Klang Selangor Alang Klang Selangor Alang Klang Selangor Alang Klang Selangor Alang Klang Selangor Alang Klang Selangor Alang Klang Selangor Alang Klang Selangor Alang Klang Selangor Alang Klang Selangor Alang Klang Selangor Alang Klang Selangor Alang Klang Selangor Alang Klang Selangor Alang Klang Selangor Alang Klang Selangor Alang Klang Selangor Alang Klang Selangor Alang Klang Selangor Alang Klang Selangor Alang Klang Selangor Alang Klang Selangor Alang Klang Selangor Alang Klang Selangor Alang Klang Selangor Alang Klang Selangor Alang Klang Selangor Alang Klang Selangor Alang Klang Selangor Alang Klang Selangor Alang Klang Selangor Alang Klang Selangor Alang Klang Selangor Alang Klang Selangor Alang Klang Selangor Alang Klang Selangor Alang Klang Selangor Alang Klang Selangor Alang Klang Selangor Alang Klang Selangor Alang Klang Selangor Alang Klang Selangor Alang Klang Selangor Alang Klang Selangor Alang Klang Selangor Alang Klang Selangor Alang Klang Selangor Alang Klang Selangor Alang Klang Selangor Alang Klang Selangor Alang Klang Selangor Alang Klang Selangor Alang Klang Selangor Alang Klang Selangor Alang Klang Selangor Alang Klang Selangor Alang Klang Selangor Alang Klang Selangor Alang Klang Selangor Alang Klang Selangor Alang Klang Selangor Alang Klang Selangor Alang Klang Selangor Alang Klang Selangor Alang Klang Selangor Alang Klang Selangor Alang Klang Selangor Alang Klang Selangor Alang Klang Selangor Alang Klang Selangor Alang Klang Selangor Alang Klang Selangor Alang Klang Selangor Alang Klang Selangor Alang Klang Selangor Alang Klang Selangor Alang Klang Selangor Alang Klang Selangor Alang Klang Selangor Alang Klang Selangor Alang Klang Selangor Alang Klang Selangor Alang Klang Selangor Alang Klang Selangor Alang Klang Selangor Alang Klang Selangor Alang Klang Selangor Alang Klang Selangor Alang Klang Selangor Alang Klang Selangor Alang Klang Selangor Alang Klang Selangor Alang Klang Selangor Alang Klang Selangor Alang Klang Selangor Alang Klang Selangor Alang Klang Selangor Alang Klang Selangor Alang Klang Selangor Alang Klang Selangor Alang Klang Selangor Alang Klang Selangor Alang Klang Selangor Alang Klang Selangor Alang Klang Selangor Alang Klang Selangor Alang Klang Selangor Alang Klang Selangor Alang Klang Selangor Alang Klang Selangor Alang Klang Selangor Alang Klang Selangor Alang Klang Selangor Alang Klang Selangor Alang Klang Selangor Alang Klang Selangor Alang Klang Selangor Alang Klang Selangor Alang Klang Selangor Alang Klang Selangor Alang Klang Selangor Alang Klang Selangor Alang Klang Selangor Alang Klang Selangor Alang Klang Selangor Alang Klang Selangor Alang Klang Selangor Alang Klang Selangor Alang Klang Selangor Alang Klang Selangor Alang Klang Selangor Alang Klang Selangor Alang Klang Selangor Alang Klang Selangor Alang Klang Selangor Alang Klang Selangor Alang Klang Selangor Alang Klang Selangor Alang Klang Selangor Alang Klang Selangor Alang Klang Selangor Alang Klang Selangor Alang Klang Selangor Alang Klang Selangor Alang Klang Selangor Alang Klang Selangor Alang Klang Selangor Alang Klang Selangor Alang Klang Selangor Alang Klang,unknown,unknown,unknown,99 SPEED MART S/B,24-01-16,"LOT P.T. 33198, BATU 4 JALAN KAPAR, MUKIM KAPAR 42100 KLANG, SELANGOR 1181-TMN SRI SINAR",13.60
X51006619758,multimodal_ocr_llm,Speed Mart,unknown,"Lot P. 1349 K Batu Selangor, Uluyewa Alang Alang Klang Perusaha Salah Bilangan Alang Klang Selangor (partial address removed for brevity)",unknown,99 SPEED MART S/B,24-01-16,"LOT P.T. 33198, BATU 4 JALAN KAPAR, MUKIM KAPAR 42100 KLANG, SELANGOR 1181-TMN SRI SINAR",13.60
X51005757233,raw_ocr,31803016,09/03/18,"631 k 632, Ord Flr, 1WL Maell",unknown,GUARDIAN HEALTH AND BEAUTY SDN BHD,09/03/18,"G31 & G32, GRD FLR, IOI MALL BANDAR PUCHONG JAYA",9.95
X51005757233,raw_ocr_llm,Huairdlian's Health Grul Beauty,09/03/2018,"Hall UII, 631-632, Orchard Floor, 1WL Maell",9.95,GUARDIAN HEALTH AND BEAUTY SDN BHD,09/03/18,"G31 & G32, GRD FLR, IOI MALL BANDAR PUCHONG JAYA",9.95
X51005757233,multimodal_ocr,1. January 2016 - Authorized by: American Health Care Group,unknown,unknown,unknown,GUARDIAN HEALTH AND BEAUTY SDN BHD,09/03/18,"G31 & G32, GRD FLR, IOI MALL BANDAR PUCHONG JAYA",9.95
X51005757233,multimodal_ocr_llm,American Health Care Group,01/01/2016,unknown,unknown,GUARDIAN HEALTH AND BEAUTY SDN BHD,09/03/18,"G31 & G32, GRD FLR, IOI MALL BANDAR PUCHONG JAYA",9.95
X51006556831,raw_ocr,PINGHWAI TRADING SDN BHD,30/09/2017,1211036-W),"39,00",PINGHWAI TRADING SDN BHD,30/09/2017,"NO.2, JALAN METRO PERDANA TIMUR 11, KEPONG ENTERPRENUERS PARK, OFF JALAN KEPONG, 52100 KUALA LUMPUR.",616.60
X51006556831,raw_ocr_llm,Pinghwaï Trading Sdn Bhd,30/09/2017,"No.2, Jalan Metro Perdana Timur 11, Kepong Entrepreneurs Park, Off Jalan Kepong, 52100 Kuala Lumpur",616.60,PINGHWAI TRADING SDN BHD,30/09/2017,"NO.2, JALAN METRO PERDANA TIMUR 11, KEPONG ENTERPRENUERS PARK, OFF JALAN KEPONG, 52100 KUALA LUMPUR.",616.60
X51006556831,multimodal_ocr,PINGHAI TRADING SONBHD No. 2 Jalan Metu Perusaha Timur 11 Kuala Lumpur Kedupah Timur 11 June 2011.,unknown,unknown,unknown,PINGHWAI TRADING SDN BHD,30/09/2017,"NO.2, JALAN METRO PERDANA TIMUR 11, KEPONG ENTERPRENUERS PARK, OFF JALAN KEPONG, 52100 KUALA LUMPUR.",616.60
X51006556831,multimodal_ocr_llm,Pinghai Trading Sdn Bhd,11/06/2011,"No. 2 Jalan Metu Perusahaan Timur, Kuala Lumpur Kedah",unknown,PINGHWAI TRADING SDN BHD,30/09/2017,"NO.2, JALAN METRO PERDANA TIMUR 11, KEPONG ENTERPRENUERS PARK, OFF JALAN KEPONG, 52100 KUALA LUMPUR.",616.60
X51008099054,raw_ocr,10 GRAM Gourmet Sbn Bhd,11-06-2018,(1152264-K),"15,00",10 GRAM GOURMET SBN BHD,11-06-2018,"NO 3, JALAN TEMENGGUNG 27/9 BANDAR MAHKOTA CHERAS, 43200 SELANGOR.",15.00
X51008099054,raw_ocr_llm,10 GRAM Gourmet Sdn Bhd,11/06/2018,"Jalan Temenggung 27/9, Bandar Mahkota Cheras, 43200 Selangor (GST No: 002055098363)",15.00,10 GRAM GOURMET SBN BHD,11-06-2018,"NO 3, JALAN TEMENGGUNG 27/9 BANDAR MAHKOTA CHERAS, 43200 SELANGOR.",15.00
X51008099054,multimodal_ocr,10 Gram Gourmet Sun Tan Bandung Sabah - No. 3 - 1 Jan 2016 - 27 Dec 2016 - Tax Invoices - Table - Check #454888 - Total: 15.00 - Cashier's Cash register - Upcharge total: 15.00 - Total: 15.00 - Cashier's Cash register - Upcharge total: 15.00 - Total: 15.00 - Cashier's Cash register - Upcharge total: 15.00 - Total: 15.00 - Cashier's Cash register - Upcharge total: 15.00 - Total: 15.00 - Cashier's Cash register - Upcharge total: 15.00 - Total: 15.00 - Cashier's Cash register - Upcharge total: 15.00 - Total: 15.00 - Cashier's Cash register - Upcharge total: 15.00 - Total: 15.00 - Cashier's Cash register - Upcharge total: 15.00 - Total: 15.00 - Cashier's Cash register - Upcharge total: 15.00 - Total: 15.00 - Cashier's Cash register - Upcharge total: 15.00 - Total: 15.00 - Cashier's Cash register - Upcharge total: 15.00 - Total: 15.00 - Cashier's Cash register - Upcharge total: 15.00 - Total: 15.00 - Cashier's Cash register - Upcharge total: 15.00 - Total: 15.00 - Cashier's Cash register - Upcharge total: 15.00 - Total: 15.00 - Cashier's Cash register - Upcharge total: 15.00 - Total: 15.00 - Cashier's Cash register - Upcharge total: 15.00 - Total: 15.00 - Cashier's Cash register - Upcharge total: 15.00 - Total: 15.00 - Cashier's Cash register - Upcharge total: 15.00 - Total: 15.00 - Cashier's Cash register - Upcharge total: 15.00 - Total: 15.00 - Cashier's Cash register - Upcharge total: 15.00 - Total: 15.00 - Cashier's Cash register - Upcharge total: 15.00 - Total: 15.00 - Cashier's Cash register - Upcharge total: 15.00 - Total: 15.00 - Cashier's Cash register - Upcharge total: 15.00 - Total: 15.00 - Cashier's Cash register - Upcharge total: 15.00 - Total: 15.00 - Cashier's Cash register - Upcharge total: 15.00 - Total: 15.00 - Cashier's Cash register - Upcharge total: 15.00 - Total: 15.00 - Cashier's Cash register - Upcharge total: 15.00 - Total: 15.00 - Cashier's Cash register - Upcharge total: 15.00 - Total: 15.00 - Cashier's Cash register - Upcharge total: 15.00 - Total: 15.00 - Cashier's Cash register - Upcharge total: 15.00 - Total: 15.00 - Cashier's Cash register - Upcharge total: 15.00 - Total: 15.00 - Cashier's Cash register - Upcharge total: 15.00 - Total: 15.00 - Cashier's Cash register - Upcharge total: 15.00 - Total: 15.00 - Cashier's Cash register - Upcharge total: 15.00 - Total: 15.00 - Cashier's Cash register - Upcharge total: 15.00 - Total: 15.00 - Cashier's Cash register - Upcharge total: 15.00 - Total: 15.00 - Cashier's Cash register - Upcharge total: 15.00 - Total: 15.00 - Cashier's Cash register - Upcharge total: 15.00 - Total: 15.00 - Cashier's Cash register - Upcharge total: 15.00 - Total: 15.00 - Cashier's Cash register - Upcharge total: 15.00 - Total: 15.00 - Cashier's Cash register - Upcharge total: 15.00 - Total: 15.00 - Cashier's Cash register - Upcharge total: 15.00 - Total: 15.00 - Cashier's Cash register - Upcharge total: 15.00 - Total: 15.00 - Cashier's Cash register - Upcharge total: 15.00 - Total: 15.00 - Cashier's Cash register - Upcharge total: 15.00 - Total: 15.00 - Cashier's Cash register - Upcharge total: 15.00 - Total: 15.00 - Cashier's Cash register - Upcharge total: 15.00 - Total: 15.00 - Cashier's Cash register - Upcharge total: 15.00 - Total: 15.00 - Cashier's Cash register - Upcharge total: 15.00 - Total: 15.00 - Cashier's Cash register - Upcharge total: 15.00 - Total: 15.00 - Cashier's Cash register - Upcharge total: 15.00 - Total: 15.00 - Cashier's Cash register - Upcharge total: 15.00 - Total: 15.00 - Cashier's Cash register - Upcharge total: 15.00 - Total: 15.00 - Cashier's Cash register - Upcharge total: 15.00 - Total: 15.00 - Cashier's Cash register - Upcharge total: 15.00 - Total: 15.00 - Cashier's Cash register - Upcharge total: 15.00 - Total: 15.00 - Cashier's Cash register - Upcharge total: 15.00 - Total: 15.00 - Cashier's Cash register - Upcharge total: 15.00 - Total: 15.00 - Cashier's Cash register - Upcharge total: 15.00 - Total: 15.00 - Cashier's Cash register - Upcharge total: 15.00 - Total: 15.00 - Cashier's Cash register - Upcharge,unknown,unknown,15.00,10 GRAM GOURMET SBN BHD,11-06-2018,"NO 3, JALAN TEMENGGUNG 27/9 BANDAR MAHKOTA CHERAS, 43200 SELANGOR.",15.00
X51008099054,multimodal_ocr_llm,Gram Gourmet Sun Tan Bandung Sabah,01/Jan/2016 - 27/Dec/2016,No. 3,15.00,10 GRAM GOURMET SBN BHD,11-06-2018,"NO 3, JALAN TEMENGGUNG 27/9 BANDAR MAHKOTA CHERAS, 43200 SELANGOR.",15.00
X51006867436,raw_ocr,buardian Health Ard Heauty Sdn Brhl,unknown,No 15 Jalan Kardar Kawang 10,unknown,GUARDIAN HEALTH AND BEAUTY SDN BHD,24/05/18,NO 15 JALAN BANDAR RAWANG 10 BANDAR BARU RAWANG,4.50
X51006867436,raw_ocr_llm,Buardian Health Ard Heauty Sdn Bhd,18/07/2018,"Bandar Baru Kawang, No. 15 Jalan Kardar Kawang 10, Bandar Baru Kakang",4.80,GUARDIAN HEALTH AND BEAUTY SDN BHD,24/05/18,NO 15 JALAN BANDAR RAWANG 10 BANDAR BARU RAWANG,4.50
X51006867436,multimodal_ocr,1. Lucent Health and Beauty Inc. - Banner Health - 10 - 0 - 0 - 0 - 0,unknown,unknown,unknown,GUARDIAN HEALTH AND BEAUTY SDN BHD,24/05/18,NO 15 JALAN BANDAR RAWANG 10 BANDAR BARU RAWANG,4.50
X51006867436,multimodal_ocr_llm,Banner Health,unknown,unknown,unknown,GUARDIAN HEALTH AND BEAUTY SDN BHD,24/05/18,NO 15 JALAN BANDAR RAWANG 10 BANDAR BARU RAWANG,4.50
X51007846309,raw_ocr,1o5ox8,unknown,11 Jun 2018 18.32,6.00,UNIHAKKA INTERNATIONAL SDN BHD,11 JUN 2018,"12, JALAN TAMPOI 7/4,KAWASAN PERINDUSTRIAN TAMPOI,81200 JOHOR BAHRU,JOHOR",RM6.00
X51007846309,raw_ocr_llm,Unihakka International Sdn Bhd,11/06/2018,"12, Jalan Tampoi 7/4, Kawasan Perindustrian, Tampoi, 81200 Johor Bahru, Johor",6.00,UNIHAKKA INTERNATIONAL SDN BHD,11 JUN 2018,"12, JALAN TAMPOI 7/4,KAWASAN PERINDUSTRIAN TAMPOI,81200 JOHOR BAHRU,JOHOR",RM6.00
X51007846309,multimodal_ocr,1. Jersey International Acco. (2011) [Paper],unknown,unknown,unknown,UNIHAKKA INTERNATIONAL SDN BHD,11 JUN 2018,"12, JALAN TAMPOI 7/4,KAWASAN PERINDUSTRIAN TAMPOI,81200 JOHOR BAHRU,JOHOR",RM6.00
X51007846309,multimodal_ocr_llm,Jersey International Accommodation,01/01/2011,unknown,unknown,UNIHAKKA INTERNATIONAL SDN BHD,11 JUN 2018,"12, JALAN TAMPOI 7/4,KAWASAN PERINDUSTRIAN TAMPOI,81200 JOHOR BAHRU,JOHOR",RM6.00
X51006913074,raw_ocr,TAX INVOICE,unknown,Aot |L2,15.60,DOMINO'S PIZZA TAMAN UNIVERSITI,08/05/18,"30, JLN KEBUDAYAAN 7, TMN UNIVERSITI 81300 SKUDAI, JOHOR",6.70
X51006913074,raw_ocr_llm,DOMINO'S PIZZA,08/05/18,"TAMAN UNIVERSITI, 30 , Jln Kebudayaan 7 , TMN Universiti, 81300 Skudai Johor",67.90,DOMINO'S PIZZA TAMAN UNIVERSITI,08/05/18,"30, JLN KEBUDAYAAN 7, TMN UNIVERSITI 81300 SKUDAI, JOHOR",6.70
X51006913074,multimodal_ocr,1. Jan. 2013 - Letter from a customer to a bank regarding a transaction.,unknown,unknown,unknown,DOMINO'S PIZZA TAMAN UNIVERSITI,08/05/18,"30, JLN KEBUDAYAAN 7, TMN UNIVERSITI 81300 SKUDAI, JOHOR",6.70
X51006913074,multimodal_ocr_llm,unknown,01/01/2013,unknown,unknown,DOMINO'S PIZZA TAMAN UNIVERSITI,08/05/18,"30, JLN KEBUDAYAAN 7, TMN UNIVERSITI 81300 SKUDAI, JOHOR",6.70
X51006414720,raw_ocr,Aobixo,20/04/2018,396125-H,6.40,PASARAYA JALAL SDN BHD,20/04/2018,"10-18,JLN KEBUDAYAAN 16,TMN U 81300 JOHOR BAHRU.",6.40
X51006414720,raw_ocr_llm,Pasaraya Jalal Sdn Bhd,20/04/2018,"Jln Kebudayaan 16, TMN U, 81300 Johor Bahru",6.40,PASARAYA JALAL SDN BHD,20/04/2018,"10-18,JLN KEBUDAYAAN 16,TMN U 81300 JOHOR BAHRU.",6.40
X51006414720,multimodal_ocr,"1. Transcribe ALL text visible on this receipt image exactly as it appears, line by line, top to bottom, include the store/company name, address, date, all line items, and the total amount.",unknown,unknown,unknown,PASARAYA JALAL SDN BHD,20/04/2018,"10-18,JLN KEBUDAYAAN 16,TMN U 81300 JOHOR BAHRU.",6.40
X51006414720,multimodal_ocr_llm,Walmart Supercentre,24/02/2023,"123 Main St, Anytown, ON L1A 0A0",43.99,PASARAYA JALAL SDN BHD,20/04/2018,"10-18,JLN KEBUDAYAAN 16,TMN U 81300 JOHOR BAHRU.",6.40
X51008114321,raw_ocr,FILL,03/06/18,MA0057302-M,unknown,FILL IN ENTERPRISE,03/06/18,"LOT 2407, JALAN DUA 52100 KEPONG BARU, KL",100.00
X51008114321,raw_ocr_llm,ENTERPRTSE (corrected to ENTERPRISE),03/06/18,"Lot 2407, Jalan Dua, 52100 Kepong Baru, KL",100.00,FILL IN ENTERPRISE,03/06/18,"LOT 2407, JALAN DUA 52100 KEPONG BARU, KL",100.00
X51008114321,multimodal_ocr,"FILL IN ENTERPRISE TOGETHER - Company Name: FILL-IN ENTERPRISE TOGETHER - Address: Llanos, Lagos State, Nigeria - Date: 01/06/2016 - Site: Lagos State - Address: Lagos State - Phone Number: +23(0)8101239876 - Phone: +23(0)8101239877 - Email: fillinenterprisetogether@lg.com - Website: www.lg.com",01/06/2016,unknown,unknown,FILL IN ENTERPRISE,03/06/18,"LOT 2407, JALAN DUA 52100 KEPONG BARU, KL",100.00
X51008114321,multimodal_ocr_llm,Fill-in Enterprise Together,01/06/2016,"Lagos State, Nigeria",unknown,FILL IN ENTERPRISE,03/06/18,"LOT 2407, JALAN DUA 52100 KEPONG BARU, KL",100.00
X51009453801,raw_ocr,3180303,20/03/2018,"19, JALANTANCIL,",unknown,GL HANDICRAFT & TAIL ORING,20/03/2018,"19, JALAN KANCIL, OFF JALAN PUDU, 55100 KUALA LUMPUR MALAYSIA",102.00
X51009453801,raw_ocr_llm,GL HaNDiCRAFT & TAILORING,20/03/2018,"19, JALANTANCIL, CFF JALANPUDU; 5s100 KUALA LUMPUR MALATSIA",102.00,GL HANDICRAFT & TAIL ORING,20/03/2018,"19, JALAN KANCIL, OFF JALAN PUDU, 55100 KUALA LUMPUR MALAYSIA",102.00
X51009453801,multimodal_ocr,"GL Handicraft & Tailoring To Jalan Tanxiang, Kuala Lumpur, Malaysia Invoice No: 03012330 Invoice Date: 05/05/2016 Total amount due: 9,922.00",05/05/2016,unknown,"9,92",GL HANDICRAFT & TAIL ORING,20/03/2018,"19, JALAN KANCIL, OFF JALAN PUDU, 55100 KUALA LUMPUR MALAYSIA",102.00
X51009453801,multimodal_ocr_llm,GL Handicraft & Tailoring,05/05/2016,"Jalan Tanxiang, Kuala Lumpur, Malaysia",9922.00,GL HANDICRAFT & TAIL ORING,20/03/2018,"19, JALAN KANCIL, OFF JALAN PUDU, 55100 KUALA LUMPUR MALAYSIA",102.00
X51008099043,raw_ocr,RESTORAN WAn SHENG,23-06-2018,002043319-W,unknown,RESTORAN WAN SHENG,23-06-2018,"NO.2, JALAN TEMENGGUNG 19/9, SEKSYEN 9, BANDAR MAHKOTA CHERAS, 43200 CHERAS, SELANGOR",4.60
X51008099043,raw_ocr_llm,Restoran Wan Sheng,23/06/2018,"Seksyen 9, Bandar Mahkota Cheras, 43200 Cheras, Selangor",4.60,RESTORAN WAN SHENG,23-06-2018,"NO.2, JALAN TEMENGGUNG 19/9, SEKSYEN 9, BANDAR MAHKOTA CHERAS, 43200 CHERAS, SELANGOR",4.60
X51008099043,multimodal_ocr,Restaurant Nangkotan Sheng - No 2 - Jalan Bandera Nangkotan Nangkotan Nangkotan Nangkotan Nangkotan Nangkotan Nangkotan Nangkotan Nangkotan Nangkotan Nangkotan Nangkotan Nangkotan Nangkotan Nangkotan Nangkotan Nangkotan Nangkotan Nangkotan Nangkotan Nangkotan Nangkotan Nangkotan Nangkotan Nangkotan Nangkotan Nangkotan Nangkotan Nangkotan Nangkotan Nangkotan Nangkotan Nangkotan Nangkotan Nangkotan Nangkotan Nangkotan Nangkotan Nangkotan Nangkotan Nangkotan Nangkotan Nangkotan Nangkotan Nangkotan Nangkotan Nangkotan Nangkotan Nangkotan Nangkotan Nangkotan Nangkotan Nangkotan Nangkotan Nangkotan Nangkotan Nangkotan Nangkotan Nangkotan Nangkotan Nangkotan Nangkotan Nangkotan Nangkotan Nangkotan Nangkotan Nangkotan Nangkotan Nangkotan Nangkotan Nangkotan Nangkotan Nangkotan Nangkotan Nangkotan Nangkotan Nangkotan Nangkotan Nangkotan Nangkotan Nangkotan Nangkotan Nangkotan Nangkotan Nangkotan Nangkotan Nangkotan Nangkotan Nangkotan Nangkotan Nangkotan Nangkotan Nangkotan Nangkotan Nangkotan Nangkotan Nangkotan Nangkotan Nangkotan Nangkotan Nangkotan Nangkotan Nangkotan Nangkotan Nangkotan Nangkotan Nangkotan Nangkotan Nangkotan Nangkotan Nangkotan Nangkotan Nangkotan Nangkotan Nangkotan Nangkotan Nangkotan Nangkotan Nangkotan Nangkotan Nangkotan Nangkotan Nangkotan Nangkotan Nangkotan Nangkotan Nangkotan Nangkotan Nangkotan Nangkotan Nangkotan Nangkotan Nangkotan Nangkotan Nangkotan Nangkotan Nangkotan Nangkotan Nangkotan Nangkotan Nangkotan Nangkotan Nangkotan Nangkotan Nangkotan Nangkotan Nangkotan Nangkotan Nangkotan Nangkotan Nangkotan Nangkotan Nangkotan Nangkotan Nangkotan Nangkotan Nangkotan Nangkotan Nangkotan Nangkotan Nangkotan Nangkotan Nangkotan Nangkotan Nangkotan Nangkotan Nangkotan Nangkotan Nangkotan Nangkotan Nangkotan Nangkotan Nangkotan Nangkotan Nangkotan Nangkotan Nangkotan Nangkotan Nangkotan Nangkotan Nangkotan Nangkotan Nangkotan Nangkotan Nangkotan Nangkotan Nangkotan Nangkotan Nangkotan Nangkotan Nangkotan Nangkotan Nangkotan Nangkotan Nangkotan Nangkotan Nangkotan Nangkotan Nangkotan Nangkotan Nangkotan Nangkotan Nangkotan Nangkotan Nangkotan Nangkotan Nangkotan Nangkotan Nangkotan Nangkotan Nangkotan Nangkotan Nangkotan Nangkotan Nangkotan Nangkotan Nangkotan Nangkotan Nangkotan Nangkotan Nangkotan Nangkotan Nangkotan Nangkotan Nangkotan Nangkotan Nangkotan Nangkotan Nangkotan Nangkotan Nangkotan Nangkotan Nangkotan Nangkotan Nangkotan Nangkotan Nangkotan Nangkotan Nangkotan Nangkotan Nangkotan Nangkotan Nangkotan Nangkotan Nangkotan Nangkotan Nangk,unknown,unknown,unknown,RESTORAN WAN SHENG,23-06-2018,"NO.2, JALAN TEMENGGUNG 19/9, SEKSYEN 9, BANDAR MAHKOTA CHERAS, 43200 CHERAS, SELANGOR",4.60
X51008099043,multimodal_ocr_llm,Restaurant Nangkotan Sheng,unknown,No 2 - Jalan Bandera Nangkotan,unknown,RESTORAN WAN SHENG,23-06-2018,"NO.2, JALAN TEMENGGUNG 19/9, SEKSYEN 9, BANDAR MAHKOTA CHERAS, 43200 CHERAS, SELANGOR",4.60
X51005663272,raw_ocr,3,04/12/17,1,2.40,WAHIN HARDWARE SDN BHD,04/12/17,"425, JALAN PAHANG, SETAPAK, 53000 KUALA LUMPUR.",42.40
X51005663272,raw_ocr_llm,Wahin Hardware Sdn Bhd,04/12/17,"425, Jalan Pahang, Setapak, 53000 Kuala Lumpur",42.40,WAHIN HARDWARE SDN BHD,04/12/17,"425, JALAN PAHANG, SETAPAK, 53000 KUALA LUMPUR.",42.40
X51005663272,multimodal_ocr,3/5/2012  2:00 PM,3/5/2012,unknown,unknown,WAHIN HARDWARE SDN BHD,04/12/17,"425, JALAN PAHANG, SETAPAK, 53000 KUALA LUMPUR.",42.40
X51005663272,multimodal_ocr_llm,unknown,03/05/2012,unknown,unknown,WAHIN HARDWARE SDN BHD,04/12/17,"425, JALAN PAHANG, SETAPAK, 53000 KUALA LUMPUR.",42.40
X51006349083,raw_ocr,CHA FOR TEA,19/04/2018,"1-1 , CENTRAL FARK",unknown,CHA FOR TEA,19/04/2018,"1-1, CENTRAL PARK , JALAN PJU5/13, DATARAN SUNWAY, 47810 KOTA DAMANSARA, SELANGOR",RM46.25
X51006349083,raw_ocr_llm,Cha For Tea,19/04/2018,"Jalan Batu Feringgi, Kota Damansara, Selangor",46.25,CHA FOR TEA,19/04/2018,"1-1, CENTRAL PARK , JALAN PJU5/13, DATARAN SUNWAY, 47810 KOTA DAMANSARA, SELANGOR",RM46.25
X51006349083,multimodal_ocr,unknown,unknown,unknown,unknown,CHA FOR TEA,19/04/2018,"1-1, CENTRAL PARK , JALAN PJU5/13, DATARAN SUNWAY, 47810 KOTA DAMANSARA, SELANGOR",RM46.25
X51006349083,multimodal_ocr_llm,unknown,unknown,unknown,unknown,CHA FOR TEA,19/04/2018,"1-1, CENTRAL PARK , JALAN PJU5/13, DATARAN SUNWAY, 47810 KOTA DAMANSARA, SELANGOR",RM46.25
X51007846388,raw_ocr,1oso72,unknown,18 Jun 2018 18.29,8.20,UNIHAKKA INTERNATIONAL SDN BHD,18 JUN 2018,"12, JALAN TAMPOI 7/4,KAWASAN PERINDUSTRIAN TAMPOI,81200 JOHOR BAHRU, JOHOR",RM8.20
X51007846388,raw_ocr_llm,UNIHAKKA INTERNATIONAL SDN BHD,18/06/2018,"12, Jalan Tampoi 7/4, Kawasan Perindustrian, Tampoi, 81200 Johor Bahru, Johor",8.20,UNIHAKKA INTERNATIONAL SDN BHD,18 JUN 2018,"12, JALAN TAMPOI 7/4,KAWASAN PERINDUSTRIAN TAMPOI,81200 JOHOR BAHRU, JOHOR",RM8.20
X51007846388,multimodal_ocr,"This is a receipt for a product purchased at a store called ""Umbrella"". The receipt shows that the customer paid $50.00 for the item.",unknown,unknown,unknown,UNIHAKKA INTERNATIONAL SDN BHD,18 JUN 2018,"12, JALAN TAMPOI 7/4,KAWASAN PERINDUSTRIAN TAMPOI,81200 JOHOR BAHRU, JOHOR",RM8.20
X51007846388,multimodal_ocr_llm,Umbrella,unknown,unknown,50.00,UNIHAKKA INTERNATIONAL SDN BHD,18 JUN 2018,"12, JALAN TAMPOI 7/4,KAWASAN PERINDUSTRIAN TAMPOI,81200 JOHOR BAHRU, JOHOR",RM8.20
X51005230605,raw_ocr,PEIROH BKT LANJAN SB,01/02/2018,Te] : 03-6156 8757,unknown,PETRON BKT LANJAN SB,01/02/2018,"KM 458.4 BKT LANJAN UTARA, L/RAYA UTARA SELATAN,SG BULOH 47000 SUNGAI BUL",4.90
X51005230605,raw_ocr_llm,Alserkam Enterprise,01/02/2018,"KM 458, BKT LANJAN UTARA, L/RAYA UTARA SELATAN, SG BULOH 47000 SUNGAI BUL",4.90,PETRON BKT LANJAN SB,01/02/2018,"KM 458.4 BKT LANJAN UTARA, L/RAYA UTARA SELATAN,SG BULOH 47000 SUNGAI BUL",4.90
X51005230605,multimodal_ocr,Petron Bt Llanan Buruan Enterprise Asesri Tan Sri Idris Jami Tan Sri Ibu Kedua Anwar Utara Bulan (01/02/2018),01/02/2018,unknown,unknown,PETRON BKT LANJAN SB,01/02/2018,"KM 458.4 BKT LANJAN UTARA, L/RAYA UTARA SELATAN,SG BULOH 47000 SUNGAI BUL",4.90
X51005230605,multimodal_ocr_llm,Tan Sri Idris Jami,01/02/2018,Petron Bt Llanan Buruan Enterprise Asesri Tan Sri Ibu Kedua Anwar Utara Bulan,unknown,PETRON BKT LANJAN SB,01/02/2018,"KM 458.4 BKT LANJAN UTARA, L/RAYA UTARA SELATAN,SG BULOH 47000 SUNGAI BUL",4.90
X51006619765,raw_ocr,MR: D.I.Y. (M) SDN BHD,41/2-51,Co-REG;860671-D,3.66,MR. D.I.Y. (M) SDN BHD,08-01-16,"LOT 1851-A & 1851-B, JALAN KPB 6, KAWASAN PERINDUSTRIAN BALAKONG, 43300 SERI KEMBANGAN, SELANGOR",RM 64.70
X51006619765,raw_ocr_llm,D.I.Y. (M) SDN BHD,08/01/16,"SERI KEMBANGAN, SELANGOR",64.70,MR. D.I.Y. (M) SDN BHD,08-01-16,"LOT 1851-A & 1851-B, JALAN KPB 6, KAWASAN PERINDUSTRIAN BALAKONG, 43300 SERI KEMBANGAN, SELANGOR",RM 64.70
X51006619765,multimodal_ocr,RS B 2B O KAOS MAMANDA,unknown,unknown,unknown,MR. D.I.Y. (M) SDN BHD,08-01-16,"LOT 1851-A & 1851-B, JALAN KPB 6, KAWASAN PERINDUSTRIAN BALAKONG, 43300 SERI KEMBANGAN, SELANGOR",RM 64.70
X51006619765,multimodal_ocr_llm,R S B 2 B O Kaos Mamanda,unknown,unknown,unknown,MR. D.I.Y. (M) SDN BHD,08-01-16,"LOT 1851-A & 1851-B, JALAN KPB 6, KAWASAN PERINDUSTRIAN BALAKONG, 43300 SERI KEMBANGAN, SELANGOR",RM 64.70
X51006619698,raw_ocr,"MR ,",25-01-16,Co-REG;860671-D,unknown,MR. D.I.Y. (M) SDN BHD,25-01-16,"LOT 1851-A & 1851-B, JALAN KPB 6, KAWASAN PERINDUSTRIAN BALAKONG, 43300 SERI KEMBANGAN, SELANGOR",RM 21.00
X51006619698,raw_ocr_llm,Daiya SDN BHD,25-01-16,"Lot 1851-B, Jalan KPB 6, Kawasan Perindustrian Balakong, 43300 Seri Kembangan, Selangor",21.00,MR. D.I.Y. (M) SDN BHD,25-01-16,"LOT 1851-A & 1851-B, JALAN KPB 6, KAWASAN PERINDUSTRIAN BALAKONG, 43300 SERI KEMBANGAN, SELANGOR",RM 21.00
X51006619698,multimodal_ocr,Mr. 1.1.1961 Mr. Red Regan Tan Johor Regan Pahang Lot 1881-1891 Johor Regan Pahang Klas Sarawak Johor Regan Pahang Klas Sarawak Johor Regan Pahang Klas Sarawak Johor Regan Pahang Klas Sarawak Johor Regan Pahang Klas Sarawak Johor Regan Pahang Klas Sarawak Johor Regan Pahang Klas Sarawak Johor Regan Pahang Klas Sarawak Johor Regan Pahang Klas Sarawak Johor Regan Pahang Klas Sarawak Johor Regan Pahang Klas Sarawak Johor Regan Pahang Klas Sarawak Johor Regan Pahang Klas Sarawak Johor Regan Pahang Klas Sarawak Johor Regan Pahang Klas Sarawak Johor Regan Pahang Klas Sarawak Johor Regan Pahang Klas Sarawak Johor Regan Pahang Klas Sarawak Johor Regan Pahang Klas Sarawak Johor Regan Pahang Klas Sarawak Johor Regan Pahang Klas Sarawak Johor Regan Pahang Klas Sarawak Johor Regan Pahang Klas Sarawak Johor Regan Pahang Klas Sarawak Johor Regan Pahang Klas Sarawak Johor Regan Pahang Klas Sarawak Johor Regan Pahang Klas Sarawak Johor Regan Pahang Klas Sarawak Johor Regan Pahang Klas Sarawak Johor Regan Pahang Klas Sarawak Johor Regan Pahang Klas Sarawak Johor Regan Pahang Klas Sarawak Johor Regan Pahang Klas Sarawak Johor Regan Pahang Klas Sarawak Johor Regan Pahang Klas Sarawak Johor Regan Pahang Klas Sarawak Johor Regan Pahang Klas Sarawak Johor Regan Pahang Klas Sarawak Johor Regan Pahang Klas Sarawak Johor Regan Pahang Klas Sarawak Johor Regan Pahang Klas Sarawak Johor Regan Pahang Klas Sarawak Johor Regan Pahang Klas Sarawak Johor Regan Pahang Klas Sarawak Johor Regan Pahang Klas Sarawak Johor Regan Pahang Klas Sarawak Johor Regan Pahang Klas Sarawak Johor Regan Pahang Klas Sarawak Johor Regan Pahang Klas Sarawak Johor Regan Pahang Klas Sarawak Johor Regan Pahang Klas Sarawak Johor Regan Pahang Klas Sarawak Johor Regan Pahang Klas Sarawak Johor Regan Pahang Klas Sarawak Johor Regan Pahang Klas Sarawak Johor Regan Pahang Klas Sarawak Johor Regan Pahang Klas Sarawak Johor Regan Pahang Klas Sarawak Johor Regan Pahang Klas Sarawak Johor Regan Pahang Klas Sarawak Johor Regan Pahang Klas Sarawak Johor Regan Pahang Klas Sarawak Johor Regan Pahang Klas Sarawak Johor Regan Pahang Klas Sarawak Johor Regan Pahang Klas Sarawak Johor Regan Pahang Klas Sarawak Johor Regan Pahang Klas Sarawak Johor Regan Pahang Klas Sarawak Johor Regan Pahang Klas Sarawak Johor Regan Pahang Klas Sarawak Johor Regan Pahang Klas Sarawak Johor Regan Pahang Klas Sarawak Johor Regan Pahang Klas Sarawak Johor Regan Pahang Klas Sarawak Johor Regan Pahang Klas Sarawak Johor Regan Pahang Klas Sarawak Johor Regan Pahang Klas Sarawak Johor Regan Pahang Klas Sarawak Johor Regan Pahang Klas Sarawak Johor Regan Pahang Klas Sarawak Johor Regan Pahang Klas Sarawak Johor Regan Pahang Klas Sarawak Johor Regan Pahang Klas Sarawak Johor Regan Pahang Klas Sarawak Johor Regan Pahang Klas Sarawak Johor Regan Pahang Klas Sarawak Johor Regan Pahang Klas Sarawak Johor Regan Pahang Klas Sarawak Johor Regan Pahang Klas Sarawak Johor Regan Pahang Klas Sarawak Johor Regan Pahang Klas Sarawak Johor Regan Pahang Klas Sarawak Johor Regan Pahang Klas Sarawak Johor Regan Pahang Klas Sarawak Johor Regan Pahang Klas Sarawak Johor Regan Pahang Klas Sarawak Johor Regan Pahang Klas Sarawak Johor Regan Pahang Klas Sarawak Johor Regan Pahang Klas Sarawak Johor Regan Pahang Klas Sarawak Johor Regan Pahang Klas Sarawak Johor Regan Pahang Klas Saraw,unknown,unknown,unknown,MR. D.I.Y. (M) SDN BHD,25-01-16,"LOT 1851-A & 1851-B, JALAN KPB 6, KAWASAN PERINDUSTRIAN BALAKONG, 43300 SERI KEMBANGAN, SELANGOR",RM 21.00
X51006619698,multimodal_ocr_llm,Red Regan Tan,01/01/1961,"Lot 1881-1891, Johor, Pahang, Klas Sarawak, Johor, Pahang",unknown,MR. D.I.Y. (M) SDN BHD,25-01-16,"LOT 1851-A & 1851-B, JALAN KPB 6, KAWASAN PERINDUSTRIAN BALAKONG, 43300 SERI KEMBANGAN, SELANGOR",RM 21.00
X51008123450,raw_ocr,"Sanjung Real iti Sdn, Bhd: (779763-K)",27/06/18,001751072768),2.00,SANJUNG REALITI SDN. BHD.,27/06/18,"CAR PARK OFFICE, BASEMENT 1, LABUHRAYA SPRINT, PJU6A, 47400 PETALING JAYA, SELANGOR",1.50
X51008123450,raw_ocr_llm,Sanjung Real Estate Sdn Bhd,27/06/2018,"Car Park Office, Besament 1, Lebuh Raya SPRIHT, PJU6a, 47400 Petaling Jaya, Selangor",2.50,SANJUNG REALITI SDN. BHD.,27/06/18,"CAR PARK OFFICE, BASEMENT 1, LABUHRAYA SPRINT, PJU6A, 47400 PETALING JAYA, SELANGOR",1.50
X51008123450,multimodal_ocr,unknown,unknown,unknown,unknown,SANJUNG REALITI SDN. BHD.,27/06/18,"CAR PARK OFFICE, BASEMENT 1, LABUHRAYA SPRINT, PJU6A, 47400 PETALING JAYA, SELANGOR",1.50
X51008123450,multimodal_ocr_llm,unknown,unknown,unknown,unknown,SANJUNG REALITI SDN. BHD.,27/06/18,"CAR PARK OFFICE, BASEMENT 1, LABUHRAYA SPRINT, PJU6A, 47400 PETALING JAYA, SELANGOR",1.50
X51005719893,raw_ocr,"Kr Dakgalbi Solaris ,",18-01-05,000417619968 President : Kang,"71,00",MR . DAKGALBI SOLARIS,2018-01-05,"NO.J-G-02, SOHO KI, SOLARIS MONT KIERA, 50 480 KL",71.00
X51005719893,raw_ocr_llm,Kr Dakgalbi Solaris,05/01/2018,"SoHo KI, Solaris Mont Kiara, 50 Jalan Kiara 5, Kuala Lumpur 48000 KL",71.00,MR . DAKGALBI SOLARIS,2018-01-05,"NO.J-G-02, SOHO KI, SOLARIS MONT KIERA, 50 480 KL",71.00
X51005719893,multimodal_ocr,Mr. Delgado Li Salis Elias 2/5/2013 President Kang Seling Seling's mont Kita Gita Seling's mont Seling's mont Seling's mont Seling's mont Seling's mont Seling's mont Seling's mont Seling's mont Seling's mont Seling's mont Seling's mont Seling's mont Seling's mont Seling's mont Seling's mont Seling's mont Seling's mont Seling's mont Seling's mont Seling's mont Seling's mont Seling's mont Seling's mont Seling's mont Seling's mont Seling's mont Seling's mont Seling's mont Seling's mont Seling's mont Seling's mont Seling's mont Seling's mont Seling's mont Seling's mont Seling's mont Seling's mont Seling's mont Seling's mont Seling's mont Seling's mont Seling's mont Seling's mont Seling's mont Seling's mont Seling's mont Seling's mont Seling's mont Seling's mont Seling's mont Seling's mont Seling's mont Seling's mont Seling's mont Seling's mont Seling's mont Seling's mont Seling's mont Seling's mont Seling's mont Seling's mont Seling's mont Seling's mont Seling's mont Seling's mont Seling's mont Seling's mont Seling's mont Seling's mont Seling's mont Seling's mont Seling's mont Seling's mont Seling's mont Seling's mont Seling's mont Seling's mont Seling's mont Seling's mont Seling's mont Seling's mont Seling's mont Seling's mont Seling's mont Seling's mont Seling's mont Seling's mont Seling's mont Seling's mont Seling's mont Seling's mont Seling's mont Seling's mont Seling's mont Seling's mont Seling's mont Seling's mont Seling's mont Seling's mont Seling's mont Seling's mont Seling's mont Seling's mont Seling's mont Seling's mont Seling's mont Seling's mont Seling's mont Seling's mont Seling's mont Seling's mont Seling's mont Seling's mont Seling's mont Seling's mont Seling's mont Seling's mont Seling's mont Seling's mont Seling's mont Seling's mont Seling's mont Seling's mont Seling's mont Seling's mont Seling's mont Seling's mont Seling's mont Seling's mont Seling's mont Seling's mont Seling's mont Seling's mont Seling's mont Seling's mont Seling's mont Seling's mont Seling's mont Seling's mont Seling's mont Seling's mont Seling's mont Seling's mont Seling's mont Seling's mont Seling's mont Seling's mont Seling's mont Seling's mont Seling's mont Seling's mont Seling's mont Seling's mont Seling's mont Seling's mont Seling's mont Seling's mont Seling's mont Seling's mont Seling's mont Seling's mont Seling's mont Seling's mont Seling's mont Seling's mont Seling's mont Seling's mont Seling's mont Seling's mont Seling's mont Seling's mont Seling's mont Seling's mont Seling's mont Seling's mont Seling's mont Seling's mont Seling's mont Seling's mont Seling's mont Seling's mont Seling's mont Seling's mont Seling's mont Seling's mont Seling's mont Seling's mont Seling's mont Seling's mont Seling's mont Seling's mont Seling's mont Seling's mont Seling's mont Seling's mont Seling's mont Seling's mont Seling's mont Seling's mont Seling's mont Seling's mont Seling's mont Seling's mont Seling's mont Seling's mont Seling's mont Seling's mont Seling's mont Seling's mont Seling's mont Seling's mont Seling's mont Seling's mont Seling's mont Seling's mont Seling's mont Seling's mont Seling's mont Seling's mont Seling's mont Seling's mont Seling's mont Seling's mont Seling's mont Seling's mont Seling's mont Seling's mont Seling's mont Seling's mont Seling's mont Seling's mont Seling's mont Seling's mont Seling's mont Seling's mont Seling's mont Seling's mont Seling's mont Seling's mont Seling's mont Seling's mont Seling's mont Seling's mont Seling's mont Seling's mont Seling's mont Seling's mont Seling's mont Seling's mont Seling's mont Seling's mont Seling's mont Seling's mont Seling's mont Seling's mont Seling's mont Seling's mont Seling's mont Seling's mont Seling's mont Seling's mont Seling's mont Seling's mont Seling's mont Seling's mont Seling's mont Seling's mont Seling's mont Seling's mont Seling's mont Seling's mont Seling's mont Seling's mont Seling's mont Seling's mont Seling's mont Seling's mont Seling's mont Seling's mont Seling's mont Seling's mont Seling's mont Seling's mont Seling's mont Seling's mont Seling's mont Seling's mont Seling's mont Seling's mont Seling's mont Seling's mont Seling's mont Seling's mont Seling's mont Seling's mont Seling's mont Seling's mont Seling's mont Seling's mont Seling's mont Seling's mont Seling's mont Seling's mont Seling's mont Seling's mont Seling's mont S,2/5/2013,unknown,unknown,MR . DAKGALBI SOLARIS,2018-01-05,"NO.J-G-02, SOHO KI, SOLARIS MONT KIERA, 50 480 KL",71.00
X51005719893,multimodal_ocr_llm,Seling's Mont,05/02/2013,"Kang Seling's Mont, Kita Gita",0.00,MR . DAKGALBI SOLARIS,2018-01-05,"NO.J-G-02, SOHO KI, SOLARIS MONT KIERA, 50 480 KL",71.00
X51006414532,raw_ocr,Ao4o36,6/4/2018,1122485-W,unknown,FREEDOM OPTIMUM SDN BHD,6/4/2018,"C1 SEAFRONT, BER JAYA WATERFRONT COMPLEX, 88 JALAN IBRAHIM SULTAN, STULANG LAUT 80300, JOHOR BAHRU, JOHOR.",98.00
X51006414532,raw_ocr_llm,GeoVenture,06/04/2018,"C1 Seafront, Ber Jaya Waterfront Complex, 88 Ibrahim Sultan Stulang Laut 80300 Johor Bahru; Johor",98.00,FREEDOM OPTIMUM SDN BHD,6/4/2018,"C1 SEAFRONT, BER JAYA WATERFRONT COMPLEX, 88 JALAN IBRAHIM SULTAN, STULANG LAUT 80300, JOHOR BAHRU, JOHOR.",98.00
X51006414532,multimodal_ocr,The Southern Store & Co. Ltd. - Tanah Lot Tanah Lot Tanah Lot Tanah Lot Tanah Lot Tanah Lot Tanah Lot Tanah Lot Tanah Lot Tanah Lot Tanah Lot Tanah Lot Tanah Lot Tanah Lot Tanah Lot Tanah Lot Tanah Lot Tanah Lot Tanah Lot Tanah Lot Tanah Lot Tanah Lot Tanah Lot Tanah Lot Tanah Lot Tanah Lot Tanah Lot Tanah Lot Tanah Lot Tanah Lot Tanah Lot Tanah Lot Tanah Lot Tanah Lot Tanah Lot Tanah Lot Tanah Lot Tanah Lot Tanah Lot Tanah Lot Tanah Lot Tanah Lot Tanah Lot Tanah Lot Tanah Lot Tanah Lot Tanah Lot Tanah Lot Tanah Lot Tanah Lot Tanah Lot Tanah Lot Tanah Lot Tanah Lot Tanah Lot Tanah Lot Tanah Lot Tanah Lot Tanah Lot Tanah Lot Tanah Lot Tanah Lot Tanah Lot Tanah Lot Tanah Lot Tanah Lot Tanah Lot Tanah Lot Tanah Lot Tanah Lot Tanah Lot Tanah Lot Tanah Lot Tanah Lot Tanah Lot Tanah Lot Tanah Lot Tanah Lot Tanah Lot Tanah Lot Tanah Lot Tanah Lot Tanah Lot Tanah Lot Tanah Lot Tanah Lot Tanah Lot Tanah Lot Tanah Lot Tanah Lot Tanah Lot Tanah Lot Tanah Lot Tanah Lot Tanah Lot Tanah Lot Tanah Lot Tanah Lot Tanah Lot Tanah Lot Tanah Lot Tanah Lot Tanah Lot Tanah Lot Tanah Lot Tanah Lot Tanah Lot Tanah Lot Tanah Lot Tanah Lot Tanah Lot Tanah Lot Tanah Lot Tanah Lot Tanah Lot Tanah Lot Tanah Lot Tanah Lot Tanah Lot Tanah Lot Tanah Lot Tanah Lot Tanah Lot Tanah Lot Tanah Lot Tanah Lot Tanah Lot Tanah Lot Tanah Lot Tanah Lot Tanah Lot Tanah Lot Tanah Lot Tanah Lot Tanah Lot Tanah Lot Tanah Lot Tanah Lot Tanah Lot Tanah Lot Tanah Lot Tanah Lot Tanah Lot Tanah Lot Tanah Lot Tanah Lot Tanah Lot Tanah Lot Tanah Lot Tanah Lot Tanah Lot Tanah Lot Tanah Lot Tanah Lot Tanah Lot Tanah Lot Tanah Lot Tanah Lot Tanah Lot Tanah Lot Tanah Lot Tanah Lot Tanah Lot Tanah Lot Tanah Lot Tanah Lot Tanah Lot Tanah Lot Tanah Lot Tanah Lot Tanah Lot Tanah Lot Tanah Lot Tanah Lot Tanah Lot Tanah Lot Tanah Lot Tanah Lot Tanah Lot Tanah Lot Tanah Lot Tanah Lot Tanah Lot Tanah Lot Tanah Lot Tanah Lot Tanah Lot Tanah Lot Tanah Lot Tanah Lot Tanah Lot Tanah Lot Tanah Lot Tanah Lot Tanah Lot Tanah Lot Tanah Lot Tanah Lot Tanah Lot Tanah Lot Tanah Lot Tanah Lot Tanah Lot Tanah Lot Tanah Lot Tanah Lot Tanah Lot Tanah Lot Tanah Lot Tanah Lot Tanah Lot Tanah Lot Tanah Lot Tanah Lot Tanah Lot Tanah Lot Tanah Lot Tanah Lot Tanah Lot Tanah Lot Tanah Lot Tanah Lot Tanah Lot Tanah Lot Tanah Lot Tanah Lot Tanah Lot Tanah Lot Tanah Lot Tanah Lot Tanah Lot Tanah Lot Tanah Lot Tanah Lot Tanah Lot Tanah Lot Tanah Lot Tanah Lot Tanah Lot Tanah Lot Tanah Lot Tanah Lot Tanah Lot Tanah Lot Tanah Lot Tanah Lot Tanah Lot Tanah Lot Tanah Lot Tanah Lot Tanah Lot Tanah Lot Tanah Lot Tanah Lot Tanah Lot Tanah Lot Tanah Lot Tanah Lot Tanah Lot Tanah Lot Tanah Lot Tanah Lot Tanah Lot Tanah Lot Tanah Lot Tanah Lot Tanah Lot Tanah Lot Tanah Lot Tanah Lot Tanah Lot Tanah Lot Tanah Lot Tanah Lot Tanah Lot Tanah Lot Tanah Lot Tanah Lot Tanah Lot Tanah Lot Tanah Lot Tanah Lot Tanah Lot Tanah Lot Tanah Lot Tanah Lot Tanah Lot Tanah Lot Tanah Lot Tanah Lot Tanah Lot Tanah Lot Tanah Lot Tanah Lot Tanah Lot Tanah Lot Tanah Lot Tanah Lot Tanah Lot Tanah Lot Tanah Lot Tanah Lot Tanah Lot Tanah Lot Tanah Lot Tanah Lot Tanah Lot Tanah Lot Tanah Lot Tanah Lot Tanah Lot Tanah Lot Tanah Lot Tanah Lot Tanah Lot Tanah Lot Tanah Lot Tanah Lot Tanah Lot Tanah Lot Tanah Lot Tanah Lot Tanah Lot Tanah Lot Tanah Lot Tanah Lot Tanah Lot Tanah Lot Tanah Lot Tanah Lot Tanah Lot Tanah Lot Tanah Lot Tanah Lot Tanah Lot Tanah Lot Tanah Lot Tanah Lot Tanah Lot Tanah Lot Tanah Lot Tanah Lot Tanah Lot Tanah Lot Tanah Lot Tanah Lot Tanah Lot Tanah Lot Tanah Lot Tanah Lot Tanah Lot Tanah Lot Tanah Lot Tanah Lot Tanah Lot Tanah Lot Tanah Lot Tanah Lot Tanah Lot Tanah Lot Tanah Lot Tanah Lot Tanah Lot Tanah Lot Tanah Lot Tanah Lot Tanah Lot Tanah Lot Tanah Lot Tanah Lot Tanah Lot Tanah Lot Tanah Lot Tanah Lot Tanah Lot Tanah Lot Tanah Lot Tanah Lot Tanah Lot Tanah Lot Tanah Lot Tanah Lot Tanah Lot Tanah Lot Tanah Lot Tanah Lot Tanah Lot Tanah Lot Tanah Lot Tanah Lot Tanah Lot Tanah Lot Tanah Lot Tanah Lot Tanah Lot Tanah Lot Tanah Lot Tanah Lot Tanah Lot Tanah Lot Tanah Lot Tanah Lot Tanah Lot Tanah Lot Tanah Lot Tanah Lot Tanah Lot Tanah Lot Tanah Lot Tanah Lot Tanah Lot Tanah Lot Tanah Lot Tanah,unknown,unknown,unknown,FREEDOM OPTIMUM SDN BHD,6/4/2018,"C1 SEAFRONT, BER JAYA WATERFRONT COMPLEX, 88 JALAN IBRAHIM SULTAN, STULANG LAUT 80300, JOHOR BAHRU, JOHOR.",98.00
X51006414532,multimodal_ocr_llm,The Southern Store & Co. Ltd.,unknown,Tanah Lot,unknown,FREEDOM OPTIMUM SDN BHD,6/4/2018,"C1 SEAFRONT, BER JAYA WATERFRONT COMPLEX, 88 JALAN IBRAHIM SULTAN, STULANG LAUT 80300, JOHOR BAHRU, JOHOR.",98.00
X51005719914,raw_ocr,"MR ,",unknown,750441-W),unknown,MR. D. I. Y. (KUCHAI) SDN BHD,16-03-18,"LOT 1851-A & 1851-B, JALAN KPB 6, KAWASAN PERINDUSTRIAN BALAKONG, 43300 SERI KEMBANGAN, SELANGOR",53.30
X51005719914,raw_ocr_llm,"Tesco Menjalara Kepong, HQ",16/03,"Jalan KP6, Kawasan Perindustrian Balakong, 43300 Seri Kembangan, Selangor",53.30,MR. D. I. Y. (KUCHAI) SDN BHD,16-03-18,"LOT 1851-A & 1851-B, JALAN KPB 6, KAWASAN PERINDUSTRIAN BALAKONG, 43300 SERI KEMBANGAN, SELANGOR",53.30
X51005719914,multimodal_ocr,1. Mr. EI. J. Lee Tan Sri Tan Sri Tan Sri Tan Sri Tan Sri Tan Sri Tan Sri Tan Sri Tan Sri Tan Sri Tan Sri Tan Sri Tan Sri Tan Sri Tan Sri Tan Sri Tan Sri Tan Sri Tan Sri Tan Sri Tan Sri Tan Sri Tan Sri Tan Sri Tan Sri Tan Sri Tan Sri Tan Sri Tan Sri Tan Sri Tan Sri Tan Sri Tan Sri Tan Sri Tan Sri Tan Sri Tan Sri Tan Sri Tan Sri Tan Sri Tan Sri Tan Sri Tan Sri Tan Sri Tan Sri Tan Sri Tan Sri Tan Sri Tan Sri Tan Sri Tan Sri Tan Sri Tan Sri Tan Sri Tan Sri Tan Sri Tan Sri Tan Sri Tan Sri Tan Sri Tan Sri Tan Sri Tan Sri Tan Sri Tan Sri Tan Sri Tan Sri Tan Sri Tan Sri Tan Sri Tan Sri Tan Sri Tan Sri Tan Sri Tan Sri Tan Sri Tan Sri Tan Sri Tan Sri Tan Sri Tan Sri Tan Sri Tan Sri Tan Sri Tan Sri Tan Sri Tan Sri Tan Sri Tan Sri Tan Sri Tan Sri Tan Sri Tan Sri Tan Sri Tan Sri Tan Sri Tan Sri Tan Sri Tan Sri Tan Sri Tan Sri Tan Sri Tan Sri Tan Sri Tan Sri Tan Sri Tan Sri Tan Sri Tan Sri Tan Sri Tan Sri Tan Sri Tan Sri Tan Sri Tan Sri Tan Sri Tan Sri Tan Sri Tan Sri Tan Sri Tan Sri Tan Sri Tan Sri Tan Sri Tan Sri Tan Sri Tan Sri Tan Sri Tan Sri Tan Sri Tan Sri Tan Sri Tan Sri Tan Sri Tan Sri Tan Sri Tan Sri Tan Sri Tan Sri Tan Sri Tan Sri Tan Sri Tan Sri Tan Sri Tan Sri Tan Sri Tan Sri Tan Sri Tan Sri Tan Sri Tan Sri Tan Sri Tan Sri Tan Sri Tan Sri Tan Sri Tan Sri Tan Sri Tan Sri Tan Sri Tan Sri Tan Sri Tan Sri Tan Sri Tan Sri Tan Sri Tan Sri Tan Sri Tan Sri Tan Sri Tan Sri Tan Sri Tan Sri Tan Sri Tan Sri Tan Sri Lanka,unknown,unknown,unknown,MR. D. I. Y. (KUCHAI) SDN BHD,16-03-18,"LOT 1851-A & 1851-B, JALAN KPB 6, KAWASAN PERINDUSTRIAN BALAKONG, 43300 SERI KEMBANGAN, SELANGOR",53.30
X51005719914,multimodal_ocr_llm,EI. J. Lee,unknown,Tan Sri Tan Sri Tan Sri Tan Sri Tan Sri Tan Sri Tan Sri Tan Sri Tan Sri Tan Sri Tan Sri Tan Sri Tan Sri Tan Sri Tan Sri Tan Sri Tan Sri Tan Sri Tan Sri Tan Sri Tan Sri Tan Sri Tan Sri Tan Sri Tan Sri Tan Sri Tan Sri Tan Sri Tan Sri Tan Sri Tan Sri Tan Sri Tan Sri Tan Sri Tan Sri Tan Sri Tan Sri Tan Sri Tan Sri Tan Sri Lanka,unknown,MR. D. I. Y. (KUCHAI) SDN BHD,16-03-18,"LOT 1851-A & 1851-B, JALAN KPB 6, KAWASAN PERINDUSTRIAN BALAKONG, 43300 SERI KEMBANGAN, SELANGOR",53.30
X51005745213,raw_ocr,Mun XeNG ELECTRICAL &,01/02/2018,(AQC: 001960460-U),unknown,MUN HENG ELECTRICAL & HARDWARE SUPPLY,01/02/2018,"NO.52, JALAN BULAN U5/BT, BANDAR PINGGLRAN SUBANG, SUNGAL BULOH, 40150 SHAH ALAM, SEL.",7.00
X51005745213,raw_ocr_llm,Mun XeNG ELECTRICAL & HARDWARE SUPPLY,01/02/2018,"No.52, Jalan Bulan USA, Bandar PIngyiran Subang, Sungal Buloh, 40150 Shah Alam, Sel.",16.22,MUN HENG ELECTRICAL & HARDWARE SUPPLY,01/02/2018,"NO.52, JALAN BULAN U5/BT, BANDAR PINGGLRAN SUBANG, SUNGAL BULOH, 40150 SHAH ALAM, SEL.",7.00
X51005745213,multimodal_ocr,"1. PUB. HEARS ELECTRICAL & HARDWARE SUPPLY CO.,Ltd. (Pt.) PM 098987626",unknown,unknown,unknown,MUN HENG ELECTRICAL & HARDWARE SUPPLY,01/02/2018,"NO.52, JALAN BULAN U5/BT, BANDAR PINGGLRAN SUBANG, SUNGAL BULOH, 40150 SHAH ALAM, SEL.",7.00
X51005745213,multimodal_ocr_llm,PUB HEARS ELECTRICAL & HARDWARE SUPPLY CO LTD,unknown,unknown,unknown,MUN HENG ELECTRICAL & HARDWARE SUPPLY,01/02/2018,"NO.52, JALAN BULAN U5/BT, BANDAR PINGGLRAN SUBANG, SUNGAL BULOH, 40150 SHAH ALAM, SEL.",7.00
